Codigo_Municipio;Nome_Municipio;Sigla_Estado;Sigla_Regiao;Area_Municipio;Capital;Altitude_Municipio;Longitude_Municipio;Latitude_Municipio
1100015;Alta Floresta D'Oeste;RO;N;7109.8;False;;-61.9953;-11.9283
1100023;Ariquemes;RO;N;4456.1;False;;-63.0325;-9.90571
1100031;Cabixi;RO;N;1322.0;False;;-60.552;-13.4945
1100049;Cacoal;RO;N;3815.6;False;;-61.4562;-11.4343
1100056;Cerejeiras;RO;N;2800.9;False;;-60.8168;-13.187
1100064;Colorado do Oeste;RO;N;1459.9;False;;-60.5454;-13.1174
1100072;Corumbiara;RO;N;3077.9;False;;-60.8947;-12.9551
1100080;Costa Marques;RO;N;5015.5;False;;-64.228;-12.4367
1100098;Espigão D'Oeste;RO;N;4548.7;False;;-61.0252;-11.5266
1100106;Guajará-Mirim;RO;N;25007.3;False;;-65.3296;-10.7889
1100114;Jaru;RO;N;2962.9;False;;-62.4788;-10.4318
1100122;Ji-Paraná;RO;N;6937.4;False;;-61.9322;-10.8777
1100130;Machadinho D'Oeste;RO;N;8563.5;False;;-61.9818;-9.44363
1100148;Nova Brasilândia D'Oeste;RO;N;1162.7;False;;-62.3127;-11.7247
1100155;Ouro Preto do Oeste;RO;N;1983.9;False;;-62.2565;-10.7167
1100189;Pimenta Bueno;RO;N;6276.0;False;;-61.198;-11.672
1100205;Porto Velho;RO;N;34303.2;True;;-63.8999;-8.76077
1100254;Presidente Médici;RO;N;1768.6;False;;-61.8986;-11.169
1100262;Rio Crespo;RO;N;1732.7;False;;-62.9011;-9.69965
1100288;Rolim de Moura;RO;N;1467.1;False;;-61.7714;-11.7271
1100296;Santa Luzia D'Oeste;RO;N;1204.0;False;;-61.7777;-11.9074
1100304;Vilhena;RO;N;11589.5;False;;-60.1488;-12.7502
1100320;São Miguel do Guaporé;RO;N;8057.4;False;;-62.7192;-11.6953
1100338;Nova Mamoré;RO;N;10136.4;False;;-65.3346;-10.4077
1100346;Alvorada D'Oeste;RO;N;3046.7;False;;-62.2847;-11.3463
1100379;Alto Alegre dos Parecis;RO;N;3982.9;False;;-61.835;-12.132
1100403;Alto Paraíso;RO;N;2665.1;False;;-63.3188;-9.71429
1100452;Buritis;RO;N;3288.0;False;;-63.8324;-10.1943
1100502;Novo Horizonte do Oeste;RO;N;849.2;False;;-61.9951;-11.6961
1100601;Cacaulândia;RO;N;1974.2;False;;-62.9043;-10.349
1100700;Campo Novo de Rondônia;RO;N;3464.6;False;;-63.6266;-10.5712
1100809;Candeias do Jamari;RO;N;6886.5;False;;-63.7005;-8.7907
1100908;Castanheiras;RO;N;898.7;False;;-61.9482;-11.4253
1100924;Chupinguaia;RO;N;5160.1;False;;-60.8877;-12.5611
1100940;Cujubim;RO;N;3887.1;False;;-62.5846;-9.36065
1101005;Governador Jorge Teixeira;RO;N;5099.6;False;;-62.7371;-10.61
1101104;Itapuã do Oeste;RO;N;4108.4;False;;-63.1809;-9.19687
1101203;Ministro Andreazza;RO;N;803.1;False;;-61.5174;-11.196
1101302;Mirante da Serra;RO;N;1199.5;False;;-62.6696;-11.029
1101401;Monte Negro;RO;N;1942.2;False;;-63.29;-10.2458
1101435;Nova União;RO;N;812.1;False;;-62.5564;-10.9068
1101450;Parecis;RO;N;2563.6;False;;-61.6032;-12.1754
1101468;Pimenteiras do Oeste;RO;N;6051.6;False;;-61.0471;-13.4823
1101476;Primavera de Rondônia;RO;N;609.8;False;;-61.3153;-11.8295
1101484;São Felipe D'Oeste;RO;N;546.0;False;;-61.5026;-11.9023
1101492;São Francisco do Guaporé;RO;N;11028.4;False;;-63.568;-12.052
1101500;Seringueiras;RO;N;3797.6;False;;-63.0182;-11.8055
1101559;Teixeirópolis;RO;N;463.2;False;;-62.242;-10.9056
1101609;Theobroma;RO;N;2208.8;False;;-62.3538;-10.2483
1101708;Urupá;RO;N;837.7;False;;-62.3639;-11.1261
1101757;Vale do Anari;RO;N;3156.5;False;;-62.1876;-9.86215
1101807;Vale do Paraíso;RO;N;971.3;False;;-62.1352;-10.4465
1200013;Acrelândia;AC;N;1846.0;False;;-66.8972;-9.82581
1200054;Assis Brasil;AC;N;5022.9;False;;-69.5738;-10.9298
1200104;Brasiléia;AC;N;3952.7;False;;-68.7497;-10.995
1200138;Bujari;AC;N;3033.1;False;;-67.955;-9.81528
1200179;Capixaba;AC;N;1722.2;False;;-67.686;-10.566
1200203;Cruzeiro do Sul;AC;N;8796.1;False;;-72.6756;-7.62762
1200252;Epitaciolândia;AC;N;1661.7;False;;-68.7341;-11.0188
1200302;Feijó;AC;N;28182.4;False;;-70.351;-8.17054
1200328;Jordão;AC;N;5412.1;False;;-71.9503;-9.1908
1200336;Mâncio Lima;AC;N;5487.3;False;;-72.8997;-7.61657
1200344;Manoel Urbano;AC;N;10785.0;False;;-69.2679;-8.83291
1200351;Marechal Thaumaturgo;AC;N;8220.6;False;;-72.7997;-8.93898
1200385;Plácido de Castro;AC;N;1949.7;False;;-67.1371;-10.2806
1200393;Porto Walter;AC;N;6369.9;False;;-72.7537;-8.26323
1200401;Rio Branco;AC;N;8897.9;True;;-67.8243;-9.97499
1200427;Rodrigues Alves;AC;N;3095.9;False;;-72.661;-7.73864
1200435;Santa Rosa do Purus;AC;N;6144.2;False;;-70.4902;-9.44652
1200450;Senador Guiomard;AC;N;2336.4;False;;-67.7362;-10.1497
1200500;Sena Madureira;AC;N;23912.9;False;;-68.6571;-9.06596
1200609;Tarauacá;AC;N;20361.8;False;;-70.7722;-8.15697
1200708;Xapuri;AC;N;5379.0;False;;-68.4969;-10.6516
1200807;Porto Acre;AC;N;2647.0;False;;-67.5478;-9.58138
1300029;Alvarães;AM;N;5950.9;False;;-64.8007;-3.22727
1300060;Amaturá;AM;N;4787.2;False;;-68.2005;-3.37455
1300086;Anamã;AM;N;2468.0;False;;-61.3963;-3.56697
1300102;Anori;AM;N;5833.1;False;;-61.6575;-3.74603
1300144;Apuí;AM;N;54598.1;False;;-59.896;-7.19409
1300201;Atalaia do Norte;AM;N;76854.2;False;;-70.1967;-4.37055
1300300;Autazes;AM;N;7651.5;False;;-59.1256;-3.58574
1300409;Barcelos;AM;N;123305.2;False;;-62.9311;-0.983373
1300508;Barreirinha;AM;N;5790.0;False;;-57.0679;-2.79886
1300607;Benjamin Constant;AM;N;8850.9;False;;-70.0342;-4.37768
1300631;Beruri;AM;N;17365.6;False;;-61.3616;-3.89874
1300680;Boa Vista do Ramos;AM;N;2600.6;False;;-57.5873;-2.97409
1300706;Boca do Acre;AM;N;22087.0;False;;-67.3919;-8.74232
1300805;Borba;AM;N;44536.5;False;;-59.5874;-4.39154
1300839;Caapiranga;AM;N;9524.1;False;;-61.2206;-3.31537
1300904;Canutama;AM;N;30013.6;False;;-64.3953;-6.52582
1301001;Carauari;AM;N;25941.6;False;;-66.9086;-4.88161
1301100;Careiro;AM;N;6132.6;False;;-60.369;-3.76803
1301159;Careiro da Várzea;AM;N;2646.6;False;;-59.5557;-3.314
1301209;Coari;AM;N;58303.9;False;;-63.1441;-4.09412
1301308;Codajás;AM;N;18838.1;False;;-62.0658;-3.83053
1301407;Eirunepé;AM;N;15109.4;False;;-69.8662;-6.65677
1301506;Envira;AM;N;7551.2;False;;-70.0281;-7.43789
1301605;Fonte Boa;AM;N;12190.5;False;;-66.0942;-2.52342
1301654;Guajará;AM;N;7627.6;False;;-72.5907;-7.53797
1301704;Humaitá;AM;N;33283.4;False;;-63.0327;-7.51171
1301803;Ipixuna;AM;N;12122.9;False;;-71.6934;-7.04791
1301852;Iranduba;AM;N;2230.1;False;;-60.19;-3.27479
1301902;Itacoatiara;AM;N;8955.4;False;;-58.4449;-3.13861
1301951;Itamarati;AM;N;25444.9;False;;-68.2437;-6.43852
1302009;Itapiranga;AM;N;4259.5;False;;-58.0293;-2.74081
1302108;Japurá;AM;N;56170.7;False;;-66.9291;-1.88237
1302207;Juruá;AM;N;19529.4;False;;-66.0718;-3.48438
1302306;Jutaí;AM;N;70013.9;False;;-66.7595;-2.75814
1302405;Lábrea;AM;N;68678.3;False;;-64.7948;-7.26413
1302504;Manacapuru;AM;N;7376.7;False;;-60.6216;-3.29066
1302553;Manaquiri;AM;N;4001.0;False;;-60.4612;-3.44078
1302603;Manaus;AM;N;11481.0;True;;-60.0212;-3.11866
1302702;Manicoré;AM;N;48599.1;False;;-61.2895;-5.80462
1302801;Maraã;AM;N;17019.1;False;;-65.573;-1.85313
1302900;Maués;AM;N;40253.0;False;;-57.7067;-3.39289
1303007;Nhamundá;AM;N;14197.7;False;;-56.7112;-2.20793
1303106;Nova Olinda do Norte;AM;N;5645.2;False;;-59.094;-3.90037
1303205;Novo Airão;AM;N;38020.3;False;;-60.9434;-2.63637
1303304;Novo Aripuanã;AM;N;41458.2;False;;-60.3732;-5.12593
1303403;Parintins;AM;N;5991.3;False;;-56.729;-2.63741
1303502;Pauini;AM;N;41880.2;False;;-66.992;-7.71311
1303536;Presidente Figueiredo;AM;N;25598.8;False;;-60.0234;-2.02981
1303569;Rio Preto da Eva;AM;N;5849.6;False;;-59.6858;-2.7045
1303601;Santa Isabel do Rio Negro;AM;N;63268.4;False;;-65.0092;-0.410824
1303700;Santo Antônio do Içá;AM;N;12392.1;False;;-67.9463;-3.09544
1303809;São Gabriel da Cachoeira;AM;N;109917.2;False;;-67.084;-0.11909
1303908;São Paulo de Olivença;AM;N;19880.0;False;;-68.9646;-3.47292
1303957;São Sebastião do Uatumã;AM;N;10811.5;False;;-57.8731;-2.55915
1304005;Silves;AM;N;3771.9;False;;-58.248;-2.81748
1304062;Tabatinga;AM;N;3243.8;False;;-69.9383;-4.2416
1304104;Tapauá;AM;N;89912.9;False;;-63.1808;-5.62085
1304203;Tefé;AM;N;23861.9;False;;-64.7193;-3.36822
1304237;Tonantins;AM;N;6474.4;False;;-67.7919;-2.86582
1304260;Uarini;AM;N;10312.9;False;;-65.1133;-2.99609
1304302;Urucará;AM;N;28090.3;False;;-57.7538;-2.52936
1304401;Urucurituba;AM;N;2929.0;False;;-58.1496;-3.12841
1400027;Amajari;RR;N;28662.8;False;;-61.3692;3.64571
1400050;Alto Alegre;RR;N;25736.9;False;;-61.3072;2.98858
1400100;Boa Vista;RR;N;5725.7;True;;-60.6753;2.82384
1400159;Bonfim;RR;N;8149.8;False;;-59.8333;3.36161
1400175;Cantá;RR;N;7716.6;False;;-60.6058;2.60994
1400209;Caracaraí;RR;N;47727.5;False;;-61.1304;1.82766
1400233;Caroebe;RR;N;12149.0;False;;-59.6959;0.884203
1400282;Iracema;RR;N;14210.0;False;;-61.0415;2.18305
1400308;Mucajaí;RR;N;12838.5;False;;-60.9096;2.43998
1400407;Normandia;RR;N;7010.7;False;;-59.6204;3.8853
1400456;Pacaraima;RR;N;8080.0;False;;-61.1477;4.4799
1400472;Rorainópolis;RR;N;33819.7;False;;-60.4389;0.939956
1400506;São João da Baliza;RR;N;4312.1;False;;-59.9133;0.951659
1400605;São Luiz;RR;N;1539.0;False;;-60.0419;1.01019
1400704;Uiramutã;RR;N;8122.2;False;;-60.1815;4.60314
1500107;Abaetetuba;PA;N;1621.5;False;;-48.8788;-1.72183
1500131;Abel Figueiredo;PA;N;618.1;False;;-48.3933;-4.95333
1500206;Acará;PA;N;4370.0;False;;-48.1985;-1.95383
1500305;Afuá;PA;N;8425.5;False;;-50.3861;-0.154874
1500347;Água Azul do Norte;PA;N;7157.7;False;;-50.4791;-6.79053
1500404;Alenquer;PA;N;22434.6;False;;-54.7384;-1.94623
1500503;Almeirim;PA;N;73447.4;False;;-52.5788;-1.52904
1500602;Altamira;PA;N;160568.3;False;;-52.21;-3.20407
1500701;Anajás;PA;N;6969.7;False;;-49.9354;-0.996811
1500800;Ananindeua;PA;N;185.5;False;;-48.3743;-1.36391
1500859;Anapu;PA;N;11976.5;False;;-51.2003;-3.46985
1500909;Augusto Corrêa;PA;N;1096.7;False;;-46.6147;-1.05109
1500958;Aurora do Pará;PA;N;1825.9;False;;-47.5677;-2.14898
1501006;Aveiro;PA;N;17192.6;False;;-55.3199;-3.60841
1501105;Bagre;PA;N;4422.7;False;;-50.1987;-1.90057
1501204;Baião;PA;N;3782.9;False;;-49.6694;-2.79021
1501253;Bannach;PA;N;2978.5;False;;-50.3959;-7.34779
1501303;Barcarena;PA;N;1319.8;False;;-48.6195;-1.51187
1501402;Belém;PA;N;1072.9;True;;-48.4898;-1.4554
1501451;Belterra;PA;N;4428.1;False;;-54.9374;-2.63609
1501501;Benevides;PA;N;189.4;False;;-48.2434;-1.36183
1501576;Bom Jesus do Tocantins;PA;N;2834.2;False;;-48.6047;-5.0424
1501600;Bonito;PA;N;590.5;False;;-47.3066;-1.36745
1501709;Bragança;PA;N;2103.7;False;;-46.7826;-1.06126
1501725;Brasil Novo;PA;N;6408.9;False;;-52.534;-3.29792
1501758;Brejo Grande do Araguaia;PA;N;1294.9;False;;-48.4103;-5.69822
1501782;Breu Branco;PA;N;3966.7;False;;-49.5735;-3.77191
1501808;Breves;PA;N;9619.6;False;;-50.4791;-1.68036
1501907;Bujaru;PA;N;1011.5;False;;-48.0381;-1.51762
1501956;Cachoeira do Piriá;PA;N;2460.1;False;;-46.5459;-1.75974
1502004;Cachoeira do Arari;PA;N;3123.8;False;;-48.9503;-1.01226
1502103;Cametá;PA;N;3101.4;False;;-49.4979;-2.24295
1502152;Canaã dos Carajás;PA;N;3170.3;False;;-49.8776;-6.49659
1502202;Capanema;PA;N;618.7;False;;-47.1778;-1.20529
1502301;Capitão Poço;PA;N;2923.8;False;;-47.0629;-1.74785
1502400;Castanhal;PA;N;1035.5;False;;-47.9167;-1.29797
1502509;Chaves;PA;N;13169.0;False;;-49.987;-0.164154
1502608;Colares;PA;N;613.6;False;;-48.2803;-0.936423
1502707;Conceição do Araguaia;PA;N;5867.5;False;;-49.2689;-8.26136
1502756;Concórdia do Pará;PA;N;695.9;False;;-47.9422;-1.99238
1502764;Cumaru do Norte;PA;N;17195.7;False;;-50.7698;-7.81097
1502772;Curionópolis;PA;N;2383.8;False;;-49.6068;-6.09965
1502806;Curralinho;PA;N;3641.6;False;;-49.7952;-1.81179
1502855;Curuá;PA;N;1440.2;False;;-55.1168;-1.88775
1502905;Curuçá;PA;N;674.4;False;;-47.8515;-0.733214
1502939;Dom Eliseu;PA;N;5301.5;False;;-47.8245;-4.19944
1502954;Eldorado do Carajás;PA;N;2977.8;False;;-49.3553;-6.10389
1503002;Faro;PA;N;11847.0;False;;-56.7405;-2.16805
1503044;Floresta do Araguaia;PA;N;3466.9;False;;-49.7125;-7.55335
1503077;Garrafão do Norte;PA;N;1609.5;False;;-47.0505;-1.92986
1503093;Goianésia do Pará;PA;N;7068.6;False;;-49.0974;-3.84338
1503101;Gurupá;PA;N;8599.7;False;;-51.6338;-1.41412
1503200;Igarapé-Açu;PA;N;790.1;False;;-47.626;-1.12539
1503309;Igarapé-Miri;PA;N;2010.3;False;;-48.9575;-1.97533
1503408;Inhangapi;PA;N;476.5;False;;-47.9114;-1.4349
1503457;Ipixuna do Pará;PA;N;5250.9;False;;-47.5059;-2.55992
1503507;Irituia;PA;N;1387.5;False;;-47.446;-1.76984
1503606;Itaituba;PA;N;62443.2;False;;-55.9926;-4.2667
1503705;Itupiranga;PA;N;7933.2;False;;-49.3358;-5.13272
1503754;Jacareacanga;PA;N;53653.7;False;;-57.7544;-6.21469
1503804;Jacundá;PA;N;2020.3;False;;-49.1153;-4.44617
1503903;Juruti;PA;N;8357.0;False;;-56.0889;-2.16347
1504000;Limoeiro do Ajuru;PA;N;1500.2;False;;-49.3903;-1.8985
1504059;Mãe do Rio;PA;N;471.9;False;;-47.5601;-2.05683
1504109;Magalhães Barata;PA;N;327.1;False;;-47.6014;-0.803391
1504208;Marabá;PA;N;15224.3;False;;-49.1327;-5.38075
1504307;Maracanã;PA;N;861.1;False;;-47.452;-0.778899
1504406;Marapanim;PA;N;796.4;False;;-47.7034;-0.714702
1504422;Marituba;PA;N;103.9;False;;-48.3421;-1.36002
1504455;Medicilândia;PA;N;8326.5;False;;-52.8875;-3.44637
1504505;Melgaço;PA;N;6818.7;False;;-50.7149;-1.8032
1504604;Mocajuba;PA;N;875.8;False;;-49.5042;-2.5831
1504703;Moju;PA;N;9156.7;False;;-48.7668;-1.88993
1504752;Mojuí dos Campos;PA;N;;False;;-54.6425;-2.6822
1504802;Monte Alegre;PA;N;19647.2;False;;-54.0724;-1.99768
1504901;Muaná;PA;N;3789.4;False;;-49.2224;-1.53936
1504950;Nova Esperança do Piriá;PA;N;2826.8;False;;-46.9731;-2.26693
1504976;Nova Ipixuna;PA;N;1574.8;False;;-49.0822;-4.91622
1505007;Nova Timboteua;PA;N;492.9;False;;-47.3921;-1.20874
1505031;Novo Progresso;PA;N;38415.3;False;;-55.3786;-7.14347
1505064;Novo Repartimento;PA;N;15501.6;False;;-49.9499;-4.24749
1505106;Óbidos;PA;N;28205.2;False;;-55.5208;-1.90107
1505205;Oeiras do Pará;PA;N;3879.4;False;;-49.8628;-2.00358
1505304;Oriximiná;PA;N;108332.3;False;;-55.8579;-1.75989
1505403;Ourém;PA;N;565.6;False;;-47.1126;-1.54168
1505437;Ourilândia do Norte;PA;N;14435.9;False;;-51.0858;-6.7529
1505486;Pacajá;PA;N;11910.2;False;;-50.6399;-3.83542
1505494;Palestina do Pará;PA;N;987.6;False;;-48.3181;-5.74027
1505502;Paragominas;PA;N;19472.8;False;;-47.3527;-3.00212
1505536;Parauapebas;PA;N;7001.2;False;;-49.9037;-6.06781
1505551;Pau d'Arco;PA;N;1681.2;False;;-46.9268;-1.59772
1505601;Peixe-Boi;PA;N;454.5;False;;-47.324;-1.19382
1505635;Piçarra;PA;N;3332.2;False;;-48.8716;-6.43778
1505650;Placas;PA;N;7221.2;False;;-54.2124;-3.86813
1505700;Ponta de Pedras;PA;N;3388.6;False;;-48.8661;-1.39587
1505809;Portel;PA;N;25558.6;False;;-50.8194;-1.93639
1505908;Porto de Moz;PA;N;17538.6;False;;-52.2361;-1.74691
1506005;Prainha;PA;N;14884.8;False;;-53.4779;-1.798
1506104;Primavera;PA;N;261.1;False;;-47.1253;-0.945439
1506112;Quatipuru;PA;N;325.8;False;;-47.0134;-0.899604
1506138;Redenção;PA;N;3846.9;False;;-50.0317;-8.02529
1506161;Rio Maria;PA;N;4138.8;False;;-50.0379;-7.31236
1506187;Rondon do Pará;PA;N;8302.8;False;;-48.067;-4.77793
1506195;Rurópolis;PA;N;7070.4;False;;-54.9092;-4.10028
1506203;Salinópolis;PA;N;219.7;False;;-47.3465;-0.630815
1506302;Salvaterra;PA;N;1050.9;False;;-48.5139;-0.758444
1506351;Santa Bárbara do Pará;PA;N;280.2;False;;-48.238;-1.19219
1506401;Santa Cruz do Arari;PA;N;1082.4;False;;-49.1771;-0.661019
1506500;Santa Izabel do Pará;PA;N;721.1;False;;-48.1606;-1.29686
1506559;Santa Luzia do Pará;PA;N;1366.3;False;;-46.9008;-1.52147
1506583;Santa Maria das Barreiras;PA;N;10397.0;False;;-49.7215;-8.85784
1506609;Santa Maria do Pará;PA;N;460.9;False;;-47.5712;-1.35392
1506708;Santana do Araguaia;PA;N;11662.9;False;;-50.35;-9.3281
1506807;Santarém;PA;N;23039.0;False;;-54.6996;-2.43849
1506906;Santarém Novo;PA;N;230.9;False;;-47.3855;-0.93097
1507003;Santo Antônio do Tauá;PA;N;541.4;False;;-48.1314;-1.1522
1507102;São Caetano de Odivelas;PA;N;754.0;False;;-48.0246;-0.747293
1507151;São Domingos do Araguaia;PA;N;1400.9;False;;-48.7366;-5.53732
1507201;São Domingos do Capim;PA;N;1687.9;False;;-47.7665;-1.68768
1507300;São Félix do Xingu;PA;N;84757.7;False;;-51.9904;-6.64254
1507409;São Francisco do Pará;PA;N;481.2;False;;-47.7917;-1.16963
1507458;São Geraldo do Araguaia;PA;N;3188.8;False;;-48.5592;-6.39471
1507466;São João da Ponta;PA;N;197.3;False;;-47.918;-0.857885
1507474;São João de Pirabas;PA;N;703.5;False;;-47.181;-0.780222
1507508;São João do Araguaia;PA;N;1291.7;False;;-48.7926;-5.36334
1507607;São Miguel do Guamá;PA;N;1117.8;False;;-47.4784;-1.61307
1507706;São Sebastião da Boa Vista;PA;N;1643.1;False;;-49.5249;-1.71597
1507755;Sapucaia;PA;N;1305.6;False;;-49.6834;-6.94018
1507805;Senador José Porfírio;PA;N;11491.3;False;;-51.5764;-4.31242
1507904;Soure;PA;N;3536.4;False;;-48.5015;-0.73032
1507953;Tailândia;PA;N;4462.2;False;;-48.9489;-2.94584
1507961;Terra Alta;PA;N;209.3;False;;-47.9004;-1.02963
1507979;Terra Santa;PA;N;1911.9;False;;-56.4877;-2.10443
1508001;Tomé-Açu;PA;N;5177.7;False;;-48.1415;-2.41302
1508035;Tracuateua;PA;N;853.9;False;;-46.9031;-1.07653
1508050;Trairão;PA;N;12069.2;False;;-55.9429;-4.57347
1508084;Tucumã;PA;N;2527.6;False;;-51.1626;-6.74687
1508100;Tucuruí;PA;N;2103.5;False;;-49.6773;-3.7657
1508126;Ulianópolis;PA;N;5123.7;False;;-47.4892;-3.75007
1508159;Uruará;PA;N;10866.2;False;;-53.7396;-3.71519
1508209;Vigia;PA;N;537.2;False;;-48.1386;-0.861194
1508308;Viseu;PA;N;4945.8;False;;-46.1399;-1.19124
1508357;Vitória do Xingu;PA;N;3155.1;False;;-52.0088;-2.87922
1508407;Xinguara;PA;N;3807.5;False;;-49.9437;-7.0983
1600055;Serra do Navio;AP;N;7810.7;False;;-52.0036;0.901357
1600105;Amapá;AP;N;9231.5;False;;-50.7957;2.05267
1600154;Pedra Branca do Amapari;AP;N;9556.5;False;;-51.9503;0.777424
1600204;Calçoene;AP;N;14364.3;False;;-50.9512;2.50475
1600212;Cutias;AP;N;2127.7;False;;-50.8005;0.970761
1600238;Ferreira Gomes;AP;N;5076.6;False;;-51.1795;0.857256
1600253;Itaubal;AP;N;1713.0;False;;-50.6996;0.602185
1600279;Laranjal do Jari;AP;N;31178.6;False;;-52.453;-0.804911
1600303;Macapá;AP;N;6452.0;True;;-51.0694;0.034934
1600402;Mazagão;AP;N;13220.6;False;;-51.2891;-0.11336
1600501;Oiapoque;AP;N;22778.3;False;;-51.8331;3.84074
1600535;Porto Grande;AP;N;4433.0;False;;-51.4155;0.71243
1600550;Pracuúba;AP;N;4993.1;False;;-50.7892;1.74543
1600600;Santana;AP;N;1587.7;False;;-51.1729;-0.045434
1600709;Tartarugalzinho;AP;N;6753.9;False;;-50.9087;1.50652
1600808;Vitória do Jari;AP;N;2496.4;False;;-52.424;-0.938
1700251;Abreulândia;TO;N;1906.5;False;;-49.1518;-9.62101
1700301;Aguiarnópolis;TO;N;236.8;False;;-47.4702;-6.55409
1700350;Aliança do Tocantins;TO;N;1589.5;False;;-48.9361;-11.3056
1700400;Almas;TO;N;4038.7;False;;-47.1792;-11.5706
1700707;Alvorada;TO;N;1219.3;False;;-49.1249;-12.4785
1701002;Ananás;TO;N;1589.3;False;;-48.0735;-6.36437
1701051;Angico;TO;N;454.3;False;;-47.8611;-6.39179
1701101;Aparecida do Rio Negro;TO;N;1168.0;False;;-47.9638;-9.94139
1701309;Aragominas;TO;N;1183.1;False;;-48.5291;-7.16005
1701903;Araguacema;TO;N;2795.7;False;;-49.5569;-8.80755
1702000;Araguaçu;TO;N;5200.3;False;;-49.8231;-12.9289
1702109;Araguaína;TO;N;4027.6;False;;-48.2044;-7.19238
1702158;Araguanã;TO;N;840.2;False;;-48.6395;-6.58225
1702208;Araguatins;TO;N;2645.9;False;;-48.1232;-5.64659
1702307;Arapoema;TO;N;1562.8;False;;-49.0637;-7.65463
1702406;Arraias;TO;N;5822.2;False;;-46.9359;-12.9287
1702554;Augustinópolis;TO;N;398.0;False;;-47.8863;-5.46863
1702703;Aurora do Tocantins;TO;N;754.4;False;;-46.4076;-12.7105
1702901;Axixá do Tocantins;TO;N;150.8;False;;-47.7701;-5.61275
1703008;Babaçulândia;TO;N;1797.9;False;;-47.7613;-7.20923
1703057;Bandeirantes do Tocantins;TO;N;1552.0;False;;-48.5836;-7.75612
1703073;Barra do Ouro;TO;N;1113.0;False;;-47.6776;-7.69593
1703107;Barrolândia;TO;N;716.8;False;;-48.7252;-9.83404
1703206;Bernardo Sayão;TO;N;933.5;False;;-48.8893;-7.87481
1703305;Bom Jesus do Tocantins;TO;N;1340.0;False;;-48.165;-8.96306
1703602;Brasilândia do Tocantins;TO;N;644.5;False;;-48.4822;-8.38918
1703701;Brejinho de Nazaré;TO;N;1734.5;False;;-48.5683;-11.0058
1703800;Buriti do Tocantins;TO;N;250.5;False;;-48.2271;-5.31448
1703826;Cachoeirinha;TO;N;354.6;False;;-47.9234;-6.1156
1703842;Campos Lindos;TO;N;3262.2;False;;-46.8645;-7.98956
1703867;Cariri do Tocantins;TO;N;1133.6;False;;-49.1609;-11.8881
1703883;Carmolândia;TO;N;341.0;False;;-48.3978;-7.03262
1703891;Carrasco Bonito;TO;N;194.6;False;;-48.0314;-5.31415
1703909;Caseara;TO;N;1704.4;False;;-49.9521;-9.27612
1704105;Centenário;TO;N;1967.5;False;;-47.3304;-8.96103
1704600;Chapada de Areia;TO;N;663.0;False;;-49.1403;-10.1419
1705102;Chapada da Natividade;TO;N;1656.1;False;;-47.7486;-11.6175
1705508;Colinas do Tocantins;TO;N;849.5;False;;-48.4757;-8.05764
1705557;Combinado;TO;N;210.7;False;;-46.5388;-12.7917
1705607;Conceição do Tocantins;TO;N;2518.6;False;;-47.2951;-12.2209
1706001;Couto Magalhães;TO;N;1595.8;False;;-49.2473;-8.28411
1706100;Cristalândia;TO;N;1860.5;False;;-49.1942;-10.5985
1706258;Crixás do Tocantins;TO;N;993.0;False;;-48.9152;-11.0994
1706506;Darcinópolis;TO;N;1650.6;False;;-47.7597;-6.71591
1707009;Dianópolis;TO;N;3235.7;False;;-46.8198;-11.624
1707108;Divinópolis do Tocantins;TO;N;2363.2;False;;-49.2169;-9.80018
1707207;Dois Irmãos do Tocantins;TO;N;3782.6;False;;-49.0638;-9.25534
1707306;Dueré;TO;N;3446.1;False;;-49.2716;-11.3416
1707405;Esperantina;TO;N;506.7;False;;-48.5378;-5.36593
1707553;Fátima;TO;N;386.1;False;;-48.9076;-10.7603
1707652;Figueirópolis;TO;N;1941.0;False;;-49.1748;-12.1312
1707702;Filadélfia;TO;N;2000.3;False;;-47.4954;-7.33501
1708205;Formoso do Araguaia;TO;N;13506.1;False;;-49.5316;-11.7976
1708254;Fortaleza do Tabocão;TO;N;625.2;False;;-48.5206;-9.05611
1708304;Goianorte;TO;N;1810.5;False;;-48.9313;-8.77413
1709005;Goiatins;TO;N;6451.0;False;;-47.3252;-7.71478
1709302;Guaraí;TO;N;2282.2;False;;-48.5114;-8.83543
1709500;Gurupi;TO;N;1847.8;False;;-49.068;-11.7279
1709807;Ipueiras;TO;N;819.4;False;;-48.46;-11.2329
1710508;Itacajá;TO;N;3073.9;False;;-47.7726;-8.39293
1710706;Itaguatins;TO;N;745.6;False;;-47.4864;-5.77267
1710904;Itapiratins;TO;N;1251.5;False;;-48.1072;-8.37982
1711100;Itaporã do Tocantins;TO;N;979.8;False;;-48.6895;-8.57172
1711506;Jaú do Tocantins;TO;N;2189.0;False;;-48.589;-12.6509
1711803;Juarina;TO;N;483.5;False;;-49.0643;-8.11951
1711902;Lagoa da Confusão;TO;N;10631.2;False;;-49.6199;-10.7906
1711951;Lagoa do Tocantins;TO;N;917.8;False;;-47.538;-10.368
1712009;Lajeado;TO;N;324.7;False;;-48.3565;-9.74996
1712157;Lavandeira;TO;N;523.2;False;;-46.5099;-12.7847
1712405;Lizarda;TO;N;5763.0;False;;-46.6738;-9.59002
1712454;Luzinópolis;TO;N;281.4;False;;-47.8582;-6.17794
1712504;Marianópolis do Tocantins;TO;N;2104.1;False;;-49.6553;-9.79377
1712702;Mateiros;TO;N;9645.4;False;;-46.4168;-10.5464
1712801;Maurilândia do Tocantins;TO;N;741.6;False;;-47.5125;-5.95169
1713205;Miracema do Tocantins;TO;N;2668.8;False;;-48.393;-9.56556
1713304;Miranorte;TO;N;1039.1;False;;-48.5922;-9.52907
1713601;Monte do Carmo;TO;N;3638.7;False;;-48.1114;-10.7611
1713700;Monte Santo do Tocantins;TO;N;1099.5;False;;-48.9941;-10.0075
1713809;Palmeiras do Tocantins;TO;N;751.5;False;;-47.5464;-6.61658
1713957;Muricilândia;TO;N;1196.8;False;;-48.6091;-7.14669
1714203;Natividade;TO;N;3261.3;False;;-47.7223;-11.7034
1714302;Nazaré;TO;N;398.9;False;;-47.6643;-6.37496
1714880;Nova Olinda;TO;N;1576.2;False;;-48.4252;-7.63171
1715002;Nova Rosalândia;TO;N;519.8;False;;-48.9125;-10.5651
1715101;Novo Acordo;TO;N;2686.3;False;;-47.6785;-9.97063
1715150;Novo Alegre;TO;N;201.1;False;;-46.5713;-12.9217
1715259;Novo Jardim;TO;N;1318.9;False;;-46.6325;-11.826
1715507;Oliveira de Fátima;TO;N;207.8;False;;-48.9086;-10.707
1715705;Palmeirante;TO;N;2658.5;False;;-47.9242;-7.84786
1715754;Palmeirópolis;TO;N;1713.1;False;;-48.4026;-13.0447
1716109;Paraíso do Tocantins;TO;N;1277.2;False;;-48.8823;-10.175
1716208;Paranã;TO;N;11327.1;False;;-47.8734;-12.6167
1716307;Pau D'Arco;TO;N;1385.0;False;;-49.367;-7.53919
1716505;Pedro Afonso;TO;N;2023.3;False;;-48.1729;-8.97034
1716604;Peixe;TO;N;5325.4;False;;-48.5395;-12.0254
1716653;Pequizeiro;TO;N;1216.9;False;;-48.9327;-8.5932
1716703;Colméia;TO;N;997.7;False;;-48.7638;-8.72463
1717008;Pindorama do Tocantins;TO;N;1567.6;False;;-47.5726;-11.1311
1717206;Piraquê;TO;N;1376.6;False;;-48.2958;-6.77302
1717503;Pium;TO;N;10073.4;False;;-49.1876;-10.442
1717800;Ponte Alta do Bom Jesus;TO;N;1814.9;False;;-46.4825;-12.0853
1717909;Ponte Alta do Tocantins;TO;N;6531.9;False;;-47.5276;-10.7481
1718006;Porto Alegre do Tocantins;TO;N;504.9;False;;-47.0621;-11.618
1718204;Porto Nacional;TO;N;4481.0;False;;-48.408;-10.7027
1718303;Praia Norte;TO;N;292.2;False;;-47.8111;-5.39281
1718402;Presidente Kennedy;TO;N;775.6;False;;-48.5062;-8.5406
1718451;Pugmil;TO;N;404.4;False;;-48.8957;-10.424
1718501;Recursolândia;TO;N;2228.6;False;;-47.2421;-8.7227
1718550;Riachinho;TO;N;521.5;False;;-48.1371;-6.44005
1718659;Rio da Conceição;TO;N;791.9;False;;-46.8847;-11.3949
1718709;Rio dos Bois;TO;N;850.2;False;;-48.5245;-9.34425
1718758;Rio Sono;TO;N;6395.2;False;;-47.888;-9.35002
1718808;Sampaio;TO;N;223.5;False;;-47.8782;-5.35423
1718840;Sandolândia;TO;N;3549.1;False;;-49.9242;-12.538
1718865;Santa Fé do Araguaia;TO;N;1688.1;False;;-48.7165;-7.15803
1718881;Santa Maria do Tocantins;TO;N;1420.7;False;;-47.7887;-8.8046
1718899;Santa Rita do Tocantins;TO;N;3295.1;False;;-48.9161;-10.8617
1718907;Santa Rosa do Tocantins;TO;N;1806.0;False;;-48.1216;-11.4474
1719004;Santa Tereza do Tocantins;TO;N;543.9;False;;-47.8033;-10.2746
1720002;Santa Terezinha do Tocantins;TO;N;271.8;False;;-47.6684;-6.44438
1720101;São Bento do Tocantins;TO;N;1113.7;False;;-47.9012;-6.0258
1720150;São Félix do Tocantins;TO;N;1920.1;False;;-46.6618;-10.1615
1720200;São Miguel do Tocantins;TO;N;400.4;False;;-47.5743;-5.56305
1720259;São Salvador do Tocantins;TO;N;1431.1;False;;-48.2352;-12.7458
1720309;São Sebastião do Tocantins;TO;N;288.5;False;;-48.2021;-5.26131
1720499;São Valério;TO;N;2535.3;False;;-48.2353;-11.9743
1720655;Silvanópolis;TO;N;1269.9;False;;-48.1694;-11.1471
1720804;Sítio Novo do Tocantins;TO;N;325.9;False;;-47.6381;-5.6012
1720853;Sucupira;TO;N;1033.0;False;;-48.9685;-11.993
1720903;Taguatinga;TO;N;2453.7;False;;-46.437;-12.4026
1720937;Taipas do Tocantins;TO;N;1122.1;False;;-46.9797;-12.1873
1720978;Talismã;TO;N;2167.6;False;;-49.0896;-12.7949
1721000;Palmas;TO;N;2230.3;True;;-48.3558;-10.24
1721109;Tocantínia;TO;N;2622.7;False;;-48.3741;-9.5632
1721208;Tocantinópolis;TO;N;1085.7;False;;-47.4224;-6.32447
1721257;Tupirama;TO;N;716.4;False;;-48.1883;-8.97168
1721307;Tupiratins;TO;N;902.2;False;;-48.1277;-8.39388
1722081;Wanderlândia;TO;N;1383.8;False;;-47.9601;-6.85274
1722107;Xambioá;TO;N;1193.6;False;;-48.532;-6.4141
2100055;Açailândia;MA;NE;5845.4;False;;-47.5004;-4.94714
2100105;Afonso Cunha;MA;NE;373.8;False;;-43.3275;-4.13631
2100154;Água Doce do Maranhão;MA;NE;445.9;False;;-42.1189;-2.84048
2100204;Alcântara;MA;NE;1495.9;False;;-44.4062;-2.39574
2100303;Aldeias Altas;MA;NE;1954.6;False;;-43.4689;-4.62621
2100402;Altamira do Maranhão;MA;NE;540.2;False;;-45.4706;-4.16598
2100436;Alto Alegre do Maranhão;MA;NE;386.0;False;;-44.446;-4.213
2100477;Alto Alegre do Pindaré;MA;NE;1945.1;False;;-45.8421;-3.66689
2100501;Alto Parnaíba;MA;NE;11200.0;False;;-45.9303;-9.10273
2100550;Amapá do Maranhão;MA;NE;505.5;False;;-46.0024;-1.67524
2100600;Amarante do Maranhão;MA;NE;7719.9;False;;-46.7473;-5.56913
2100709;Anajatuba;MA;NE;1018.1;False;;-44.6126;-3.26269
2100808;Anapurus;MA;NE;612.9;False;;-43.1014;-3.67577
2100832;Apicum-Açu;MA;NE;347.4;False;;-45.0864;-1.45862
2100873;Araguanã;MA;NE;808.9;False;;-45.6589;-2.94644
2100907;Araioses;MA;NE;1799.2;False;;-41.905;-2.89091
2100956;Arame;MA;NE;3065.3;False;;-46.0032;-4.88347
2101004;Arari;MA;NE;1108.6;False;;-44.7665;-3.45214
2101103;Axixá;MA;NE;203.8;False;;-44.062;-2.83939
2101202;Bacabal;MA;NE;1694.4;False;;-44.7832;-4.22447
2101251;Bacabeira;MA;NE;620.4;False;;-44.3164;-2.96452
2101301;Bacuri;MA;NE;791.6;False;;-45.1328;-1.6965
2101350;Bacurituba;MA;NE;679.6;False;;-44.7329;-2.71
2101400;Balsas;MA;NE;13228.6;False;;-46.0372;-7.53214
2101509;Barão de Grajaú;MA;NE;2261.8;False;;-43.0261;-6.74463
2101608;Barra do Corda;MA;NE;7922.4;False;;-45.2485;-5.49682
2101707;Barreirinhas;MA;NE;3134.1;False;;-42.8232;-2.75863
2101731;Belágua;MA;NE;502.1;False;;-43.5122;-3.15485
2101772;Bela Vista do Maranhão;MA;NE;147.1;False;;-45.3075;-3.72618
2101806;Benedito Leite;MA;NE;1792.3;False;;-44.5577;-7.21037
2101905;Bequimão;MA;NE;774.7;False;;-44.7842;-2.44162
2101939;Bernardo do Mearim;MA;NE;262.8;False;;-44.7608;-4.62666
2101970;Boa Vista do Gurupi;MA;NE;406.6;False;;-46.3002;-1.77614
2102002;Bom Jardim;MA;NE;6634.4;False;;-45.606;-3.54129
2102036;Bom Jesus das Selvas;MA;NE;2696.3;False;;-46.8641;-4.47638
2102077;Bom Lugar;MA;NE;449.2;False;;-45.0326;-4.37311
2102101;Brejo;MA;NE;1080.6;False;;-42.7527;-3.67796
2102150;Brejo de Areia;MA;NE;363.6;False;;-45.581;-4.334
2102200;Buriti;MA;NE;1484.7;False;;-42.9179;-3.94169
2102309;Buriti Bravo;MA;NE;1591.0;False;;-43.8353;-5.83239
2102325;Buriticupu;MA;NE;2562.5;False;;-46.4409;-4.32375
2102358;Buritirana;MA;NE;824.1;False;;-47.0131;-5.59823
2102374;Cachoeira Grande;MA;NE;709.8;False;;-44.0528;-2.93074
2102408;Cajapió;MA;NE;912.3;False;;-44.6741;-2.87326
2102507;Cajari;MA;NE;548.8;False;;-45.0145;-3.32742
2102556;Campestre do Maranhão;MA;NE;618.0;False;;-47.3625;-6.17075
2102606;Cândido Mendes;MA;NE;1628.4;False;;-45.7161;-1.43265
2102705;Cantanhede;MA;NE;777.5;False;;-44.383;-3.63757
2102754;Capinzal do Norte;MA;NE;594.3;False;;-44.328;-4.7236
2102804;Carolina;MA;NE;6482.0;False;;-47.4634;-7.33584
2102903;Carutapera;MA;NE;1235.3;False;;-46.0085;-1.19696
2103000;Caxias;MA;NE;5260.0;False;;-43.3617;-4.86505
2103109;Cedral;MA;NE;289.2;False;;-44.5281;-2.00027
2103125;Central do Maranhão;MA;NE;368.4;False;;-44.8254;-2.19831
2103158;Centro do Guilherme;MA;NE;1081.2;False;;-46.0345;-2.44891
2103174;Centro Novo do Maranhão;MA;NE;8314.6;False;;-46.1228;-2.12696
2103208;Chapadinha;MA;NE;3271.7;False;;-43.3538;-3.73875
2103257;Cidelândia;MA;NE;1475.3;False;;-47.7781;-5.17465
2103307;Codó;MA;NE;4389.1;False;;-43.8924;-4.45562
2103406;Coelho Neto;MA;NE;982.2;False;;-43.0108;-4.25245
2103505;Colinas;MA;NE;1995.1;False;;-44.2543;-6.03199
2103554;Conceição do Lago-Açu;MA;NE;738.4;False;;-44.8895;-3.85142
2103604;Coroatá;MA;NE;2279.6;False;;-44.1244;-4.13442
2103703;Cururupu;MA;NE;1223.9;False;;-44.8644;-1.81475
2103752;Davinópolis;MA;NE;339.8;False;;-47.4217;-5.54637
2103802;Dom Pedro;MA;NE;372.0;False;;-44.4409;-5.03518
2103901;Duque Bacelar;MA;NE;319.2;False;;-42.9477;-4.15002
2104008;Esperantinópolis;MA;NE;483.8;False;;-44.6926;-4.87938
2104057;Estreito;MA;NE;2736.1;False;;-47.4431;-6.56077
2104073;Feira Nova do Maranhão;MA;NE;1484.4;False;;-46.6786;-6.96508
2104081;Fernando Falcão;MA;NE;3530.5;False;;-44.8979;-6.16207
2104099;Formosa da Serra Negra;MA;NE;3966.8;False;;-46.1916;-6.44017
2104107;Fortaleza dos Nogueiras;MA;NE;1675.7;False;;-46.1749;-6.95983
2104206;Fortuna;MA;NE;700.3;False;;-44.1565;-5.72792
2104305;Godofredo Viana;MA;NE;681.4;False;;-45.7795;-1.40259
2104404;Gonçalves Dias;MA;NE;881.9;False;;-44.3013;-5.1475
2104503;Governador Archer;MA;NE;439.1;False;;-44.2754;-5.02078
2104552;Governador Edison Lobão;MA;NE;619.5;False;;-47.3646;-5.74973
2104602;Governador Eugênio Barros;MA;NE;822.3;False;;-44.2469;-5.31897
2104628;Governador Luiz Rocha;MA;NE;374.9;False;;-44.0774;-5.47835
2104651;Governador Newton Bello;MA;NE;1169.7;False;;-45.6619;-3.43245
2104677;Governador Nunes Freire;MA;NE;1042.3;False;;-45.8777;-2.12899
2104701;Graça Aranha;MA;NE;273.0;False;;-44.3358;-5.40547
2104800;Grajaú;MA;NE;7603.0;False;;-46.1462;-5.81367
2104909;Guimarães;MA;NE;594.1;False;;-44.602;-2.12755
2105005;Humberto de Campos;MA;NE;2144.7;False;;-43.4649;-2.59828
2105104;Icatu;MA;NE;1457.8;False;;-44.0501;-2.77206
2105153;Igarapé do Meio;MA;NE;395.0;False;;-45.2114;-3.65771
2105203;Igarapé Grande;MA;NE;377.5;False;;-44.8558;-4.6625
2105302;Imperatriz;MA;NE;1376.3;False;;-47.4777;-5.51847
2105351;Itaipava do Grajaú;MA;NE;1041.4;False;;-45.7877;-5.14252
2105401;Itapecuru Mirim;MA;NE;1482.7;False;;-44.3508;-3.40202
2105427;Itinga do Maranhão;MA;NE;3604.3;False;;-47.5235;-4.45293
2105450;Jatobá;MA;NE;594.4;False;;-44.2153;-5.82282
2105476;Jenipapo dos Vieiras;MA;NE;1973.2;False;;-45.6356;-5.36237
2105500;João Lisboa;MA;NE;638.6;False;;-47.4064;-5.44363
2105609;Joselândia;MA;NE;687.1;False;;-44.6958;-4.98611
2105658;Junco do Maranhão;MA;NE;558.8;False;;-46.09;-1.83888
2105708;Lago da Pedra;MA;NE;1544.8;False;;-45.1319;-4.56974
2105807;Lago do Junco;MA;NE;310.8;False;;-45.049;-4.609
2105906;Lago Verde;MA;NE;627.3;False;;-44.826;-3.94661
2105922;Lagoa do Mato;MA;NE;1297.6;False;;-43.5333;-6.05023
2105948;Lago dos Rodrigues;MA;NE;195.6;False;;-44.9798;-4.61173
2105963;Lagoa Grande do Maranhão;MA;NE;738.6;False;;-45.3816;-4.98893
2105989;Lajeado Novo;MA;NE;1053.9;False;;-47.0293;-6.18539
2106003;Lima Campos;MA;NE;323.6;False;;-44.4646;-4.51837
2106102;Loreto;MA;NE;3620.0;False;;-45.1451;-7.08111
2106201;Luís Domingues;MA;NE;462.5;False;;-45.867;-1.27492
2106300;Magalhães de Almeida;MA;NE;435.3;False;;-42.2117;-3.39232
2106326;Maracaçumé;MA;NE;633.4;False;;-45.9587;-2.04918
2106359;Marajá do Sena;MA;NE;877.8;False;;-45.4531;-4.62806
2106375;Maranhãozinho;MA;NE;978.5;False;;-45.8507;-2.24078
2106409;Mata Roma;MA;NE;550.4;False;;-43.1112;-3.62035
2106508;Matinha;MA;NE;412.2;False;;-45.035;-3.09849
2106607;Matões;MA;NE;1869.4;False;;-43.2018;-5.51359
2106631;Matões do Norte;MA;NE;788.0;False;;-44.5468;-3.6244
2106672;Milagres do Maranhão;MA;NE;637.9;False;;-42.6131;-3.57443
2106706;Mirador;MA;NE;8666.7;False;;-44.3683;-6.37454
2106755;Miranda do Norte;MA;NE;354.8;False;;-44.5814;-3.56313
2106805;Mirinzal;MA;NE;692.3;False;;-44.7787;-2.07094
2106904;Monção;MA;NE;1355.8;False;;-45.2496;-3.48125
2107001;Montes Altos;MA;NE;1498.4;False;;-47.0673;-5.83067
2107100;Morros;MA;NE;1726.9;False;;-44.0357;-2.85379
2107209;Nina Rodrigues;MA;NE;576.6;False;;-43.9134;-3.46788
2107258;Nova Colinas;MA;NE;747.0;False;;-46.2607;-7.12263
2107308;Nova Iorque;MA;NE;984.4;False;;-44.0471;-6.73047
2107357;Nova Olinda do Maranhão;MA;NE;2471.1;False;;-45.6953;-2.84227
2107407;Olho d'Água das Cunhãs;MA;NE;700.8;False;;-45.1163;-4.13417
2107456;Olinda Nova do Maranhão;MA;NE;199.4;False;;-44.9897;-2.99295
2107506;Paço do Lumiar;MA;NE;133.0;False;;-44.1019;-2.51657
2107605;Palmeirândia;MA;NE;529.7;False;;-44.8933;-2.64433
2107704;Paraibano;MA;NE;534.8;False;;-43.9792;-6.4264
2107803;Parnarama;MA;NE;3512.1;False;;-43.1011;-5.67365
2107902;Passagem Franca;MA;NE;1366.6;False;;-43.7755;-6.17745
2108009;Pastos Bons;MA;NE;1646.9;False;;-44.0745;-6.60296
2108058;Paulino Neves;MA;NE;985.2;False;;-42.5258;-2.72094
2108108;Paulo Ramos;MA;NE;1059.0;False;;-45.2398;-4.44485
2108207;Pedreiras;MA;NE;290.2;False;;-44.6006;-4.56482
2108256;Pedro do Rosário;MA;NE;1762.8;False;;-45.3493;-2.97272
2108306;Penalva;MA;NE;789.0;False;;-45.1768;-3.27674
2108405;Peri Mirim;MA;NE;407.5;False;;-44.8504;-2.57676
2108454;Peritoró;MA;NE;829.9;False;;-44.3369;-4.37459
2108504;Pindaré-Mirim;MA;NE;274.0;False;;-45.342;-3.60985
2108603;Pinheiro;MA;NE;1475.0;False;;-45.0788;-2.52224
2108702;Pio XII;MA;NE;547.4;False;;-45.1759;-3.89315
2108801;Pirapemas;MA;NE;692.7;False;;-44.2216;-3.72041
2108900;Poção de Pedras;MA;NE;659.5;False;;-44.9432;-4.74626
2109007;Porto Franco;MA;NE;1426.8;False;;-47.3962;-6.34149
2109056;Porto Rico do Maranhão;MA;NE;195.4;False;;-44.5842;-1.85925
2109106;Presidente Dutra;MA;NE;799.7;False;;-44.495;-5.2898
2109205;Presidente Juscelino;MA;NE;358.0;False;;-44.0715;-2.91872
2109239;Presidente Médici;MA;NE;440.4;False;;-45.82;-2.38991
2109270;Presidente Sarney;MA;NE;728.7;False;;-45.3595;-2.58799
2109304;Presidente Vargas;MA;NE;461.2;False;;-44.0234;-3.40787
2109403;Primeira Cruz;MA;NE;1377.8;False;;-43.4232;-2.50568
2109452;Raposa;MA;NE;61.3;False;;-44.0973;-2.4254
2109502;Riachão;MA;NE;6412.3;False;;-46.6225;-7.35819
2109551;Ribamar Fiquene;MA;NE;755.6;False;;-47.3888;-5.93067
2109601;Rosário;MA;NE;690.3;False;;-44.2531;-2.93444
2109700;Sambaíba;MA;NE;2499.2;False;;-45.3515;-7.13447
2109759;Santa Filomena do Maranhão;MA;NE;406.2;False;;-44.5638;-5.49671
2109809;Santa Helena;MA;NE;2324.4;False;;-45.29;-2.24426
2109908;Santa Inês;MA;NE;774.9;False;;-45.3774;-3.65112
2110005;Santa Luzia;MA;NE;6224.4;False;;-45.69;-4.06873
2110039;Santa Luzia do Paruá;MA;NE;904.8;False;;-45.7801;-2.51123
2110104;Santa Quitéria do Maranhão;MA;NE;1931.0;False;;-42.5688;-3.49308
2110203;Santa Rita;MA;NE;712.7;False;;-44.3211;-3.14241
2110237;Santana do Maranhão;MA;NE;938.2;False;;-42.4064;-3.109
2110278;Santo Amaro do Maranhão;MA;NE;1610.9;False;;-43.238;-2.50068
2110302;Santo Antônio dos Lopes;MA;NE;775.9;False;;-44.3653;-4.86613
2110401;São Benedito do Rio Preto;MA;NE;938.0;False;;-43.5287;-3.33515
2110500;São Bento;MA;NE;462.4;False;;-44.8289;-2.69781
2110609;São Bernardo;MA;NE;1013.8;False;;-42.4191;-3.37223
2110658;São Domingos do Azeitão;MA;NE;967.6;False;;-44.6509;-6.81471
2110708;São Domingos do Maranhão;MA;NE;1159.9;False;;-44.3822;-5.58095
2110807;São Félix de Balsas;MA;NE;2045.7;False;;-44.8092;-7.07535
2110856;São Francisco do Brejão;MA;NE;751.5;False;;-47.389;-5.12584
2110906;São Francisco do Maranhão;MA;NE;2763.7;False;;-42.8668;-6.25159
2111003;São João Batista;MA;NE;695.8;False;;-44.7953;-2.95398
2111029;São João do Carú;MA;NE;619.5;False;;-46.2507;-3.5503
2111052;São João do Paraíso;MA;NE;2068.0;False;;-47.0594;-6.45634
2111078;São João do Soter;MA;NE;1448.1;False;;-43.8163;-5.10821
2111102;São João dos Patos;MA;NE;1510.1;False;;-43.7036;-6.4934
2111201;São José de Ribamar;MA;NE;387.2;False;;-44.0597;-2.54704
2111250;São José dos Basílios;MA;NE;363.6;False;;-44.5809;-5.05493
2111300;São Luís;MA;NE;833.6;True;;-44.2825;-2.53874
2111409;São Luís Gonzaga do Maranhão;MA;NE;975.0;False;;-44.6654;-4.38541
2111508;São Mateus do Maranhão;MA;NE;787.8;False;;-44.4707;-4.03736
2111532;São Pedro da Água Branca;MA;NE;726.7;False;;-48.4291;-5.08472
2111573;São Pedro dos Crentes;MA;NE;986.5;False;;-46.5319;-6.82389
2111607;São Raimundo das Mangabeiras;MA;NE;3541.8;False;;-45.4809;-7.02183
2111631;São Raimundo do Doca Bezerra;MA;NE;282.6;False;;-45.0696;-5.11053
2111672;São Roberto;MA;NE;228.4;False;;-45.001;-5.0231
2111706;São Vicente Ferrer;MA;NE;391.6;False;;-44.8681;-2.89487
2111722;Satubinha;MA;NE;445.2;False;;-45.2457;-4.04913
2111748;Senador Alexandre Costa;MA;NE;429.7;False;;-44.0533;-5.25096
2111763;Senador La Rocque;MA;NE;1246.6;False;;-47.2959;-5.4461
2111789;Serrano do Maranhão;MA;NE;1214.9;False;;-45.1207;-1.85229
2111805;Sítio Novo;MA;NE;3136.3;False;;-46.7033;-5.87601
2111904;Sucupira do Norte;MA;NE;1079.8;False;;-44.1919;-6.47839
2111953;Sucupira do Riachão;MA;NE;569.4;False;;-43.5455;-6.40858
2112001;Tasso Fragoso;MA;NE;4411.6;False;;-45.7536;-8.4662
2112100;Timbiras;MA;NE;1496.4;False;;-43.932;-4.25597
2112209;Timon;MA;NE;1750.6;False;;-42.8329;-5.09769
2112233;Trizidela do Vale;MA;NE;224.5;False;;-44.628;-4.538
2112274;Tufilândia;MA;NE;273.0;False;;-45.6238;-3.67355
2112308;Tuntum;MA;NE;3596.1;False;;-44.6444;-5.25476
2112407;Turiaçu;MA;NE;2591.6;False;;-45.3798;-1.65893
2112456;Turilândia;MA;NE;1522.4;False;;-45.3044;-2.21638
2112506;Tutóia;MA;NE;1662.6;False;;-42.2755;-2.76141
2112605;Urbano Santos;MA;NE;1217.0;False;;-43.3878;-3.20642
2112704;Vargem Grande;MA;NE;1971.2;False;;-43.917;-3.53639
2112803;Viana;MA;NE;1169.6;False;;-44.9912;-3.20451
2112852;Vila Nova dos Martírios;MA;NE;1197.7;False;;-48.1336;-5.18889
2112902;Vitória do Mearim;MA;NE;732.7;False;;-44.8643;-3.45125
2113009;Vitorino Freire;MA;NE;1203.8;False;;-45.2505;-4.28184
2114007;Zé Doca;MA;NE;2431.2;False;;-45.6553;-3.27014
2200053;Acauã;PI;NE;1035.2;False;;-41.0831;-8.21954
2200103;Agricolândia;PI;NE;112.9;False;;-42.6664;-5.79676
2200202;Água Branca;PI;NE;97.9;False;;-42.637;-5.88856
2200251;Alagoinha do Piauí;PI;NE;536.6;False;;-40.9282;-7.00039
2200277;Alegrete do Piauí;PI;NE;282.6;False;;-40.8566;-7.24196
2200301;Alto Longá;PI;NE;1750.4;False;;-42.2096;-5.25634
2200400;Altos;PI;NE;964.0;False;;-42.4612;-5.03888
2200459;Alvorada do Gurguéia;PI;NE;2144.6;False;;-43.777;-8.42418
2200509;Amarante;PI;NE;1163.9;False;;-42.8433;-6.24304
2200608;Angical do Piauí;PI;NE;224.8;False;;-42.74;-6.08786
2200707;Anísio de Abreu;PI;NE;340.4;False;;-43.0494;-9.18564
2200806;Antônio Almeida;PI;NE;649.3;False;;-44.1889;-7.21276
2200905;Aroazes;PI;NE;827.3;False;;-41.7822;-6.11022
2200954;Aroeiras do Itaim;PI;NE;258.5;False;;-41.5325;-7.24502
2201002;Arraial;PI;NE;687.5;False;;-42.5418;-6.65075
2201051;Assunção do Piauí;PI;NE;1702.2;False;;-41.0389;-5.865
2201101;Avelino Lopes;PI;NE;1313.9;False;;-43.9563;-10.1345
2201150;Baixa Grande do Ribeiro;PI;NE;7858.7;False;;-45.219;-7.84903
2201176;Barra D'Alcântara;PI;NE;265.6;False;;-42.1146;-6.51645
2201200;Barras;PI;NE;1732.4;False;;-42.2922;-4.24468
2201309;Barreiras do Piauí;PI;NE;2041.8;False;;-45.4702;-9.9296
2201408;Barro Duro;PI;NE;131.2;False;;-42.5147;-5.81673
2201507;Batalha;PI;NE;1599.6;False;;-42.0787;-4.0223
2201556;Bela Vista do Piauí;PI;NE;315.9;False;;-41.8675;-7.98809
2201572;Belém do Piauí;PI;NE;242.4;False;;-40.9688;-7.36652
2201606;Beneditinos;PI;NE;793.2;False;;-42.3638;-5.45676
2201705;Bertolínia;PI;NE;1233.2;False;;-43.9498;-7.63338
2201739;Betânia do Piauí;PI;NE;1050.1;False;;-40.7989;-8.14376
2201770;Boa Hora;PI;NE;340.1;False;;-42.1357;-4.41404
2201804;Bocaina;PI;NE;254.5;False;;-41.3168;-6.94124
2201903;Bom Jesus;PI;NE;5503.9;False;;-44.359;-9.07124
2201919;Bom Princípio do Piauí;PI;NE;525.2;False;;-41.6403;-3.19631
2201929;Bonfim do Piauí;PI;NE;291.2;False;;-42.8865;-9.1605
2201945;Boqueirão do Piauí;PI;NE;279.9;False;;-42.1212;-4.48181
2201960;Brasileira;PI;NE;887.2;False;;-41.7859;-4.1337
2201988;Brejo do Piauí;PI;NE;2161.7;False;;-42.8229;-8.20314
2202000;Buriti dos Lopes;PI;NE;695.0;False;;-41.8695;-3.18259
2202026;Buriti dos Montes;PI;NE;2671.0;False;;-41.0933;-5.30584
2202059;Cabeceiras do Piauí;PI;NE;612.5;False;;-42.3069;-4.4773
2202075;Cajazeiras do Piauí;PI;NE;517.8;False;;-42.3903;-6.79667
2202083;Cajueiro da Praia;PI;NE;273.5;False;;-41.3408;-2.93111
2202091;Caldeirão Grande do Piauí;PI;NE;497.7;False;;-40.6366;-7.3314
2202109;Campinas do Piauí;PI;NE;836.4;False;;-41.8775;-7.6593
2202117;Campo Alegre do Fidalgo;PI;NE;671.8;False;;-41.8344;-8.38236
2202133;Campo Grande do Piauí;PI;NE;327.6;False;;-41.0315;-7.12827
2202174;Campo Largo do Piauí;PI;NE;479.5;False;;-42.64;-3.80441
2202208;Campo Maior;PI;NE;1686.2;False;;-42.1641;-4.8217
2202251;Canavieira;PI;NE;1813.7;False;;-43.7233;-7.68821
2202307;Canto do Buriti;PI;NE;4417.7;False;;-42.9517;-8.1111
2202406;Capitão de Campos;PI;NE;596.2;False;;-41.944;-4.457
2202455;Capitão Gervásio Oliveira;PI;NE;1141.5;False;;-41.814;-8.49655
2202505;Caracol;PI;NE;1621.1;False;;-43.329;-9.27933
2202539;Caraúbas do Piauí;PI;NE;473.7;False;;-41.8425;-3.47525
2202554;Caridade do Piauí;PI;NE;462.1;False;;-40.9848;-7.73435
2202604;Castelo do Piauí;PI;NE;2050.1;False;;-41.5499;-5.31869
2202653;Caxingó;PI;NE;493.1;False;;-41.8955;-3.41904
2202703;Cocal;PI;NE;1278.8;False;;-41.5546;-3.47279
2202711;Cocal de Telha;PI;NE;283.2;False;;-41.9587;-4.5571
2202729;Cocal dos Alves;PI;NE;360.7;False;;-41.4402;-3.62047
2202737;Coivaras;PI;NE;488.7;False;;-42.208;-5.09224
2202752;Colônia do Gurguéia;PI;NE;433.1;False;;-43.794;-8.1837
2202778;Colônia do Piauí;PI;NE;953.3;False;;-42.1756;-7.22651
2202802;Conceição do Canindé;PI;NE;930.5;False;;-41.5942;-7.87638
2202851;Coronel José Dias;PI;NE;1927.4;False;;-42.5232;-8.81397
2202901;Corrente;PI;NE;3066.7;False;;-45.1633;-10.4333
2203008;Cristalândia do Piauí;PI;NE;1210.9;False;;-45.1893;-10.6443
2203107;Cristino Castro;PI;NE;1858.6;False;;-44.223;-8.82273
2203206;Curimatá;PI;NE;2351.7;False;;-44.3002;-10.0326
2203230;Currais;PI;NE;3178.3;False;;-44.4062;-9.01175
2203255;Curralinhos;PI;NE;348.3;False;;-42.8376;-5.60825
2203271;Curral Novo do Piauí;PI;NE;818.6;False;;-40.8957;-7.8313
2203305;Demerval Lobão;PI;NE;217.9;False;;-42.6776;-5.35875
2203354;Dirceu Arcoverde;PI;NE;1024.6;False;;-42.4348;-9.33939
2203404;Dom Expedito Lopes;PI;NE;221.1;False;;-41.6396;-6.95332
2203420;Domingos Mourão;PI;NE;852.3;False;;-41.2683;-4.2495
2203453;Dom Inocêncio;PI;NE;3895.3;False;;-41.9697;-9.00516
2203503;Elesbão Veloso;PI;NE;1356.3;False;;-42.1355;-6.19947
2203602;Eliseu Martins;PI;NE;1098.4;False;;-43.6705;-8.09629
2203701;Esperantina;PI;NE;917.3;False;;-42.2324;-3.88863
2203750;Fartura do Piauí;PI;NE;718.2;False;;-42.7912;-9.48342
2203800;Flores do Piauí;PI;NE;952.9;False;;-42.918;-7.78793
2203859;Floresta do Piauí;PI;NE;196.3;False;;-41.7883;-7.46682
2203909;Floriano;PI;NE;3431.8;False;;-43.0241;-6.77182
2204006;Francinópolis;PI;NE;269.7;False;;-42.2591;-6.39334
2204105;Francisco Ayres;PI;NE;660.8;False;;-42.6881;-6.62606
2204154;Francisco Macedo;PI;NE;156.4;False;;-40.788;-7.331
2204204;Francisco Santos;PI;NE;515.3;False;;-41.1288;-6.99491
2204303;Fronteiras;PI;NE;780.3;False;;-40.6146;-7.08173
2204352;Geminiano;PI;NE;459.6;False;;-41.3409;-7.15476
2204402;Gilbués;PI;NE;3515.8;False;;-45.3423;-9.83001
2204501;Guadalupe;PI;NE;1030.1;False;;-43.5594;-6.78285
2204550;Guaribas;PI;NE;3139.6;False;;-43.6943;-9.38647
2204600;Hugo Napoleão;PI;NE;275.7;False;;-42.5598;-5.9886
2204659;Ilha Grande;PI;NE;133.8;False;;-41.8186;-2.85774
2204709;Inhuma;PI;NE;1008.9;False;;-41.7041;-6.665
2204808;Ipiranga do Piauí;PI;NE;531.2;False;;-41.7381;-6.82421
2204907;Isaías Coelho;PI;NE;781.3;False;;-41.6735;-7.73597
2205003;Itainópolis;PI;NE;832.0;False;;-41.4687;-7.44336
2205102;Itaueira;PI;NE;2542.9;False;;-43.0249;-7.59989
2205151;Jacobina do Piauí;PI;NE;1301.2;False;;-41.2075;-7.93063
2205201;Jaicós;PI;NE;859.4;False;;-41.1371;-7.36229
2205250;Jardim do Mulato;PI;NE;463.2;False;;-42.63;-6.099
2205276;Jatobá do Piauí;PI;NE;657.5;False;;-41.817;-4.77025
2205300;Jerumenha;PI;NE;1879.6;False;;-43.5033;-7.09128
2205359;João Costa;PI;NE;1788.6;False;;-42.4264;-8.50736
2205409;Joaquim Pires;PI;NE;745.2;False;;-42.1865;-3.50164
2205458;Joca Marques;PI;NE;168.5;False;;-42.4255;-3.4804
2205508;José de Freitas;PI;NE;1547.5;False;;-42.5746;-4.75146
2205516;Juazeiro do Piauí;PI;NE;831.9;False;;-41.6976;-5.17459
2205524;Júlio Borges;PI;NE;1305.5;False;;-44.2381;-10.3225
2205532;Jurema;PI;NE;1258.7;False;;-43.1337;-9.21992
2205540;Lagoinha do Piauí;PI;NE;67.8;False;;-42.6223;-5.83074
2205557;Lagoa Alegre;PI;NE;397.2;False;;-42.6309;-4.51539
2205565;Lagoa do Barro do Piauí;PI;NE;1270.5;False;;-41.5342;-8.47673
2205573;Lagoa de São Francisco;PI;NE;156.7;False;;-41.5969;-4.38505
2205581;Lagoa do Piauí;PI;NE;429.0;False;;-42.6437;-5.41864
2205599;Lagoa do Sítio;PI;NE;810.8;False;;-41.5653;-6.50766
2205607;Landri Sales;PI;NE;1095.5;False;;-43.9364;-7.25922
2205706;Luís Correia;PI;NE;1079.6;False;;-41.6641;-2.88438
2205805;Luzilândia;PI;NE;708.2;False;;-42.3718;-3.4683
2205854;Madeiro;PI;NE;179.1;False;;-42.4981;-3.48624
2205904;Manoel Emídio;PI;NE;1629.4;False;;-43.8755;-8.01234
2205953;Marcolândia;PI;NE;144.7;False;;-40.6602;-7.44169
2206001;Marcos Parente;PI;NE;682.8;False;;-43.8926;-7.11565
2206050;Massapê do Piauí;PI;NE;539.7;False;;-41.1103;-7.47469
2206100;Matias Olímpio;PI;NE;227.7;False;;-42.5507;-3.71492
2206209;Miguel Alves;PI;NE;1402.9;False;;-42.8963;-4.16857
2206308;Miguel Leão;PI;NE;94.5;False;;-42.7436;-5.68077
2206357;Milton Brandão;PI;NE;1381.0;False;;-41.4173;-4.68295
2206407;Monsenhor Gil;PI;NE;572.9;False;;-42.6075;-5.562
2206506;Monsenhor Hipólito;PI;NE;403.6;False;;-41.026;-6.99275
2206605;Monte Alegre do Piauí;PI;NE;2433.8;False;;-45.3037;-9.75364
2206654;Morro Cabeça no Tempo;PI;NE;2129.8;False;;-43.9072;-9.71891
2206670;Morro do Chapéu do Piauí;PI;NE;330.3;False;;-42.3024;-3.73337
2206696;Murici dos Portelas;PI;NE;484.2;False;;-42.094;-3.319
2206704;Nazaré do Piauí;PI;NE;1324.8;False;;-42.6773;-6.97023
2206720;Nazária;PI;NE;;False;;-42.8153;-5.35128
2206753;Nossa Senhora de Nazaré;PI;NE;360.6;False;;-42.173;-4.63019
2206803;Nossa Senhora dos Remédios;PI;NE;360.2;False;;-42.6184;-3.97574
2206902;Novo Oriente do Piauí;PI;NE;527.9;False;;-41.9261;-6.44901
2206951;Novo Santo Antônio;PI;NE;485.3;False;;-41.9325;-5.28749
2207009;Oeiras;PI;NE;2719.7;False;;-42.1283;-7.01915
2207108;Olho D'Água do Piauí;PI;NE;221.0;False;;-42.5594;-5.84125
2207207;Padre Marcos;PI;NE;259.6;False;;-40.8997;-7.35101
2207306;Paes Landim;PI;NE;433.8;False;;-42.2474;-7.77375
2207355;Pajeú do Piauí;PI;NE;1100.2;False;;-42.8248;-7.85508
2207405;Palmeira do Piauí;PI;NE;2036.4;False;;-44.2466;-8.73076
2207504;Palmeirais;PI;NE;1507.2;False;;-43.056;-5.97086
2207553;Paquetá;PI;NE;451.4;False;;-41.7;-7.10303
2207603;Parnaguá;PI;NE;3450.1;False;;-44.63;-10.2166
2207702;Parnaíba;PI;NE;440.0;False;;-41.7754;-2.90585
2207751;Passagem Franca do Piauí;PI;NE;856.1;False;;-42.4436;-5.86036
2207777;Patos do Piauí;PI;NE;765.2;False;;-41.2408;-7.67231
2207793;Pau D'Arco do Piauí;PI;NE;433.6;False;;-42.3908;-5.26072
2207801;Paulistana;PI;NE;1666.6;False;;-41.1431;-8.13436
2207850;Pavussu;PI;NE;1487.8;False;;-43.2284;-7.96059
2207900;Pedro II;PI;NE;1526.4;False;;-41.4482;-4.42585
2207934;Pedro Laurentino;PI;NE;873.0;False;;-42.2847;-8.06807
2207959;Nova Santa Rita;PI;NE;1104.9;False;;-42.0471;-8.09707
2208007;Picos;PI;NE;538.5;False;;-41.467;-7.07721
2208106;Pimenteiras;PI;NE;4594.3;False;;-41.4113;-6.23839
2208205;Pio IX;PI;NE;1961.0;False;;-40.6083;-6.83002
2208304;Piracuruca;PI;NE;2396.1;False;;-41.7088;-3.93335
2208403;Piripiri;PI;NE;1417.7;False;;-41.7716;-4.27157
2208502;Porto;PI;NE;255.3;False;;-42.6998;-3.88815
2208551;Porto Alegre do Piauí;PI;NE;1175.6;False;;-44.1837;-6.96423
2208601;Prata do Piauí;PI;NE;197.9;False;;-42.2046;-5.67265
2208650;Queimada Nova;PI;NE;1487.6;False;;-41.4106;-8.57064
2208700;Redenção do Gurguéia;PI;NE;2484.7;False;;-44.5811;-9.47937
2208809;Regeneração;PI;NE;1259.2;False;;-42.6842;-6.23115
2208858;Riacho Frio;PI;NE;2236.7;False;;-44.9503;-10.1244
2208874;Ribeira do Piauí;PI;NE;1012.8;False;;-42.7128;-7.69028
2208908;Ribeiro Gonçalves;PI;NE;4003.7;False;;-45.2447;-7.55651
2209005;Rio Grande do Piauí;PI;NE;640.1;False;;-43.1369;-7.78029
2209104;Santa Cruz do Piauí;PI;NE;615.8;False;;-41.7609;-7.1785
2209153;Santa Cruz dos Milagres;PI;NE;984.1;False;;-41.9506;-5.80581
2209203;Santa Filomena;PI;NE;5319.4;False;;-45.9116;-9.11228
2209302;Santa Luz;PI;NE;1194.1;False;;-44.1296;-8.9488
2209351;Santana do Piauí;PI;NE;141.2;False;;-41.5178;-6.94696
2209377;Santa Rosa do Piauí;PI;NE;342.4;False;;-42.2814;-6.79581
2209401;Santo Antônio de Lisboa;PI;NE;390.7;False;;-41.2252;-6.98676
2209450;Santo Antônio dos Milagres;PI;NE;33.1;False;;-42.7123;-6.04647
2209500;Santo Inácio do Piauí;PI;NE;861.8;False;;-41.9063;-7.42072
2209559;São Braz do Piauí;PI;NE;652.5;False;;-43.0076;-9.05797
2209609;São Félix do Piauí;PI;NE;661.2;False;;-42.1172;-5.93485
2209658;São Francisco de Assis do Piauí;PI;NE;1042.8;False;;-41.6873;-8.23599
2209708;São Francisco do Piauí;PI;NE;1349.8;False;;-42.541;-7.2463
2209757;São Gonçalo do Gurguéia;PI;NE;1393.4;False;;-45.3092;-10.0319
2209807;São Gonçalo do Piauí;PI;NE;151.7;False;;-42.7095;-5.99393
2209856;São João da Canabrava;PI;NE;511.6;False;;-41.3415;-6.81203
2209872;São João da Fronteira;PI;NE;769.9;False;;-41.2569;-3.95497
2209906;São João da Serra;PI;NE;1011.3;False;;-41.8923;-5.51081
2209955;São João da Varjota;PI;NE;397.1;False;;-41.8889;-6.94082
2209971;São João do Arraial;PI;NE;215.1;False;;-42.4459;-3.8186
2210003;São João do Piauí;PI;NE;1542.8;False;;-42.2559;-8.35466
2210052;São José do Divino;PI;NE;321.2;False;;-41.8308;-3.81411
2210102;São José do Peixe;PI;NE;1295.1;False;;-42.5672;-7.48554
2210201;São José do Piauí;PI;NE;307.6;False;;-41.4731;-6.87194
2210300;São Julião;PI;NE;263.4;False;;-40.8246;-7.08391
2210359;São Lourenço do Piauí;PI;NE;675.2;False;;-42.5496;-9.16463
2210375;São Luis do Piauí;PI;NE;221.2;False;;-41.3175;-6.81936
2210383;São Miguel da Baixa Grande;PI;NE;386.8;False;;-42.1934;-5.85646
2210391;São Miguel do Fidalgo;PI;NE;819.1;False;;-42.3676;-7.59713
2210409;São Miguel do Tapuio;PI;NE;5242.1;False;;-41.3165;-5.49729
2210508;São Pedro do Piauí;PI;NE;522.6;False;;-42.7192;-5.92078
2210607;São Raimundo Nonato;PI;NE;2427.5;False;;-42.6987;-9.01241
2210623;Sebastião Barros;PI;NE;899.1;False;;-44.8337;-10.817
2210631;Sebastião Leal;PI;NE;3174.9;False;;-44.06;-7.56803
2210656;Sigefredo Pacheco;PI;NE;973.3;False;;-41.7311;-4.91665
2210706;Simões;PI;NE;1079.7;False;;-40.8137;-7.59109
2210805;Simplício Mendes;PI;NE;1377.3;False;;-41.9075;-7.85294
2210904;Socorro do Piauí;PI;NE;678.3;False;;-42.4922;-7.86773
2210938;Sussuapara;PI;NE;232.0;False;;-41.3767;-7.03687
2210953;Tamboril do Piauí;PI;NE;1608.2;False;;-42.9211;-8.40937
2210979;Tanque do Piauí;PI;NE;401.9;False;;-42.2795;-6.59787
2211001;Teresina;PI;NE;1768.4;True;;-42.8034;-5.09194
2211100;União;PI;NE;1180.4;False;;-42.8583;-4.58571
2211209;Uruçuí;PI;NE;8464.9;False;;-44.5577;-7.23944
2211308;Valença do Piauí;PI;NE;1346.0;False;;-41.7375;-6.40301
2211357;Várzea Branca;PI;NE;453.9;False;;-42.9692;-9.238
2211407;Várzea Grande;PI;NE;238.8;False;;-42.248;-6.54899
2211506;Vera Mendes;PI;NE;343.3;False;;-41.4673;-7.59748
2211605;Vila Nova do Piauí;PI;NE;208.2;False;;-40.9345;-7.13272
2211704;Wall Ferraz;PI;NE;267.7;False;;-41.905;-7.23151
2300101;Abaiara;CE;NE;182.1;False;;-39.0416;-7.34588
2300150;Acarape;CE;NE;156.4;False;;-38.7055;-4.22083
2300200;Acaraú;CE;NE;847.7;False;;-40.1183;-2.88769
2300309;Acopiara;CE;NE;2279.3;False;;-39.448;-6.08911
2300408;Aiuaba;CE;NE;2451.0;False;;-40.1178;-6.57122
2300507;Alcântaras;CE;NE;139.2;False;;-40.5479;-3.58537
2300606;Altaneira;CE;NE;73.3;False;;-39.7356;-6.99837
2300705;Alto Santo;CE;NE;1347.7;False;;-38.2743;-5.50894
2300754;Amontada;CE;NE;1188.0;False;;-39.8288;-3.36017
2300804;Antonina do Norte;CE;NE;260.7;False;;-39.987;-6.76919
2300903;Apuiarés;CE;NE;548.4;False;;-39.4359;-3.94506
2301000;Aquiraz;CE;NE;484.8;False;;-38.3896;-3.89929
2301109;Aracati;CE;NE;1235.2;False;;-37.7679;-4.55826
2301208;Aracoiaba;CE;NE;660.1;False;;-38.8125;-4.36872
2301257;Ararendá;CE;NE;346.8;False;;-40.831;-4.74567
2301307;Araripe;CE;NE;1106.9;False;;-40.1359;-7.21319
2301406;Aratuba;CE;NE;115.4;False;;-39.0471;-4.41229
2301505;Arneiroz;CE;NE;1073.9;False;;-40.1653;-6.3165
2301604;Assaré;CE;NE;1125.0;False;;-39.8689;-6.8669
2301703;Aurora;CE;NE;892.9;False;;-38.9742;-6.93349
2301802;Baixio;CE;NE;147.4;False;;-38.7134;-6.71945
2301851;Banabuiú;CE;NE;1086.5;False;;-38.9132;-5.30454
2301901;Barbalha;CE;NE;604.7;False;;-39.3021;-7.2982
2301950;Barreira;CE;NE;247.6;False;;-38.6429;-4.28921
2302008;Barro;CE;NE;714.6;False;;-38.7741;-7.17188
2302057;Barroquinha;CE;NE;386.4;False;;-41.1358;-3.02051
2302107;Baturité;CE;NE;310.9;False;;-38.8812;-4.32598
2302206;Beberibe;CE;NE;1626.1;False;;-38.1271;-4.17741
2302305;Bela Cruz;CE;NE;847.9;False;;-40.1671;-3.04996
2302404;Boa Viagem;CE;NE;2859.0;False;;-39.7337;-5.11258
2302503;Brejo Santo;CE;NE;665.2;False;;-38.9799;-7.48469
2302602;Camocim;CE;NE;1131.5;False;;-40.8544;-2.9005
2302701;Campos Sales;CE;NE;1089.3;False;;-40.3687;-7.06761
2302800;Canindé;CE;NE;3240.3;False;;-39.3155;-4.35162
2302909;Capistrano;CE;NE;224.0;False;;-38.9048;-4.45569
2303006;Caridade;CE;NE;851.0;False;;-39.1912;-4.22514
2303105;Cariré;CE;NE;762.5;False;;-40.476;-3.94858
2303204;Caririaçu;CE;NE;627.3;False;;-39.2828;-7.02808
2303303;Cariús;CE;NE;1066.5;False;;-39.4916;-6.52428
2303402;Carnaubal;CE;NE;366.4;False;;-40.9413;-4.15985
2303501;Cascavel;CE;NE;844.3;False;;-38.2412;-4.12967
2303600;Catarina;CE;NE;488.7;False;;-39.8736;-6.12291
2303659;Catunda;CE;NE;795.4;False;;-40.2;-4.64336
2303709;Caucaia;CE;NE;1237.3;False;;-38.6619;-3.72797
2303808;Cedro;CE;NE;731.2;False;;-39.0609;-6.60034
2303907;Chaval;CE;NE;239.5;False;;-41.2435;-3.03571
2303931;Choró;CE;NE;820.2;False;;-39.1344;-4.83906
2303956;Chorozinho;CE;NE;280.4;False;;-38.4986;-4.28873
2304004;Coreaú;CE;NE;780.9;False;;-40.6587;-3.5415
2304103;Crateús;CE;NE;3005.3;False;;-40.6536;-5.16768
2304202;Crato;CE;NE;1149.2;False;;-39.4103;-7.2153
2304236;Croatá;CE;NE;705.2;False;;-40.9022;-4.40481
2304251;Cruz;CE;NE;336.5;False;;-40.176;-2.91813
2304269;Deputado Irapuan Pinheiro;CE;NE;473.2;False;;-39.257;-5.91485
2304277;Ererê;CE;NE;385.0;False;;-38.3461;-6.02751
2304285;Eusébio;CE;NE;77.5;False;;-38.4559;-3.8925
2304301;Farias Brito;CE;NE;506.6;False;;-39.5651;-6.92146
2304350;Forquilha;CE;NE;520.6;False;;-40.2634;-3.79945
2304400;Fortaleza;CE;NE;315.0;True;;-38.5423;-3.71664
2304459;Fortim;CE;NE;282.7;False;;-37.7981;-4.45126
2304509;Frecheirinha;CE;NE;182.2;False;;-40.818;-3.75557
2304608;General Sampaio;CE;NE;207.3;False;;-39.454;-4.04351
2304657;Graça;CE;NE;283.4;False;;-40.749;-4.04422
2304707;Granja;CE;NE;2716.8;False;;-40.8372;-3.12788
2304806;Granjeiro;CE;NE;101.0;False;;-39.2144;-6.88134
2304905;Groaíras;CE;NE;157.3;False;;-40.3852;-3.91787
2304954;Guaiúba;CE;NE;270.0;False;;-38.6404;-4.04057
2305001;Guaraciaba do Norte;CE;NE;616.2;False;;-40.7476;-4.15814
2305100;Guaramiranga;CE;NE;60.3;False;;-38.932;-4.26248
2305209;Hidrolândia;CE;NE;971.9;False;;-40.4056;-4.40958
2305233;Horizonte;CE;NE;161.3;False;;-38.4707;-4.1209
2305266;Ibaretama;CE;NE;883.3;False;;-38.7501;-4.80376
2305308;Ibiapina;CE;NE;417.8;False;;-40.8911;-3.92403
2305332;Ibicuitinga;CE;NE;426.3;False;;-38.6362;-4.96999
2305357;Icapuí;CE;NE;426.6;False;;-37.3531;-4.71206
2305407;Icó;CE;NE;1882.3;False;;-38.8554;-6.39627
2305506;Iguatu;CE;NE;1036.2;False;;-39.2892;-6.36281
2305605;Independência;CE;NE;3238.4;False;;-40.3085;-5.38789
2305654;Ipaporanga;CE;NE;706.3;False;;-40.7537;-4.89764
2305704;Ipaumirim;CE;NE;276.1;False;;-38.7179;-6.78265
2305803;Ipu;CE;NE;634.7;False;;-40.7059;-4.31748
2305902;Ipueiras;CE;NE;1484.7;False;;-40.7118;-4.53802
2306009;Iracema;CE;NE;828.0;False;;-38.2919;-5.8124
2306108;Irauçuba;CE;NE;1471.3;False;;-39.7843;-3.74737
2306207;Itaiçaba;CE;NE;211.1;False;;-37.833;-4.67146
2306256;Itaitinga;CE;NE;151.6;False;;-38.5298;-3.96577
2306306;Itapajé;CE;NE;442.8;False;;-39.5855;-3.68314
2306405;Itapipoca;CE;NE;1625.6;False;;-39.5836;-3.49933
2306504;Itapiúna;CE;NE;593.3;False;;-38.9281;-4.55516
2306553;Itarema;CE;NE;724.8;False;;-39.9167;-2.9248
2306603;Itatira;CE;NE;789.3;False;;-39.6202;-4.52608
2306702;Jaguaretama;CE;NE;1769.8;False;;-38.7639;-5.6051
2306801;Jaguaribara;CE;NE;672.9;False;;-38.5359;-5.67765
2306900;Jaguaribe;CE;NE;1889.9;False;;-38.6227;-5.90213
2307007;Jaguaruana;CE;NE;872.7;False;;-37.781;-4.83151
2307106;Jardim;CE;NE;554.9;False;;-39.2826;-7.57599
2307205;Jati;CE;NE;362.6;False;;-39.0029;-7.6797
2307254;Jijoca de Jericoacoara;CE;NE;204.5;False;;-40.5127;-2.79331
2307304;Juazeiro do Norte;CE;NE;250.3;False;;-39.3076;-7.19621
2307403;Jucás;CE;NE;944.8;False;;-39.5187;-6.51523
2307502;Lavras da Mangabeira;CE;NE;953.5;False;;-38.9706;-6.7448
2307601;Limoeiro do Norte;CE;NE;755.7;False;;-38.0847;-5.14392
2307635;Madalena;CE;NE;1041.9;False;;-39.5725;-4.84601
2307650;Maracanaú;CE;NE;106.9;False;;-38.6259;-3.86699
2307700;Maranguape;CE;NE;594.3;False;;-38.6829;-3.89143
2307809;Marco;CE;NE;577.4;False;;-40.1582;-3.1285
2307908;Martinópole;CE;NE;300.4;False;;-40.6896;-3.2252
2308005;Massapê;CE;NE;572.5;False;;-40.3423;-3.52364
2308104;Mauriti;CE;NE;1057.5;False;;-38.7708;-7.38597
2308203;Meruoca;CE;NE;151.2;False;;-40.4531;-3.53974
2308302;Milagres;CE;NE;609.3;False;;-38.9378;-7.29749
2308351;Milhã;CE;NE;505.1;False;;-39.1875;-5.67252
2308377;Miraíma;CE;NE;706.1;False;;-39.9663;-3.56867
2308401;Missão Velha;CE;NE;655.1;False;;-39.143;-7.23522
2308500;Mombaça;CE;NE;2132.3;False;;-39.63;-5.73844
2308609;Monsenhor Tabosa;CE;NE;890.0;False;;-40.0646;-4.79102
2308708;Morada Nova;CE;NE;2796.3;False;;-38.3702;-5.09736
2308807;Moraújo;CE;NE;417.5;False;;-40.6776;-3.46311
2308906;Morrinhos;CE;NE;418.1;False;;-40.1233;-3.23426
2309003;Mucambo;CE;NE;192.4;False;;-40.7452;-3.90271
2309102;Mulungu;CE;NE;134.9;False;;-38.9951;-4.30294
2309201;Nova Olinda;CE;NE;286.7;False;;-39.6713;-7.08415
2309300;Nova Russas;CE;NE;747.1;False;;-40.5621;-4.70581
2309409;Novo Oriente;CE;NE;955.3;False;;-40.7713;-5.52552
2309458;Ocara;CE;NE;771.5;False;;-38.5933;-4.48523
2309508;Orós;CE;NE;581.0;False;;-38.9053;-6.25182
2309607;Pacajus;CE;NE;255.3;False;;-38.465;-4.17107
2309706;Pacatuba;CE;NE;132.7;False;;-38.6183;-3.9784
2309805;Pacoti;CE;NE;112.4;False;;-38.922;-4.22492
2309904;Pacujá;CE;NE;76.5;False;;-40.6989;-3.98327
2310001;Palhano;CE;NE;445.3;False;;-37.9655;-4.73672
2310100;Palmácia;CE;NE;118.7;False;;-38.8446;-4.13831
2310209;Paracuru;CE;NE;304.9;False;;-39.03;-3.41436
2310258;Paraipaba;CE;NE;303.9;False;;-39.1479;-3.43799
2310308;Parambu;CE;NE;2318.0;False;;-40.6905;-6.20768
2310407;Paramoti;CE;NE;486.3;False;;-39.2417;-4.08815
2310506;Pedra Branca;CE;NE;1311.6;False;;-39.7078;-5.45341
2310605;Penaforte;CE;NE;144.2;False;;-39.0707;-7.82163
2310704;Pentecoste;CE;NE;1387.3;False;;-39.2692;-3.79274
2310803;Pereiro;CE;NE;435.2;False;;-38.4624;-6.03576
2310852;Pindoretama;CE;NE;73.3;False;;-38.3061;-4.01584
2310902;Piquet Carneiro;CE;NE;593.4;False;;-39.417;-5.80025
2310951;Pires Ferreira;CE;NE;245.5;False;;-40.6442;-4.23922
2311009;Poranga;CE;NE;1316.4;False;;-40.9205;-4.74672
2311108;Porteiras;CE;NE;219.5;False;;-39.114;-7.52265
2311207;Potengi;CE;NE;340.2;False;;-40.0233;-7.09154
2311231;Potiretama;CE;NE;412.3;False;;-38.1578;-5.71287
2311264;Quiterianópolis;CE;NE;1046.5;False;;-40.7002;-5.8425
2311306;Quixadá;CE;NE;2035.4;False;;-39.0155;-4.9663
2311355;Quixelô;CE;NE;564.0;False;;-39.2011;-6.24637
2311405;Quixeramobim;CE;NE;3297.1;False;;-39.2889;-5.19067
2311504;Quixeré;CE;NE;622.4;False;;-37.9802;-5.07148
2311603;Redenção;CE;NE;226.8;False;;-38.7277;-4.21587
2311702;Reriutaba;CE;NE;386.3;False;;-40.5759;-4.14191
2311801;Russas;CE;NE;1599.8;False;;-37.9721;-4.92673
2311900;Saboeiro;CE;NE;1392.9;False;;-39.9017;-6.5346
2311959;Salitre;CE;NE;809.7;False;;-40.45;-7.28398
2312007;Santana do Acaraú;CE;NE;975.3;False;;-40.2118;-3.46144
2312106;Santana do Cariri;CE;NE;860.6;False;;-39.7302;-7.17613
2312205;Santa Quitéria;CE;NE;4289.5;False;;-40.1523;-4.32608
2312304;São Benedito;CE;NE;341.0;False;;-40.8596;-4.04713
2312403;São Gonçalo do Amarante;CE;NE;840.0;False;;-38.9726;-3.60515
2312502;São João do Jaguaribe;CE;NE;283.4;False;;-38.2694;-5.27516
2312601;São Luís do Curu;CE;NE;123.8;False;;-39.2391;-3.66976
2312700;Senador Pompeu;CE;NE;1007.9;False;;-39.3704;-5.58244
2312809;Senador Sá;CE;NE;426.1;False;;-40.4662;-3.35305
2312908;Sobral;CE;NE;2135.5;False;;-40.3482;-3.68913
2313005;Solonópole;CE;NE;1546.3;False;;-39.0107;-5.71894
2313104;Tabuleiro do Norte;CE;NE;868.3;False;;-38.1282;-5.24353
2313203;Tamboril;CE;NE;1975.8;False;;-40.3196;-4.83136
2313252;Tarrafas;CE;NE;459.0;False;;-39.753;-6.67838
2313302;Tauá;CE;NE;4046.9;False;;-40.2968;-5.98585
2313351;Tejuçuoca;CE;NE;754.4;False;;-39.5799;-3.98831
2313401;Tianguá;CE;NE;912.6;False;;-40.9923;-3.72965
2313500;Trairi;CE;NE;929.5;False;;-39.2681;-3.26932
2313559;Tururu;CE;NE;203.7;False;;-39.4297;-3.58413
2313609;Ubajara;CE;NE;425.1;False;;-40.9204;-3.85448
2313708;Umari;CE;NE;266.1;False;;-38.7008;-6.63893
2313757;Umirim;CE;NE;318.2;False;;-39.3465;-3.67654
2313807;Uruburetama;CE;NE;97.9;False;;-39.5107;-3.62316
2313906;Uruoca;CE;NE;701.1;False;;-40.5628;-3.30819
2313955;Varjota;CE;NE;179.7;False;;-40.4741;-4.19387
2314003;Várzea Alegre;CE;NE;841.9;False;;-39.2942;-6.78264
2314102;Viçosa do Ceará;CE;NE;1319.9;False;;-41.0916;-3.5667
2400109;Acari;RN;NE;613.6;False;;-36.6347;-6.4282
2400208;Açu;RN;NE;1309.8;False;;-36.914;-5.58362
2400307;Afonso Bezerra;RN;NE;580.3;False;;-36.5075;-5.49229
2400406;Água Nova;RN;NE;50.1;False;;-38.2941;-6.20351
2400505;Alexandria;RN;NE;382.1;False;;-38.0142;-6.40533
2400604;Almino Afonso;RN;NE;129.1;False;;-37.7636;-6.1475
2400703;Alto do Rodrigues;RN;NE;192.7;False;;-36.75;-5.28186
2400802;Angicos;RN;NE;746.1;False;;-36.6094;-5.65792
2400901;Antônio Martins;RN;NE;245.9;False;;-37.8834;-6.21367
2401008;Apodi;RN;NE;1611.5;False;;-37.7946;-5.65349
2401107;Areia Branca;RN;NE;359.7;False;;-37.1252;-4.95254
2401206;Arês;RN;NE;115.4;False;;-35.1608;-6.18831
2401305;Augusto Severo (Campo Grande);RN;NE;902.5;False;;-37.3135;-5.86206
2401404;Baía Formosa;RN;NE;246.8;False;;-35.0033;-6.37161
2401453;Baraúna;RN;NE;830.7;False;;-37.6129;-5.06977
2401503;Barcelona;RN;NE;153.6;False;;-35.9247;-5.94284
2401602;Bento Fernandes;RN;NE;303.7;False;;-35.813;-5.69906
2401651;Bodó;RN;NE;254.8;False;;-36.4167;-5.98027
2401701;Bom Jesus;RN;NE;122.8;False;;-35.5792;-5.98648
2401800;Brejinho;RN;NE;61.7;False;;-35.3591;-6.18566
2401859;Caiçara do Norte;RN;NE;190.9;False;;-36.0717;-5.07091
2401909;Caiçara do Rio do Vento;RN;NE;262.5;False;;-35.9938;-5.76541
2402006;Caicó;RN;NE;1235.0;False;;-37.1067;-6.45441
2402105;Campo Redondo;RN;NE;215.0;False;;-36.1888;-6.23829
2402204;Canguaretama;RN;NE;247.9;False;;-35.1281;-6.37193
2402303;Caraúbas;RN;NE;1102.6;False;;-37.5586;-5.78387
2402402;Carnaúba dos Dantas;RN;NE;246.9;False;;-36.5868;-6.55015
2402501;Carnaubais;RN;NE;547.3;False;;-36.8335;-5.34181
2402600;Ceará-Mirim;RN;NE;728.2;False;;-35.4247;-5.64323
2402709;Cerro Corá;RN;NE;396.1;False;;-36.3503;-6.03503
2402808;Coronel Ezequiel;RN;NE;187.3;False;;-36.2223;-6.3748
2402907;Coronel João Pessoa;RN;NE;117.6;False;;-38.4441;-6.24974
2403004;Cruzeta;RN;NE;297.5;False;;-36.7782;-6.40894
2403103;Currais Novos;RN;NE;870.7;False;;-36.5146;-6.25484
2403202;Doutor Severiano;RN;NE;109.7;False;;-38.3794;-6.08082
2403251;Parnamirim;RN;NE;124.4;False;;-35.271;-5.91116
2403301;Encanto;RN;NE;127.7;False;;-38.3033;-6.10691
2403400;Equador;RN;NE;266.4;False;;-36.717;-6.93835
2403509;Espírito Santo;RN;NE;136.8;False;;-35.3052;-6.33563
2403608;Extremoz;RN;NE;141.2;False;;-35.3048;-5.70143
2403707;Felipe Guerra;RN;NE;270.1;False;;-37.6875;-5.59274
2403756;Fernando Pedroza;RN;NE;325.2;False;;-36.5282;-5.69096
2403806;Florânia;RN;NE;506.3;False;;-36.8226;-6.12264
2403905;Francisco Dantas;RN;NE;183.3;False;;-38.1212;-6.07234
2404002;Frutuoso Gomes;RN;NE;64.4;False;;-37.8375;-6.15669
2404101;Galinhos;RN;NE;345.8;False;;-36.2754;-5.0909
2404200;Goianinha;RN;NE;193.9;False;;-35.1943;-6.26486
2404309;Governador Dix-Sept Rosado;RN;NE;1136.8;False;;-37.5183;-5.44887
2404408;Grossos;RN;NE;127.2;False;;-37.1621;-4.98068
2404507;Guamaré;RN;NE;260.6;False;;-36.3222;-5.10619
2404606;Ielmo Marinho;RN;NE;314.3;False;;-35.55;-5.82447
2404705;Ipanguaçu;RN;NE;376.8;False;;-36.8501;-5.48984
2404804;Ipueira;RN;NE;128.0;False;;-37.2045;-6.80596
2404853;Itajá;RN;NE;204.8;False;;-36.8712;-5.63894
2404903;Itaú;RN;NE;133.2;False;;-37.9912;-5.8363
2405009;Jaçanã;RN;NE;54.7;False;;-36.2031;-6.41856
2405108;Jandaíra;RN;NE;438.4;False;;-36.1278;-5.35211
2405207;Janduís;RN;NE;306.5;False;;-37.4048;-6.01474
2405306;Januário Cicco (Boa Saúde);RN;NE;187.9;False;;-35.6219;-6.16566
2405405;Japi;RN;NE;190.2;False;;-35.9346;-6.46544
2405504;Jardim de Angicos;RN;NE;255.4;False;;-35.9713;-5.64999
2405603;Jardim de Piranhas;RN;NE;331.9;False;;-37.3496;-6.37665
2405702;Jardim do Seridó;RN;NE;371.6;False;;-36.7736;-6.58047
2405801;João Câmara;RN;NE;719.6;False;;-35.8122;-5.54094
2405900;João Dias;RN;NE;89.1;False;;-37.7885;-6.27215
2406007;José da Penha;RN;NE;118.4;False;;-38.2823;-6.31095
2406106;Jucurutu;RN;NE;940.4;False;;-37.009;-6.0306
2406155;Jundiá;RN;NE;44.8;False;;-35.3495;-6.26866
2406205;Lagoa d'Anta;RN;NE;106.5;False;;-35.5949;-6.39493
2406304;Lagoa de Pedras;RN;NE;118.1;False;;-35.4299;-6.15082
2406403;Lagoa de Velhos;RN;NE;113.6;False;;-35.8729;-6.0119
2406502;Lagoa Nova;RN;NE;177.7;False;;-36.4703;-6.09339
2406601;Lagoa Salgada;RN;NE;80.0;False;;-35.4724;-6.12295
2406700;Lajes;RN;NE;681.4;False;;-36.247;-5.69322
2406809;Lajes Pintadas;RN;NE;131.7;False;;-36.1171;-6.14943
2406908;Lucrécia;RN;NE;31.5;False;;-37.8134;-6.10525
2407005;Luís Gomes;RN;NE;168.6;False;;-38.3899;-6.40588
2407104;Macaíba;RN;NE;514.5;False;;-35.3552;-5.85229
2407203;Macau;RN;NE;792.2;False;;-36.6318;-5.10795
2407252;Major Sales;RN;NE;32.3;False;;-38.324;-6.39949
2407302;Marcelino Vieira;RN;NE;348.0;False;;-38.1642;-6.2846
2407401;Martins;RN;NE;170.2;False;;-37.908;-6.08279
2407500;Maxaranguape;RN;NE;132.0;False;;-35.2631;-5.52181
2407609;Messias Targino;RN;NE;136.1;False;;-37.5158;-6.07194
2407708;Montanhas;RN;NE;82.3;False;;-35.2842;-6.48522
2407807;Monte Alegre;RN;NE;213.1;False;;-35.3253;-6.07063
2407906;Monte das Gameleiras;RN;NE;72.2;False;;-35.7831;-6.43698
2408003;Mossoró;RN;NE;2113.4;False;;-37.3474;-5.18374
2408102;Natal;RN;NE;166.0;True;;-35.1986;-5.79357
2408201;Nísia Floresta;RN;NE;309.1;False;;-35.1991;-6.09329
2408300;Nova Cruz;RN;NE;266.5;False;;-35.4286;-6.47511
2408409;Olho-d'Água do Borges;RN;NE;142.4;False;;-37.7047;-5.9486
2408508;Ouro Branco;RN;NE;255.1;False;;-36.9428;-6.6958
2408607;Paraná;RN;NE;81.9;False;;-38.3057;-6.47565
2408706;Paraú;RN;NE;386.8;False;;-37.1032;-5.76893
2408805;Parazinho;RN;NE;277.8;False;;-35.8398;-5.22276
2408904;Parelhas;RN;NE;516.1;False;;-36.6566;-6.68491
2408953;Rio do Fogo;RN;NE;150.9;False;;-35.3794;-5.2765
2409100;Passa e Fica;RN;NE;55.4;False;;-35.6442;-6.43018
2409209;Passagem;RN;NE;42.0;False;;-35.37;-6.27268
2409308;Patu;RN;NE;321.1;False;;-37.6356;-6.10656
2409332;Santa Maria;RN;NE;221.5;False;;-35.6914;-5.83802
2409407;Pau dos Ferros;RN;NE;261.3;False;;-38.2077;-6.10498
2409506;Pedra Grande;RN;NE;223.1;False;;-35.876;-5.14988
2409605;Pedra Preta;RN;NE;297.0;False;;-36.1084;-5.57352
2409704;Pedro Avelino;RN;NE;959.4;False;;-36.3867;-5.5161
2409803;Pedro Velho;RN;NE;193.6;False;;-35.2195;-6.4356
2409902;Pendências;RN;NE;422.0;False;;-36.7095;-5.2564
2410009;Pilões;RN;NE;83.5;False;;-38.0461;-6.26364
2410108;Poço Branco;RN;NE;232.0;False;;-35.6635;-5.62233
2410207;Portalegre;RN;NE;110.5;False;;-37.9865;-6.02064
2410256;Porto do Mangue;RN;NE;321.3;False;;-36.7887;-5.05441
2410306;Serra Caiada;RN;NE;168.4;False;;-35.7113;-6.10478
2410405;Pureza;RN;NE;507.4;False;;-35.5554;-5.46393
2410504;Rafael Fernandes;RN;NE;79.1;False;;-38.2211;-6.18987
2410603;Rafael Godeiro;RN;NE;100.5;False;;-37.716;-6.07244
2410702;Riacho da Cruz;RN;NE;128.8;False;;-37.949;-5.92654
2410801;Riacho de Santana;RN;NE;129.8;False;;-38.3116;-6.25139
2410900;Riachuelo;RN;NE;264.1;False;;-35.8215;-5.82156
2411007;Rodolfo Fernandes;RN;NE;156.3;False;;-38.0579;-5.78393
2411056;Tibau;RN;NE;171.2;False;;-37.2554;-4.83729
2411106;Ruy Barbosa;RN;NE;126.7;False;;-35.933;-5.88745
2411205;Santa Cruz;RN;NE;628.8;False;;-36.0193;-6.22475
2411403;Santana do Matos;RN;NE;1429.8;False;;-36.6578;-5.94605
2411429;Santana do Seridó;RN;NE;189.7;False;;-36.7312;-6.76643
2411502;Santo Antônio;RN;NE;302.5;False;;-35.4739;-6.31195
2411601;São Bento do Norte;RN;NE;291.4;False;;-35.9587;-5.09259
2411700;São Bento do Trairí;RN;NE;191.4;False;;-36.0863;-6.33798
2411809;São Fernando;RN;NE;407.9;False;;-37.1864;-6.37975
2411908;São Francisco do Oeste;RN;NE;76.0;False;;-38.1519;-5.97472
2412005;São Gonçalo do Amarante;RN;NE;250.3;False;;-35.3257;-5.79068
2412104;São João do Sabugi;RN;NE;278.6;False;;-37.2027;-6.71387
2412203;São José de Mipibu;RN;NE;292.6;False;;-35.2417;-6.0773
2412302;São José do Campestre;RN;NE;343.9;False;;-35.7067;-6.31087
2412401;São José do Seridó;RN;NE;177.4;False;;-36.8746;-6.44002
2412500;São Miguel;RN;NE;171.7;False;;-38.4947;-6.20283
2412559;São Miguel do Gostoso;RN;NE;346.0;False;;-35.6354;-5.12302
2412609;São Paulo do Potengi;RN;NE;242.5;False;;-35.7642;-5.8994
2412708;São Pedro;RN;NE;196.1;False;;-35.6317;-5.90559
2412807;São Rafael;RN;NE;472.6;False;;-36.8778;-5.79791
2412906;São Tomé;RN;NE;868.1;False;;-36.0798;-5.96404
2413003;São Vicente;RN;NE;199.4;False;;-36.6827;-6.21893
2413102;Senador Elói de Souza;RN;NE;169.1;False;;-35.6978;-6.03334
2413201;Senador Georgino Avelino;RN;NE;26.5;False;;-35.1299;-6.1576
2413300;Serra de São Bento;RN;NE;97.0;False;;-35.7033;-6.41762
2413359;Serra do Mel;RN;NE;620.6;False;;-37.0242;-5.17725
2413409;Serra Negra do Norte;RN;NE;565.6;False;;-37.3996;-6.66031
2413508;Serrinha;RN;NE;195.0;False;;-35.5;-6.28181
2413557;Serrinha dos Pintos;RN;NE;123.3;False;;-37.9548;-6.11087
2413607;Severiano Melo;RN;NE;159.0;False;;-37.957;-5.77666
2413706;Sítio Novo;RN;NE;214.9;False;;-35.909;-6.11132
2413805;Taboleiro Grande;RN;NE;124.6;False;;-38.0367;-5.91948
2413904;Taipu;RN;NE;355.0;False;;-35.5918;-5.63058
2414001;Tangará;RN;NE;359.4;False;;-35.7989;-6.19649
2414100;Tenente Ananias;RN;NE;225.3;False;;-38.182;-6.45823
2414159;Tenente Laurentino Cruz;RN;NE;74.7;False;;-36.7135;-6.1378
2414209;Tibau do Sul;RN;NE;103.0;False;;-35.0866;-6.19176
2414308;Timbaúba dos Batistas;RN;NE;135.7;False;;-37.2745;-6.45768
2414407;Touros;RN;NE;843.7;False;;-35.4621;-5.20182
2414456;Triunfo Potiguar;RN;NE;270.6;False;;-37.1786;-5.85408
2414506;Umarizal;RN;NE;214.7;False;;-37.818;-5.98238
2414605;Upanema;RN;NE;878.7;False;;-37.2635;-5.63761
2414704;Várzea;RN;NE;73.2;False;;-35.3732;-6.34641
2414753;Venha-Ver;RN;NE;71.6;False;;-38.4896;-6.32016
2414803;Vera Cruz;RN;NE;83.6;False;;-35.428;-6.04399
2414902;Viçosa;RN;NE;38.0;False;;-37.9462;-5.98253
2415008;Vila Flor;RN;NE;47.9;False;;-35.067;-6.31287
2500106;Água Branca;PB;NE;237.6;False;;-37.6357;-7.51144
2500205;Aguiar;PB;NE;346.2;False;;-38.1681;-7.0918
2500304;Alagoa Grande;PB;NE;323.5;False;;-35.6206;-7.03943
2500403;Alagoa Nova;PB;NE;122.0;False;;-35.7591;-7.05377
2500502;Alagoinha;PB;NE;96.2;False;;-35.5332;-6.94657
2500536;Alcantil;PB;NE;307.5;False;;-36.0511;-7.73668
2500577;Algodão de Jandaíra;PB;NE;222.1;False;;-36.0129;-6.89292
2500601;Alhandra;PB;NE;184.5;False;;-34.9057;-7.42977
2500700;São João do Rio do Peixe;PB;NE;477.1;False;;-38.4468;-6.72195
2500734;Amparo;PB;NE;123.4;False;;-37.0628;-7.55502
2500775;Aparecida;PB;NE;297.6;False;;-38.0803;-6.78466
2500809;Araçagi;PB;NE;232.6;False;;-35.3737;-6.84374
2500908;Arara;PB;NE;98.8;False;;-35.7552;-6.82813
2501005;Araruna;PB;NE;248.3;False;;-35.7498;-6.54848
2501104;Areia;PB;NE;270.3;False;;-35.6977;-6.96396
2501153;Areia de Baraúnas;PB;NE;96.2;False;;-36.9404;-7.11702
2501203;Areial;PB;NE;34.3;False;;-35.9313;-7.04789
2501302;Aroeiras;PB;NE;376.4;False;;-35.7066;-7.54473
2501351;Assunção;PB;NE;127.1;False;;-36.725;-7.07231
2501401;Baía da Traição;PB;NE;103.8;False;;-34.9381;-6.69209
2501500;Bananeiras;PB;NE;260.4;False;;-35.6246;-6.74775
2501534;Baraúna;PB;NE;51.4;False;;-36.2601;-6.63484
2501575;Barra de Santana;PB;NE;379.9;False;;-35.9913;-7.51809
2501609;Barra de Santa Rosa;PB;NE;779.8;False;;-36.0671;-6.71816
2501708;Barra de São Miguel;PB;NE;599.3;False;;-36.3209;-7.74603
2501807;Bayeux;PB;NE;32.0;False;;-34.9293;-7.1238
2501906;Belém;PB;NE;100.7;False;;-35.5166;-6.74261
2502003;Belém do Brejo do Cruz;PB;NE;607.2;False;;-37.5348;-6.18515
2502052;Bernardino Batista;PB;NE;50.7;False;;-38.5521;-6.44572
2502102;Boa Ventura;PB;NE;171.8;False;;-38.2113;-7.40982
2502151;Boa Vista;PB;NE;478.7;False;;-36.2357;-7.26365
2502201;Bom Jesus;PB;NE;47.9;False;;-38.6453;-6.81601
2502300;Bom Sucesso;PB;NE;185.6;False;;-37.9234;-6.44176
2502409;Bonito de Santa Fé;PB;NE;228.9;False;;-38.5133;-7.31341
2502508;Boqueirão;PB;NE;374.3;False;;-36.1309;-7.487
2502607;Igaracy;PB;NE;193.8;False;;-38.1478;-7.17184
2502706;Borborema;PB;NE;25.8;False;;-35.6187;-6.80199
2502805;Brejo do Cruz;PB;NE;402.3;False;;-37.4943;-6.34185
2502904;Brejo dos Santos;PB;NE;94.2;False;;-37.8253;-6.37065
2503001;Caaporã;PB;NE;151.8;False;;-34.9055;-7.51351
2503100;Cabaceiras;PB;NE;455.5;False;;-36.287;-7.48899
2503209;Cabedelo;PB;NE;20.3;False;;-34.8284;-6.98731
2503308;Cachoeira dos Índios;PB;NE;174.2;False;;-38.676;-6.91353
2503407;Cacimba de Areia;PB;NE;221.9;False;;-37.1563;-7.12128
2503506;Cacimba de Dentro;PB;NE;165.3;False;;-35.7778;-6.6386
2503555;Cacimbas;PB;NE;127.5;False;;-37.0604;-7.20721
2503605;Caiçara;PB;NE;129.6;False;;-35.4581;-6.62115
2503704;Cajazeiras;PB;NE;590.4;False;;-38.5577;-6.88004
2503753;Cajazeirinhas;PB;NE;289.1;False;;-37.8009;-6.96016
2503803;Caldas Brandão;PB;NE;55.9;False;;-35.3272;-7.1025
2503902;Camalaú;PB;NE;546.8;False;;-36.8242;-7.88503
2504009;Campina Grande;PB;NE;597.5;False;;-35.8731;-7.22196
2504033;Capim;PB;NE;77.9;False;;-35.1673;-6.91624
2504074;Caraúbas;PB;NE;501.9;False;;-36.492;-7.72049
2504108;Carrapateira;PB;NE;73.0;False;;-38.3399;-7.03414
2504157;Casserengue;PB;NE;203.1;False;;-35.8179;-6.77954
2504207;Catingueira;PB;NE;532.8;False;;-37.6064;-7.12008
2504306;Catolé do Rocha;PB;NE;556.0;False;;-37.747;-6.34062
2504355;Caturité;PB;NE;118.6;False;;-36.0306;-7.41659
2504405;Conceição;PB;NE;583.7;False;;-38.5014;-7.55106
2504504;Condado;PB;NE;282.8;False;;-37.606;-6.89831
2504603;Conde;PB;NE;174.5;False;;-34.8999;-7.25746
2504702;Congo;PB;NE;334.6;False;;-36.6581;-7.79078
2504801;Coremas;PB;NE;381.7;False;;-37.9346;-7.00712
2504850;Coxixola;PB;NE;170.5;False;;-36.6064;-7.62365
2504900;Cruz do Espírito Santo;PB;NE;197.4;False;;-35.0857;-7.13902
2505006;Cubati;PB;NE;138.4;False;;-36.3619;-6.86686
2505105;Cuité;PB;NE;747.7;False;;-36.1515;-6.47647
2505204;Cuitegi;PB;NE;40.3;False;;-35.5215;-6.89058
2505238;Cuité de Mamanguape;PB;NE;109.2;False;;-35.2502;-6.91292
2505279;Curral de Cima;PB;NE;85.9;False;;-35.2639;-6.72325
2505303;Curral Velho;PB;NE;224.7;False;;-38.1962;-7.53075
2505352;Damião;PB;NE;186.7;False;;-35.9101;-6.63161
2505402;Desterro;PB;NE;180.0;False;;-37.0925;-7.287
2505501;Vista Serrana;PB;NE;63.1;False;;-37.5704;-6.7303
2505600;Diamante;PB;NE;270.6;False;;-38.2615;-7.41738
2505709;Dona Inês;PB;NE;167.0;False;;-35.6205;-6.61566
2505808;Duas Estradas;PB;NE;27.3;False;;-35.418;-6.68499
2505907;Emas;PB;NE;242.7;False;;-37.7163;-7.09964
2506004;Esperança;PB;NE;166.9;False;;-35.8597;-7.02278
2506103;Fagundes;PB;NE;189.5;False;;-35.7931;-7.34454
2506202;Frei Martinho;PB;NE;245.3;False;;-36.4526;-6.39759
2506251;Gado Bravo;PB;NE;193.5;False;;-35.7899;-7.58279
2506301;Guarabira;PB;NE;167.1;False;;-35.485;-6.85064
2506400;Gurinhém;PB;NE;311.6;False;;-35.4222;-7.1233
2506509;Gurjão;PB;NE;344.3;False;;-36.4923;-7.24833
2506608;Ibiara;PB;NE;246.5;False;;-38.4059;-7.47957
2506707;Imaculada;PB;NE;319.3;False;;-37.5079;-7.3889
2506806;Ingá;PB;NE;289.9;False;;-35.605;-7.28144
2506905;Itabaiana;PB;NE;220.6;False;;-35.3317;-7.33167
2507002;Itaporanga;PB;NE;470.6;False;;-38.1504;-7.30202
2507101;Itapororoca;PB;NE;147.6;False;;-35.2406;-6.82374
2507200;Itatuba;PB;NE;245.9;False;;-35.638;-7.38115
2507309;Jacaraú;PB;NE;255.1;False;;-35.289;-6.61453
2507408;Jericó;PB;NE;180.8;False;;-37.8036;-6.54577
2507507;João Pessoa;PB;NE;213.7;True;;-34.8641;-7.11509
2507606;Juarez Távora;PB;NE;83.2;False;;-35.5686;-7.1713
2507705;Juazeirinho;PB;NE;470.3;False;;-36.5793;-7.06092
2507804;Junco do Seridó;PB;NE;171.0;False;;-36.7166;-6.99269
2507903;Juripiranga;PB;NE;79.8;False;;-35.2321;-7.36176
2508000;Juru;PB;NE;405.6;False;;-37.815;-7.52983
2508109;Lagoa;PB;NE;178.7;False;;-37.9127;-6.58572
2508208;Lagoa de Dentro;PB;NE;84.3;False;;-35.3706;-6.67213
2508307;Lagoa Seca;PB;NE;110.0;False;;-35.8491;-7.15535
2508406;Lastro;PB;NE;102.7;False;;-38.1742;-6.50603
2508505;Livramento;PB;NE;262.4;False;;-36.9491;-7.37113
2508554;Logradouro;PB;NE;37.5;False;;-35.4384;-6.61191
2508604;Lucena;PB;NE;89.8;False;;-34.8748;-6.90258
2508703;Mãe d'Água;PB;NE;244.2;False;;-37.4322;-7.25201
2508802;Malta;PB;NE;157.7;False;;-37.5221;-6.89719
2508901;Mamanguape;PB;NE;342.8;False;;-35.1213;-6.8337
2509008;Manaíra;PB;NE;354.4;False;;-38.1523;-7.70331
2509057;Marcação;PB;NE;123.1;False;;-35.0087;-6.76535
2509107;Mari;PB;NE;155.9;False;;-35.318;-7.05942
2509156;Marizópolis;PB;NE;64.3;False;;-38.3528;-6.82748
2509206;Massaranduba;PB;NE;207.6;False;;-35.7848;-7.18995
2509305;Mataraca;PB;NE;183.8;False;;-35.0531;-6.59673
2509339;Matinhas;PB;NE;38.7;False;;-35.7669;-7.12486
2509370;Mato Grosso;PB;NE;84.2;False;;-37.7279;-6.54018
2509396;Maturéia;PB;NE;84.2;False;;-37.351;-7.26188
2509404;Mogeiro;PB;NE;220.6;False;;-35.4832;-7.28517
2509503;Montadas;PB;NE;25.7;False;;-35.9592;-7.08848
2509602;Monte Horebe;PB;NE;116.9;False;;-38.5838;-7.20402
2509701;Monteiro;PB;NE;992.7;False;;-37.1184;-7.88363
2509800;Mulungu;PB;NE;196.9;False;;-35.46;-7.02525
2509909;Natuba;PB;NE;195.1;False;;-35.5586;-7.63514
2510006;Nazarezinho;PB;NE;174.0;False;;-38.322;-6.9114
2510105;Nova Floresta;PB;NE;47.5;False;;-36.2057;-6.45056
2510204;Nova Olinda;PB;NE;84.1;False;;-38.0382;-7.47232
2510303;Nova Palmeira;PB;NE;313.3;False;;-36.422;-6.67122
2510402;Olho d'Água;PB;NE;600.8;False;;-37.7406;-7.22118
2510501;Olivedos;PB;NE;320.7;False;;-36.241;-6.98434
2510600;Ouro Velho;PB;NE;130.5;False;;-37.1519;-7.61604
2510659;Parari;PB;NE;128.6;False;;-36.6522;-7.30975
2510709;Passagem;PB;NE;113.1;False;;-37.0433;-7.13467
2510808;Patos;PB;NE;476.3;False;;-37.2747;-7.01743
2510907;Paulista;PB;NE;579.8;False;;-37.6185;-6.59138
2511004;Pedra Branca;PB;NE;113.5;False;;-38.0689;-7.42169
2511103;Pedra Lavrada;PB;NE;353.4;False;;-36.4758;-6.74997
2511202;Pedras de Fogo;PB;NE;401.6;False;;-35.1065;-7.39107
2511301;Piancó;PB;NE;567.9;False;;-37.9289;-7.19282
2511400;Picuí;PB;NE;665.4;False;;-36.3497;-6.50845
2511509;Pilar;PB;NE;103.3;False;;-35.2523;-7.26403
2511608;Pilões;PB;NE;65.1;False;;-35.613;-6.86827
2511707;Pilõezinhos;PB;NE;44.3;False;;-35.531;-6.84277
2511806;Pirpirituba;PB;NE;79.8;False;;-35.4906;-6.77922
2511905;Pitimbu;PB;NE;137.5;False;;-34.8151;-7.4664
2512002;Pocinhos;PB;NE;634.3;False;;-36.0668;-7.06658
2512036;Poço Dantas;PB;NE;98.1;False;;-38.4909;-6.39876
2512077;Poço de José de Moura;PB;NE;101.2;False;;-38.5111;-6.56401
2512101;Pombal;PB;NE;895.2;False;;-37.8003;-6.76606
2512200;Prata;PB;NE;193.7;False;;-37.0801;-7.68826
2512309;Princesa Isabel;PB;NE;371.5;False;;-37.9886;-7.73175
2512408;Puxinanã;PB;NE;74.3;False;;-35.9543;-7.15479
2512507;Queimadas;PB;NE;404.6;False;;-35.9031;-7.35029
2512606;Quixabá;PB;NE;158.2;False;;-37.1458;-7.0224
2512705;Remígio;PB;NE;179.1;False;;-35.8011;-6.94992
2512721;Pedro Régis;PB;NE;73.9;False;;-35.2966;-6.63323
2512747;Riachão;PB;NE;89.9;False;;-35.661;-6.54269
2512754;Riachão do Bacamarte;PB;NE;38.6;False;;-35.6693;-7.25347
2512762;Riachão do Poço;PB;NE;40.2;False;;-35.2914;-7.14173
2512788;Riacho de Santo Antônio;PB;NE;92.1;False;;-36.157;-7.68023
2512804;Riacho dos Cavalos;PB;NE;266.3;False;;-37.6483;-6.44067
2512903;Rio Tinto;PB;NE;470.6;False;;-35.0776;-6.80383
2513000;Salgadinho;PB;NE;185.7;False;;-36.8458;-7.10098
2513109;Salgado de São Félix;PB;NE;197.7;False;;-35.4305;-7.35337
2513158;Santa Cecília;PB;NE;230.6;False;;-35.8764;-7.7389
2513208;Santa Cruz;PB;NE;212.3;False;;-38.0617;-6.5237
2513307;Santa Helena;PB;NE;211.1;False;;-38.6427;-6.7176
2513356;Santa Inês;PB;NE;324.6;False;;-38.554;-7.621
2513406;Santa Luzia;PB;NE;458.7;False;;-36.9178;-6.86092
2513505;Santana de Mangueira;PB;NE;404.5;False;;-38.3236;-7.54705
2513604;Santana dos Garrotes;PB;NE;356.7;False;;-37.9819;-7.38162
2513653;Joca Claudino;PB;NE;74.9;False;;-38.4764;-6.48362
2513703;Santa Rita;PB;NE;731.0;False;;-34.9753;-7.11724
2513802;Santa Teresinha;PB;NE;360.4;False;;-37.4435;-7.07964
2513851;Santo André;PB;NE;227.5;False;;-36.6213;-7.22016
2513901;São Bento;PB;NE;248.9;False;;-37.4488;-6.48529
2513927;São Bentinho;PB;NE;197.3;False;;-37.7243;-6.88596
2513943;São Domingos do Cariri;PB;NE;219.4;False;;-36.4374;-7.63273
2513968;São Domingos;PB;NE;169.2;False;;-37.9488;-6.80313
2513984;São Francisco;PB;NE;95.9;False;;-38.0968;-6.60773
2514008;São João do Cariri;PB;NE;659.2;False;;-36.5345;-7.38168
2514107;São João do Tigre;PB;NE;820.3;False;;-36.8547;-8.07703
2514206;São José da Lagoa Tapada;PB;NE;344.2;False;;-38.1622;-6.93646
2514305;São José de Caiana;PB;NE;177.5;False;;-38.2989;-7.24636
2514404;São José de Espinharas;PB;NE;729.7;False;;-37.3214;-6.83974
2514453;São José dos Ramos;PB;NE;98.5;False;;-35.3725;-7.25238
2514503;São José de Piranhas;PB;NE;683.4;False;;-38.502;-7.1187
2514552;São José de Princesa;PB;NE;160.0;False;;-38.0894;-7.73633
2514602;São José do Bonfim;PB;NE;135.7;False;;-37.3036;-7.1607
2514651;São José do Brejo do Cruz;PB;NE;255.3;False;;-37.3601;-6.21054
2514701;São José do Sabugi;PB;NE;208.4;False;;-36.7972;-6.76295
2514800;São José dos Cordeiros;PB;NE;420.3;False;;-36.8085;-7.38775
2514909;São Mamede;PB;NE;534.9;False;;-37.0954;-6.92386
2515005;São Miguel de Taipu;PB;NE;93.0;False;;-35.2016;-7.24764
2515104;São Sebastião de Lagoa de Roça;PB;NE;50.3;False;;-35.8678;-7.11034
2515203;São Sebastião do Umbuzeiro;PB;NE;463.0;False;;-37.0138;-8.15289
2515302;Sapé;PB;NE;317.1;False;;-35.228;-7.09359
2515401;São Vicente do Seridó;PB;NE;277.9;False;;-36.4122;-6.85426
2515500;Serra Branca;PB;NE;691.0;False;;-36.666;-7.48034
2515609;Serra da Raiz;PB;NE;29.0;False;;-35.4379;-6.68527
2515708;Serra Grande;PB;NE;84.4;False;;-38.3647;-7.20957
2515807;Serra Redonda;PB;NE;55.7;False;;-35.6842;-7.18622
2515906;Serraria;PB;NE;65.7;False;;-35.6282;-6.81569
2515930;Sertãozinho;PB;NE;33.1;False;;-35.4372;-6.75127
2515971;Sobrado;PB;NE;63.1;False;;-35.2357;-7.14429
2516003;Solânea;PB;NE;234.4;False;;-35.6636;-6.75161
2516102;Soledade;PB;NE;564.5;False;;-36.3668;-7.05829
2516151;Sossêgo;PB;NE;155.5;False;;-36.2538;-6.77067
2516201;Sousa;PB;NE;744.2;False;;-38.2311;-6.75148
2516300;Sumé;PB;NE;843.9;False;;-36.884;-7.66206
2516409;Tacima;PB;NE;248.0;False;;-35.6367;-6.48759
2516508;Taperoá;PB;NE;666.7;False;;-36.8245;-7.20629
2516607;Tavares;PB;NE;229.6;False;;-37.8712;-7.62697
2516706;Teixeira;PB;NE;162.2;False;;-37.2525;-7.22104
2516755;Tenório;PB;NE;105.7;False;;-36.6273;-6.93855
2516805;Triunfo;PB;NE;222.5;False;;-38.5986;-6.5713
2516904;Uiraúna;PB;NE;296.3;False;;-38.4128;-6.51504
2517001;Umbuzeiro;PB;NE;182.6;False;;-35.6582;-7.69199
2517100;Várzea;PB;NE;191.9;False;;-36.9913;-6.76189
2517209;Vieirópolis;PB;NE;147.4;False;;-38.2567;-6.50684
2517407;Zabelê;PB;NE;110.7;False;;-37.1057;-8.07901
2600054;Abreu e Lima;PE;NE;126.7;False;;-34.8984;-7.90072
2600104;Afogados da Ingazeira;PE;NE;381.3;False;;-37.631;-7.74312
2600203;Afrânio;PE;NE;1500.0;False;;-41.0095;-8.51136
2600302;Agrestina;PE;NE;202.4;False;;-35.9447;-8.45966
2600401;Água Preta;PE;NE;536.2;False;;-35.5263;-8.70609
2600500;Águas Belas;PE;NE;892.6;False;;-37.1226;-9.11125
2600609;Alagoinha;PE;NE;219.1;False;;-36.7788;-8.4665
2600708;Aliança;PE;NE;249.5;False;;-35.2227;-7.60398
2600807;Altinho;PE;NE;457.8;False;;-36.0644;-8.48482
2600906;Amaraji;PE;NE;237.1;False;;-35.4501;-8.37691
2601003;Angelim;PE;NE;118.0;False;;-36.2902;-8.88429
2601052;Araçoiaba;PE;NE;97.3;False;;-35.0809;-7.78391
2601102;Araripina;PE;NE;1905.6;False;;-40.494;-7.57073
2601201;Arcoverde;PE;NE;301.1;False;;-37.0577;-8.41519
2601300;Barra de Guabiraba;PE;NE;115.1;False;;-35.6585;-8.42075
2601409;Barreiros;PE;NE;235.5;False;;-35.1832;-8.81605
2601508;Belém de Maria;PE;NE;74.9;False;;-35.8335;-8.62504
2601607;Belém do São Francisco;PE;NE;1844.1;False;;-38.9623;-8.75046
2601706;Belo Jardim;PE;NE;652.5;False;;-36.4258;-8.3313
2601805;Betânia;PE;NE;1252.1;False;;-38.0345;-8.26787
2601904;Bezerros;PE;NE;501.7;False;;-35.796;-8.2328
2602001;Bodocó;PE;NE;1628.3;False;;-39.9338;-7.77759
2602100;Bom Conselho;PE;NE;792.2;False;;-36.6857;-9.16919
2602209;Bom Jardim;PE;NE;227.2;False;;-35.5784;-7.79695
2602308;Bonito;PE;NE;401.3;False;;-35.7292;-8.47163
2602407;Brejão;PE;NE;160.1;False;;-36.566;-9.02915
2602506;Brejinho;PE;NE;107.5;False;;-37.2865;-7.34694
2602605;Brejo da Madre de Deus;PE;NE;767.3;False;;-36.3741;-8.14933
2602704;Buenos Aires;PE;NE;97.7;False;;-35.3182;-7.72449
2602803;Buíque;PE;NE;1265.3;False;;-37.1606;-8.61954
2602902;Cabo de Santo Agostinho;PE;NE;451.7;False;;-35.0253;-8.28218
2603009;Cabrobó;PE;NE;1668.2;False;;-39.3094;-8.50548
2603108;Cachoeirinha;PE;NE;153.2;False;;-36.2402;-8.48668
2603207;Caetés;PE;NE;331.7;False;;-36.6268;-8.7803
2603306;Calçado;PE;NE;122.7;False;;-36.3366;-8.73108
2603405;Calumbi;PE;NE;222.4;False;;-38.1482;-7.93551
2603454;Camaragibe;PE;NE;47.2;False;;-34.9782;-8.02351
2603504;Camocim de São Félix;PE;NE;54.0;False;;-35.7653;-8.35865
2603603;Camutanga;PE;NE;38.5;False;;-35.2664;-7.40545
2603702;Canhotinho;PE;NE;427.1;False;;-36.1979;-8.87652
2603801;Capoeiras;PE;NE;338.9;False;;-36.6306;-8.73423
2603900;Carnaíba;PE;NE;439.8;False;;-37.7946;-7.79342
2603926;Carnaubeira da Penha;PE;NE;1010.5;False;;-38.7512;-8.31799
2604007;Carpina;PE;NE;148.1;False;;-35.2514;-7.84566
2604106;Caruaru;PE;NE;928.9;False;;-35.9699;-8.28455
2604155;Casinhas;PE;NE;120.7;False;;-35.7206;-7.74084
2604205;Catende;PE;NE;209.5;False;;-35.7024;-8.67509
2604304;Cedro;PE;NE;144.7;False;;-39.2367;-7.71179
2604403;Chã de Alegria;PE;NE;48.8;False;;-35.204;-8.00679
2604502;Chã Grande;PE;NE;69.9;False;;-35.4571;-8.23827
2604601;Condado;PE;NE;90.5;False;;-35.0999;-7.58787
2604700;Correntes;PE;NE;341.2;False;;-36.3244;-9.12117
2604809;Cortês;PE;NE;100.8;False;;-35.5468;-8.47443
2604908;Cumaru;PE;NE;294.1;False;;-35.6957;-8.00827
2605004;Cupira;PE;NE;105.9;False;;-35.9518;-8.62432
2605103;Custódia;PE;NE;1412.3;False;;-37.6443;-8.08546
2605152;Dormentes;PE;NE;1549.0;False;;-40.7662;-8.44116
2605202;Escada;PE;NE;350.8;False;;-35.2241;-8.35672
2605301;Exu;PE;NE;1345.2;False;;-39.7238;-7.50364
2605400;Feira Nova;PE;NE;108.8;False;;-35.3801;-7.94704
2605459;Fernando de Noronha;PE;NE;17.6;False;;-32.4107;-3.8396
2605509;Ferreiros;PE;NE;89.5;False;;-35.2373;-7.44666
2605608;Flores;PE;NE;960.1;False;;-37.9715;-7.85842
2605707;Floresta;PE;NE;1989.8;False;;-38.5687;-8.60307
2605806;Frei Miguelinho;PE;NE;214.0;False;;-35.9113;-7.93918
2605905;Gameleira;PE;NE;257.2;False;;-35.3846;-8.5798
2606002;Garanhuns;PE;NE;461.7;False;;-36.4966;-8.88243
2606101;Glória do Goitá;PE;NE;232.5;False;;-35.2904;-8.00568
2606200;Goiana;PE;NE;504.8;False;;-34.9959;-7.5606
2606309;Granito;PE;NE;526.2;False;;-39.615;-7.70711
2606408;Gravatá;PE;NE;518.3;False;;-35.5675;-8.21118
2606507;Iati;PE;NE;639.2;False;;-36.8498;-9.04559
2606606;Ibimirim;PE;NE;2575.2;False;;-37.7032;-8.54026
2606705;Ibirajuba;PE;NE;190.5;False;;-36.1812;-8.57633
2606804;Igarassu;PE;NE;307.6;False;;-34.9013;-7.82881
2606903;Iguaracy;PE;NE;842.7;False;;-37.5082;-7.83222
2607000;Inajá;PE;NE;1190.8;False;;-37.8351;-8.90206
2607109;Ingazeira;PE;NE;245.4;False;;-37.4576;-7.66909
2607208;Ipojuca;PE;NE;476.9;False;;-35.0609;-8.39303
2607307;Ipubi;PE;NE;866.6;False;;-40.1476;-7.64505
2607406;Itacuruba;PE;NE;433.7;False;;-38.6975;-8.82231
2607505;Itaíba;PE;NE;1074.8;False;;-37.4173;-8.94569
2607604;Ilha de Itamaracá;PE;NE;65.6;False;;-34.8303;-7.74766
2607653;Itambé;PE;NE;306.3;False;;-35.0963;-7.41403
2607703;Itapetim;PE;NE;407.4;False;;-37.1863;-7.37178
2607752;Itapissuma;PE;NE;74.1;False;;-34.8971;-7.76798
2607802;Itaquitinga;PE;NE;104.5;False;;-35.1002;-7.66373
2607901;Jaboatão dos Guararapes;PE;NE;257.6;False;;-35.015;-8.11298
2607950;Jaqueira;PE;NE;86.0;False;;-35.7942;-8.72618
2608008;Jataúba;PE;NE;676.0;False;;-36.4943;-7.97668
2608057;Jatobá;PE;NE;279.1;False;;-38.2607;-9.17476
2608107;João Alfredo;PE;NE;134.0;False;;-35.5787;-7.86565
2608206;Joaquim Nabuco;PE;NE;123.2;False;;-35.5288;-8.62281
2608255;Jucati;PE;NE;121.7;False;;-36.4871;-8.70195
2608305;Jupi;PE;NE;105.7;False;;-36.4126;-8.70904
2608404;Jurema;PE;NE;149.6;False;;-36.1347;-8.70714
2608453;Lagoa do Carro;PE;NE;70.1;False;;-35.3108;-7.84383
2608503;Lagoa de Itaenga;PE;NE;58.2;False;;-35.2874;-7.93005
2608602;Lagoa do Ouro;PE;NE;199.8;False;;-36.4584;-9.12567
2608701;Lagoa dos Gatos;PE;NE;230.1;False;;-35.904;-8.6602
2608750;Lagoa Grande;PE;NE;1864.6;False;;-40.2767;-8.99452
2608800;Lajedo;PE;NE;190.3;False;;-36.3293;-8.65791
2608909;Limoeiro;PE;NE;271.9;False;;-35.4402;-7.8726
2609006;Macaparana;PE;NE;126.3;False;;-35.4425;-7.55564
2609105;Machados;PE;NE;57.9;False;;-35.5114;-7.68827
2609154;Manari;PE;NE;410.6;False;;-37.6313;-8.9649
2609204;Maraial;PE;NE;200.9;False;;-35.8266;-8.79062
2609303;Mirandiba;PE;NE;826.5;False;;-38.7388;-8.12113
2609402;Moreno;PE;NE;197.7;False;;-35.0835;-8.10871
2609501;Nazaré da Mata;PE;NE;152.1;False;;-35.2193;-7.74149
2609600;Olinda;PE;NE;43.4;False;;-34.8545;-8.01017
2609709;Orobó;PE;NE;141.9;False;;-35.5956;-7.74553
2609808;Orocó;PE;NE;557.1;False;;-39.6026;-8.61026
2609907;Ouricuri;PE;NE;2439.1;False;;-40.08;-7.87918
2610004;Palmares;PE;NE;341.5;False;;-35.589;-8.68423
2610103;Palmeirina;PE;NE;158.8;False;;-36.3242;-9.0109
2610202;Panelas;PE;NE;373.7;False;;-36.0125;-8.66121
2610301;Paranatama;PE;NE;233.1;False;;-36.6549;-8.91875
2610400;Parnamirim;PE;NE;2625.4;False;;-39.5795;-8.08729
2610509;Passira;PE;NE;330.1;False;;-35.5813;-7.9971
2610608;Paudalho;PE;NE;280.0;False;;-35.1716;-7.90287
2610707;Paulista;PE;NE;97.4;False;;-34.8684;-7.93401
2610806;Pedra;PE;NE;861.1;False;;-36.94;-8.49641
2610905;Pesqueira;PE;NE;1050.4;False;;-36.6978;-8.35797
2611002;Petrolândia;PE;NE;1385.1;False;;-38.3027;-9.06863
2611101;Petrolina;PE;NE;4584.9;False;;-40.5027;-9.38866
2611200;Poção;PE;NE;204.3;False;;-36.7111;-8.18726
2611309;Pombos;PE;NE;209.3;False;;-35.3967;-8.13982
2611408;Primavera;PE;NE;89.1;False;;-35.3544;-8.32999
2611507;Quipapá;PE;NE;231.6;False;;-36.0137;-8.81175
2611533;Quixaba;PE;NE;211.6;False;;-37.8446;-7.70734
2611606;Recife;PE;NE;221.6;True;;-34.8771;-8.04666
2611705;Riacho das Almas;PE;NE;314.2;False;;-35.8648;-8.13742
2611804;Ribeirão;PE;NE;341.1;False;;-35.3698;-8.50957
2611903;Rio Formoso;PE;NE;241.1;False;;-35.1532;-8.6592
2612000;Sairé;PE;NE;192.5;False;;-35.6967;-8.32864
2612109;Salgadinho;PE;NE;89.7;False;;-35.6503;-7.9269
2612208;Salgueiro;PE;NE;1647.9;False;;-39.1247;-8.07373
2612307;Saloá;PE;NE;252.9;False;;-36.691;-8.9723
2612406;Sanharó;PE;NE;257.3;False;;-36.5696;-8.36097
2612455;Santa Cruz;PE;NE;1263.0;False;;-40.3434;-8.24153
2612471;Santa Cruz da Baixa Verde;PE;NE;115.4;False;;-38.1476;-7.81339
2612505;Santa Cruz do Capibaribe;PE;NE;337.7;False;;-36.2061;-7.94802
2612554;Santa Filomena;PE;NE;1011.2;False;;-40.6079;-8.16688
2612604;Santa Maria da Boa Vista;PE;NE;3021.2;False;;-39.8241;-8.79766
2612703;Santa Maria do Cambucá;PE;NE;93.0;False;;-35.8941;-7.83676
2612802;Santa Terezinha;PE;NE;196.1;False;;-37.4787;-7.37696
2612901;São Benedito do Sul;PE;NE;158.4;False;;-35.9453;-8.8166
2613008;São Bento do Una;PE;NE;759.0;False;;-36.4465;-8.52637
2613107;São Caetano;PE;NE;384.8;False;;-36.2869;-8.33763
2613206;São João;PE;NE;260.3;False;;-36.3653;-8.87576
2613305;São Joaquim do Monte;PE;NE;244.9;False;;-35.8035;-8.43196
2613404;São José da Coroa Grande;PE;NE;69.6;False;;-35.1515;-8.88937
2613503;São José do Belmonte;PE;NE;1485.9;False;;-38.7577;-7.85723
2613602;São José do Egito;PE;NE;805.1;False;;-37.274;-7.46945
2613701;São Lourenço da Mata;PE;NE;268.2;False;;-35.0124;-8.00684
2613800;São Vicente Ferrer;PE;NE;110.2;False;;-35.4808;-7.58969
2613909;Serra Talhada;PE;NE;3001.1;False;;-38.289;-7.98178
2614006;Serrita;PE;NE;1548.1;False;;-39.2951;-7.94041
2614105;Sertânia;PE;NE;2436.0;False;;-37.2684;-8.06847
2614204;Sirinhaém;PE;NE;381.6;False;;-35.1126;-8.58778
2614303;Moreilândia;PE;NE;406.7;False;;-39.546;-7.61931
2614402;Solidão;PE;NE;139.3;False;;-37.6445;-7.59472
2614501;Surubim;PE;NE;255.0;False;;-35.7481;-7.84746
2614600;Tabira;PE;NE;390.9;False;;-37.5377;-7.58366
2614709;Tacaimbó;PE;NE;228.6;False;;-36.3;-8.30867
2614808;Tacaratu;PE;NE;1272.8;False;;-38.1504;-9.09798
2614857;Tamandaré;PE;NE;203.2;False;;-35.1033;-8.75665
2615003;Taquaritinga do Norte;PE;NE;477.4;False;;-36.0423;-7.89446
2615102;Terezinha;PE;NE;153.1;False;;-36.6272;-9.05621
2615201;Terra Nova;PE;NE;363.4;False;;-39.3825;-8.22244
2615300;Timbaúba;PE;NE;318.9;False;;-35.3119;-7.50484
2615409;Toritama;PE;NE;26.0;False;;-36.0637;-8.00955
2615508;Tracunhaém;PE;NE;117.7;False;;-35.2314;-7.80228
2615607;Trindade;PE;NE;230.6;False;;-40.2647;-7.759
2615706;Triunfo;PE;NE;192.7;False;;-38.0978;-7.83272
2615805;Tupanatinga;PE;NE;1107.0;False;;-37.3445;-8.74798
2615904;Tuparetama;PE;NE;178.6;False;;-37.3165;-7.6003
2616001;Venturosa;PE;NE;322.6;False;;-36.8742;-8.57885
2616100;Verdejante;PE;NE;479.1;False;;-38.9701;-7.92235
2616183;Vertente do Lério;PE;NE;70.6;False;;-35.8491;-7.77084
2616209;Vertentes;PE;NE;198.0;False;;-35.9681;-7.90158
2616308;Vicência;PE;NE;231.6;False;;-35.3139;-7.65655
2616407;Vitória de Santo Antão;PE;NE;373.9;False;;-35.2976;-8.12819
2616506;Xexéu;PE;NE;111.5;False;;-35.6212;-8.8046
2700102;Água Branca;AL;NE;457.8;False;;-37.938;-9.262
2700201;Anadia;AL;NE;190.7;False;;-36.3078;-9.68489
2700300;Arapiraca;AL;NE;356.9;False;;-36.6615;-9.75487
2700409;Atalaia;AL;NE;531.7;False;;-36.0086;-9.5119
2700508;Barra de Santo Antônio;AL;NE;139.4;False;;-35.5101;-9.4023
2700607;Barra de São Miguel;AL;NE;76.3;False;;-35.9057;-9.83842
2700706;Batalha;AL;NE;323.0;False;;-37.133;-9.6742
2700805;Belém;AL;NE;48.5;False;;-36.4904;-9.57047
2700904;Belo Monte;AL;NE;336.7;False;;-37.277;-9.82272
2701001;Boca da Mata;AL;NE;187.5;False;;-36.2125;-9.64308
2701100;Branquinha;AL;NE;166.6;False;;-36.0162;-9.23342
2701209;Cacimbinhas;AL;NE;274.7;False;;-36.9911;-9.40121
2701308;Cajueiro;AL;NE;125.1;False;;-36.1559;-9.3994
2701357;Campestre;AL;NE;66.7;False;;-35.5685;-8.84723
2701407;Campo Alegre;AL;NE;309.5;False;;-36.3525;-9.78451
2701506;Campo Grande;AL;NE;167.8;False;;-36.7926;-9.95542
2701605;Canapi;AL;NE;578.6;False;;-37.5967;-9.11932
2701704;Capela;AL;NE;244.5;False;;-36.0826;-9.41504
2701803;Carneiros;AL;NE;114.0;False;;-37.3773;-9.48476
2701902;Chã Preta;AL;NE;201.9;False;;-36.2983;-9.2556
2702009;Coité do Nóia;AL;NE;88.7;False;;-36.5845;-9.63348
2702108;Colônia Leopoldina;AL;NE;209.1;False;;-35.7214;-8.91806
2702207;Coqueiro Seco;AL;NE;39.8;False;;-35.7994;-9.63715
2702306;Coruripe;AL;NE;920.0;False;;-36.1717;-10.1276
2702355;Craíbas;AL;NE;276.9;False;;-36.7697;-9.6178
2702405;Delmiro Gouveia;AL;NE;610.0;False;;-37.9987;-9.38534
2702504;Dois Riachos;AL;NE;141.7;False;;-37.0965;-9.38465
2702553;Estrela de Alagoas;AL;NE;266.2;False;;-36.7644;-9.39089
2702603;Feira Grande;AL;NE;173.2;False;;-36.6815;-9.89859
2702702;Feliz Deserto;AL;NE;92.6;False;;-36.3028;-10.2935
2702801;Flexeiras;AL;NE;334.8;False;;-35.7139;-9.27281
2702900;Girau do Ponciano;AL;NE;504.8;False;;-36.8316;-9.88404
2703007;Ibateguara;AL;NE;269.3;False;;-35.9373;-8.97823
2703106;Igaci;AL;NE;336.2;False;;-36.6372;-9.53768
2703205;Igreja Nova;AL;NE;431.8;False;;-36.6597;-10.1235
2703304;Inhapi;AL;NE;379.1;False;;-37.7509;-9.22594
2703403;Jacaré dos Homens;AL;NE;143.3;False;;-37.2076;-9.63545
2703502;Jacuípe;AL;NE;212.6;False;;-35.4591;-8.83951
2703601;Japaratinga;AL;NE;86.3;False;;-35.2634;-9.08746
2703700;Jaramataia;AL;NE;105.0;False;;-37.0046;-9.66224
2703759;Jequiá da Praia;AL;NE;340.0;False;;-36.0142;-10.0133
2703809;Joaquim Gomes;AL;NE;352.8;False;;-35.7474;-9.1328
2703908;Jundiá;AL;NE;95.2;False;;-35.5669;-8.93297
2704005;Junqueiro;AL;NE;243.8;False;;-36.4803;-9.90696
2704104;Lagoa da Canoa;AL;NE;86.7;False;;-36.7413;-9.83291
2704203;Limoeiro de Anadia;AL;NE;318.4;False;;-36.5121;-9.74098
2704302;Maceió;AL;NE;508.6;True;;-35.735;-9.66599
2704401;Major Isidoro;AL;NE;456.4;False;;-36.992;-9.53009
2704500;Maragogi;AL;NE;334.6;False;;-35.2267;-9.00744
2704609;Maravilha;AL;NE;304.1;False;;-37.3524;-9.23045
2704708;Marechal Deodoro;AL;NE;334.4;False;;-35.8967;-9.70971
2704807;Maribondo;AL;NE;176.8;False;;-36.3045;-9.58353
2704906;Mar Vermelho;AL;NE;93.2;False;;-36.3881;-9.44739
2705002;Mata Grande;AL;NE;912.2;False;;-37.7323;-9.11824
2705101;Matriz de Camaragibe;AL;NE;220.9;False;;-35.5243;-9.15437
2705200;Messias;AL;NE;114.5;False;;-35.8392;-9.39384
2705309;Minador do Negrão;AL;NE;165.2;False;;-36.8696;-9.31236
2705408;Monteirópolis;AL;NE;86.8;False;;-37.2505;-9.60357
2705507;Murici;AL;NE;430.1;False;;-35.9428;-9.30682
2705606;Novo Lino;AL;NE;232.3;False;;-35.664;-8.94191
2705705;Olho d'Água das Flores;AL;NE;184.4;False;;-37.2971;-9.53686
2705804;Olho d'Água do Casado;AL;NE;324.9;False;;-37.8301;-9.50357
2705903;Olho d'Água Grande;AL;NE;119.0;False;;-36.8101;-10.0572
2706000;Olivença;AL;NE;174.1;False;;-37.1954;-9.51954
2706109;Ouro Branco;AL;NE;206.9;False;;-37.3556;-9.15884
2706208;Palestina;AL;NE;49.1;False;;-37.339;-9.67493
2706307;Palmeira dos Índios;AL;NE;463.8;False;;-36.6328;-9.40568
2706406;Pão de Açúcar;AL;NE;662.0;False;;-37.4403;-9.74032
2706422;Pariconha;AL;NE;260.8;False;;-37.9988;-9.25634
2706448;Paripueira;AL;NE;93.8;False;;-35.552;-9.46313
2706505;Passo de Camaragibe;AL;NE;194.6;False;;-35.4745;-9.24511
2706604;Paulo Jacinto;AL;NE;107.8;False;;-36.3672;-9.36792
2706703;Penedo;AL;NE;692.6;False;;-36.5819;-10.2874
2706802;Piaçabuçu;AL;NE;242.6;False;;-36.434;-10.406
2706901;Pilar;AL;NE;251.7;False;;-35.9543;-9.60135
2707008;Pindoba;AL;NE;118.2;False;;-36.2918;-9.47382
2707107;Piranhas;AL;NE;409.1;False;;-37.757;-9.624
2707206;Poço das Trincheiras;AL;NE;292.4;False;;-37.2889;-9.30742
2707305;Porto Calvo;AL;NE;310.1;False;;-35.3987;-9.05195
2707404;Porto de Pedras;AL;NE;259.5;False;;-35.3049;-9.16006
2707503;Porto Real do Colégio;AL;NE;241.6;False;;-36.8376;-10.1849
2707602;Quebrangulo;AL;NE;301.7;False;;-36.4692;-9.32001
2707701;Rio Largo;AL;NE;307.8;False;;-35.8394;-9.47783
2707800;Roteiro;AL;NE;130.2;False;;-35.9782;-9.83503
2707909;Santa Luzia do Norte;AL;NE;29.3;False;;-35.8232;-9.6037
2708006;Santana do Ipanema;AL;NE;439.6;False;;-37.248;-9.36999
2708105;Santana do Mundaú;AL;NE;215.3;False;;-36.2176;-9.17141
2708204;São Brás;AL;NE;141.0;False;;-36.8522;-10.1141
2708303;São José da Laje;AL;NE;254.7;False;;-36.0515;-9.01278
2708402;São José da Tapera;AL;NE;524.9;False;;-37.3831;-9.55768
2708501;São Luís do Quitunde;AL;NE;399.3;False;;-35.5606;-9.31816
2708600;São Miguel dos Campos;AL;NE;363.9;False;;-36.0971;-9.78301
2708709;São Miguel dos Milagres;AL;NE;77.4;False;;-35.3763;-9.26493
2708808;São Sebastião;AL;NE;316.8;False;;-36.559;-9.93043
2708907;Satuba;AL;NE;42.7;False;;-35.8227;-9.56911
2708956;Senador Rui Palmeira;AL;NE;345.8;False;;-37.4576;-9.46986
2709004;Tanque d'Arca;AL;NE;130.0;False;;-36.4366;-9.53379
2709103;Taquarana;AL;NE;167.7;False;;-36.4928;-9.64529
2709152;Teotônio Vilela;AL;NE;298.9;False;;-36.3492;-9.91656
2709202;Traipu;AL;NE;703.4;False;;-37.0071;-9.96262
2709301;União dos Palmares;AL;NE;423.8;False;;-36.0223;-9.15921
2709400;Viçosa;AL;NE;345.8;False;;-36.2431;-9.36763
2800100;Amparo de São Francisco;SE;NE;35.5;False;;-36.935;-10.1348
2800209;Aquidabã;SE;NE;361.7;False;;-37.0148;-10.278
2800308;Aracaju;SE;NE;174.0;True;;-37.0677;-10.9091
2800407;Arauá;SE;NE;194.0;False;;-37.6201;-11.2614
2800506;Areia Branca;SE;NE;147.8;False;;-37.3251;-10.758
2800605;Barra dos Coqueiros;SE;NE;92.7;False;;-37.0323;-10.8996
2800670;Boquim;SE;NE;207.4;False;;-37.6195;-11.1397
2800704;Brejo Grande;SE;NE;149.1;False;;-36.4611;-10.4297
2801009;Campo do Brito;SE;NE;203.4;False;;-37.4954;-10.7392
2801108;Canhoba;SE;NE;171.9;False;;-36.9806;-10.1365
2801207;Canindé de São Francisco;SE;NE;907.4;False;;-37.7923;-9.64882
2801306;Capela;SE;NE;445.4;False;;-37.0628;-10.5069
2801405;Carira;SE;NE;641.1;False;;-37.7002;-10.3524
2801504;Carmópolis;SE;NE;45.3;False;;-36.9887;-10.6449
2801603;Cedro de São João;SE;NE;84.2;False;;-36.8856;-10.2534
2801702;Cristinápolis;SE;NE;237.4;False;;-37.7585;-11.4668
2801900;Cumbe;SE;NE;128.8;False;;-37.1846;-10.352
2802007;Divina Pastora;SE;NE;93.4;False;;-37.1506;-10.6782
2802106;Estância;SE;NE;648.8;False;;-37.4484;-11.2659
2802205;Feira Nova;SE;NE;186.0;False;;-37.3147;-10.2616
2802304;Frei Paulo;SE;NE;402.5;False;;-37.5279;-10.5513
2802403;Gararu;SE;NE;657.4;False;;-37.0869;-9.9722
2802502;General Maynard;SE;NE;20.3;False;;-36.9838;-10.6835
2802601;Gracho Cardoso;SE;NE;243.4;False;;-37.2006;-10.2252
2802700;Ilha das Flores;SE;NE;55.0;False;;-36.5479;-10.4425
2802809;Indiaroba;SE;NE;314.0;False;;-37.515;-11.5157
2802908;Itabaiana;SE;NE;338.3;False;;-37.4273;-10.6826
2803005;Itabaianinha;SE;NE;496.6;False;;-37.7875;-11.2693
2803104;Itabi;SE;NE;185.6;False;;-37.1056;-10.1248
2803203;Itaporanga d'Ajuda;SE;NE;743.4;False;;-37.3078;-10.99
2803302;Japaratuba;SE;NE;367.6;False;;-36.9418;-10.5849
2803401;Japoatã;SE;NE;410.3;False;;-36.8045;-10.3477
2803500;Lagarto;SE;NE;975.4;False;;-37.6689;-10.9136
2803609;Laranjeiras;SE;NE;163.5;False;;-37.1731;-10.7981
2803708;Macambira;SE;NE;138.4;False;;-37.5413;-10.6619
2803807;Malhada dos Bois;SE;NE;64.2;False;;-36.9252;-10.3418
2803906;Malhador;SE;NE;101.4;False;;-37.3004;-10.6649
2804003;Maruim;SE;NE;95.1;False;;-37.0856;-10.7308
2804102;Moita Bonita;SE;NE;96.6;False;;-37.3512;-10.5769
2804201;Monte Alegre de Sergipe;SE;NE;409.5;False;;-37.5616;-10.0256
2804300;Muribeca;SE;NE;76.4;False;;-36.9588;-10.4271
2804409;Neópolis;SE;NE;267.2;False;;-36.585;-10.3215
2804458;Nossa Senhora Aparecida;SE;NE;341.7;False;;-37.4517;-10.3944
2804508;Nossa Senhora da Glória;SE;NE;759.9;False;;-37.4211;-10.2158
2804607;Nossa Senhora das Dores;SE;NE;487.0;False;;-37.1963;-10.4854
2804706;Nossa Senhora de Lourdes;SE;NE;81.5;False;;-37.0615;-10.0772
2804805;Nossa Senhora do Socorro;SE;NE;158.9;False;;-37.1231;-10.8468
2804904;Pacatuba;SE;NE;377.2;False;;-36.6531;-10.4538
2805000;Pedra Mole;SE;NE;81.3;False;;-37.6922;-10.6134
2805109;Pedrinhas;SE;NE;34.1;False;;-37.6775;-11.1902
2805208;Pinhão;SE;NE;157.2;False;;-37.7242;-10.5677
2805307;Pirambu;SE;NE;208.1;False;;-36.8544;-10.7215
2805406;Poço Redondo;SE;NE;1242.3;False;;-37.6833;-9.80616
2805505;Poço Verde;SE;NE;443.6;False;;-38.1813;-10.7151
2805604;Porto da Folha;SE;NE;883.0;False;;-37.2842;-9.91626
2805703;Propriá;SE;NE;88.1;False;;-36.8442;-10.2138
2805802;Riachão do Dantas;SE;NE;534.3;False;;-37.731;-11.0729
2805901;Riachuelo;SE;NE;78.5;False;;-37.1966;-10.735
2806008;Ribeirópolis;SE;NE;260.6;False;;-37.438;-10.5357
2806107;Rosário do Catete;SE;NE;106.2;False;;-37.0357;-10.6904
2806206;Salgado;SE;NE;249.1;False;;-37.4804;-11.0288
2806305;Santa Luzia do Itanhy;SE;NE;331.1;False;;-37.4586;-11.3536
2806404;Santana do São Francisco;SE;NE;46.7;False;;-36.6105;-10.2922
2806503;Santa Rosa de Lima;SE;NE;67.9;False;;-37.1931;-10.6434
2806602;Santo Amaro das Brotas;SE;NE;236.8;False;;-37.0564;-10.7892
2806701;São Cristóvão;SE;NE;440.0;False;;-37.2044;-11.0084
2806800;São Domingos;SE;NE;102.9;False;;-37.5685;-10.7916
2806909;São Francisco;SE;NE;83.4;False;;-36.8869;-10.3442
2807006;São Miguel do Aleixo;SE;NE;146.1;False;;-37.3836;-10.3847
2807105;Simão Dias;SE;NE;569.2;False;;-37.8097;-10.7387
2807204;Siriri;SE;NE;166.8;False;;-37.1131;-10.5965
2807303;Telha;SE;NE;49.0;False;;-36.8818;-10.2064
2807402;Tobias Barreto;SE;NE;1026.7;False;;-37.9995;-11.1798
2807501;Tomar do Geru;SE;NE;306.2;False;;-37.8433;-11.3694
2807600;Umbaúba;SE;NE;121.6;False;;-37.6623;-11.3809
2900108;Abaíra;BA;NE;582.6;False;;-41.6619;-13.2488
2900207;Abaré;BA;NE;1703.5;False;;-39.1162;-8.72073
2900306;Acajutiba;BA;NE;196.4;False;;-38.0197;-11.6575
2900355;Adustina;BA;NE;628.9;False;;-38.1113;-10.5437
2900405;Água Fria;BA;NE;662.9;False;;-38.7639;-11.8618
2900504;Érico Cardoso;BA;NE;704.2;False;;-42.1352;-13.4215
2900603;Aiquara;BA;NE;196.3;False;;-39.8937;-14.1269
2900702;Alagoinhas;BA;NE;768.8;False;;-38.4208;-12.1335
2900801;Alcobaça;BA;NE;1516.2;False;;-39.2036;-17.5195
2900900;Almadina;BA;NE;251.8;False;;-39.6415;-14.7089
2901007;Amargosa;BA;NE;438.5;False;;-39.602;-13.0215
2901106;Amélia Rodrigues;BA;NE;161.3;False;;-38.7563;-12.3914
2901155;América Dourada;BA;NE;843.9;False;;-41.439;-11.4429
2901205;Anagé;BA;NE;1889.1;False;;-41.1356;-14.6151
2901304;Andaraí;BA;NE;1906.9;False;;-41.3297;-12.8049
2901353;Andorinha;BA;NE;1258.9;False;;-39.8391;-10.3482
2901403;Angical;BA;NE;1602.6;False;;-44.7003;-12.0063
2901502;Anguera;BA;NE;173.4;False;;-39.2462;-12.1462
2901601;Antas;BA;NE;326.4;False;;-38.3401;-10.3856
2901700;Antônio Cardoso;BA;NE;293.1;False;;-39.1176;-12.4335
2901809;Antônio Gonçalves;BA;NE;313.4;False;;-40.2785;-10.5767
2901908;Aporá;BA;NE;568.0;False;;-38.0814;-11.6577
2901957;Apuarema;BA;NE;151.4;False;;-39.7501;-13.8542
2902005;Aracatu;BA;NE;1543.0;False;;-41.4648;-14.428
2902054;Araças;BA;NE;493.0;False;;-38.2027;-12.22
2902104;Araci;BA;NE;1564.7;False;;-38.9584;-11.3253
2902203;Aramari;BA;NE;341.6;False;;-38.4969;-12.0884
2902252;Arataca;BA;NE;397.2;False;;-39.419;-15.2651
2902302;Aratuípe;BA;NE;178.0;False;;-39.0038;-13.0716
2902401;Aurelino Leal;BA;NE;457.7;False;;-39.329;-14.321
2902500;Baianópolis;BA;NE;3390.4;False;;-44.5388;-12.3016
2902609;Baixa Grande;BA;NE;988.9;False;;-40.169;-11.9519
2902658;Banzaê;BA;NE;209.7;False;;-38.6212;-10.5788
2902708;Barra;BA;NE;11402.1;False;;-43.1459;-11.0859
2902807;Barra da Estiva;BA;NE;1408.0;False;;-41.3347;-13.6237
2902906;Barra do Choça;BA;NE;724.9;False;;-40.5791;-14.8654
2903003;Barra do Mendes;BA;NE;1362.5;False;;-42.059;-11.81
2903102;Barra do Rocha;BA;NE;195.2;False;;-39.5991;-14.2
2903201;Barreiras;BA;NE;7946.0;False;;-44.9968;-12.1439
2903235;Barro Alto;BA;NE;430.5;False;;-41.9054;-11.7605
2903276;Barrocas;BA;NE;204.0;False;;-39.0776;-11.5272
2903300;Barro Preto;BA;NE;121.6;False;;-39.476;-14.7948
2903409;Belmonte;BA;NE;2022.5;False;;-38.8758;-15.8608
2903508;Belo Campo;BA;NE;619.6;False;;-41.2652;-15.0334
2903607;Biritinga;BA;NE;512.2;False;;-38.8051;-11.6072
2903706;Boa Nova;BA;NE;913.8;False;;-40.2064;-14.3598
2903805;Boa Vista do Tupim;BA;NE;2646.0;False;;-40.6064;-12.6498
2903904;Bom Jesus da Lapa;BA;NE;4025.1;False;;-43.4108;-13.2506
2903953;Bom Jesus da Serra;BA;NE;411.9;False;;-40.5126;-14.3663
2904001;Boninal;BA;NE;925.3;False;;-41.8286;-12.7069
2904050;Bonito;BA;NE;737.4;False;;-41.2647;-11.9668
2904100;Boquira;BA;NE;1439.1;False;;-42.7324;-12.8205
2904209;Botuporã;BA;NE;624.0;False;;-42.5163;-13.3772
2904308;Brejões;BA;NE;483.4;False;;-39.7988;-13.1039
2904407;Brejolândia;BA;NE;2635.7;False;;-43.9679;-12.4815
2904506;Brotas de Macaúbas;BA;NE;2241.5;False;;-42.6326;-11.9915
2904605;Brumado;BA;NE;2179.2;False;;-41.6696;-14.2021
2904704;Buerarema;BA;NE;210.5;False;;-39.3028;-14.9595
2904753;Buritirama;BA;NE;3813.1;False;;-43.6302;-10.7171
2904803;Caatiba;BA;NE;573.9;False;;-40.4092;-14.9699
2904852;Cabaceiras do Paraguaçu;BA;NE;221.2;False;;-39.1902;-12.5317
2904902;Cachoeira;BA;NE;399.7;False;;-38.9587;-12.5994
2905008;Caculé;BA;NE;690.5;False;;-42.2229;-14.5003
2905107;Caém;BA;NE;500.7;False;;-40.432;-11.0677
2905156;Caetanos;BA;NE;858.6;False;;-40.9175;-14.3347
2905206;Caetité;BA;NE;2312.2;False;;-42.4861;-14.0684
2905305;Cafarnaum;BA;NE;809.3;False;;-41.4688;-11.6914
2905404;Cairu;BA;NE;452.8;False;;-39.0465;-13.4904
2905503;Caldeirão Grande;BA;NE;497.9;False;;-40.2956;-11.0208
2905602;Camacan;BA;NE;635.5;False;;-39.4919;-15.4142
2905701;Camaçari;BA;NE;788.6;False;;-38.3263;-12.6996
2905800;Camamu;BA;NE;876.2;False;;-39.1071;-13.9398
2905909;Campo Alegre de Lourdes;BA;NE;2769.8;False;;-43.0126;-9.52221
2906006;Campo Formoso;BA;NE;7277.3;False;;-40.32;-10.5105
2906105;Canápolis;BA;NE;465.9;False;;-44.201;-13.0725
2906204;Canarana;BA;NE;597.1;False;;-41.7677;-11.6858
2906303;Canavieiras;BA;NE;1382.9;False;;-38.9536;-15.6722
2906402;Candeal;BA;NE;460.0;False;;-39.1203;-11.8049
2906501;Candeias;BA;NE;261.7;False;;-38.5472;-12.6716
2906600;Candiba;BA;NE;400.2;False;;-42.8667;-14.4097
2906709;Cândido Sales;BA;NE;1632.5;False;;-41.2414;-15.4993
2906808;Cansanção;BA;NE;1327.4;False;;-39.4944;-10.6647
2906824;Canudos;BA;NE;3104.9;False;;-39.1471;-9.90014
2906857;Capela do Alto Alegre;BA;NE;660.4;False;;-39.8349;-11.6658
2906873;Capim Grosso;BA;NE;378.1;False;;-40.0089;-11.3797
2906899;Caraíbas;BA;NE;766.3;False;;-41.2603;-14.7177
2906907;Caravelas;BA;NE;2381.4;False;;-39.2597;-17.7268
2907004;Cardeal da Silva;BA;NE;261.9;False;;-37.9469;-11.9472
2907103;Carinhanha;BA;NE;2767.3;False;;-43.7724;-14.2985
2907202;Casa Nova;BA;NE;9721.2;False;;-40.974;-9.16408
2907301;Castro Alves;BA;NE;765.9;False;;-39.4248;-12.7579
2907400;Catolândia;BA;NE;661.5;False;;-44.8648;-12.31
2907509;Catu;BA;NE;414.8;False;;-38.3791;-12.3513
2907558;Caturama;BA;NE;661.3;False;;-42.2904;-13.3239
2907608;Central;BA;NE;606.3;False;;-42.1116;-11.1376
2907707;Chorrochó;BA;NE;2665.2;False;;-39.0979;-8.9695
2907806;Cícero Dantas;BA;NE;693.7;False;;-38.3794;-10.5897
2907905;Cipó;BA;NE;125.5;False;;-38.5179;-11.1032
2908002;Coaraci;BA;NE;303.3;False;;-39.5556;-14.637
2908101;Cocos;BA;NE;10147.5;False;;-44.5352;-14.1814
2908200;Conceição da Feira;BA;NE;161.9;False;;-38.9978;-12.5078
2908309;Conceição do Almeida;BA;NE;282.6;False;;-39.1715;-12.7836
2908408;Conceição do Coité;BA;NE;1079.5;False;;-39.2808;-11.56
2908507;Conceição do Jacuípe;BA;NE;116.2;False;;-38.7684;-12.3268
2908606;Conde;BA;NE;974.3;False;;-37.6131;-11.8179
2908705;Condeúba;BA;NE;1264.1;False;;-41.9718;-14.9022
2908804;Contendas do Sincorá;BA;NE;867.2;False;;-41.048;-13.7537
2908903;Coração de Maria;BA;NE;332.3;False;;-38.7487;-12.2333
2909000;Cordeiros;BA;NE;557.7;False;;-41.9308;-15.0356
2909109;Coribe;BA;NE;2695.3;False;;-44.4586;-13.8232
2909208;Coronel João Sá;BA;NE;857.2;False;;-37.9198;-10.2847
2909307;Correntina;BA;NE;12217.0;False;;-44.6333;-13.3477
2909406;Cotegipe;BA;NE;4030.7;False;;-44.2566;-12.0228
2909505;Cravolândia;BA;NE;161.0;False;;-39.8031;-13.3531
2909604;Crisópolis;BA;NE;607.3;False;;-38.1515;-11.5059
2909703;Cristópolis;BA;NE;1040.7;False;;-44.4214;-12.2249
2909802;Cruz das Almas;BA;NE;151.8;False;;-39.1008;-12.6675
2909901;Curaçá;BA;NE;6482.8;False;;-39.8997;-8.98458
2910008;Dário Meira;BA;NE;402.4;False;;-39.9031;-14.4229
2910057;Dias d'Ávila;BA;NE;187.7;False;;-38.2926;-12.6187
2910107;Dom Basílio;BA;NE;656.6;False;;-41.7677;-13.7565
2910206;Dom Macedo Costa;BA;NE;93.8;False;;-39.1923;-12.9016
2910305;Elísio Medrado;BA;NE;200.2;False;;-39.5191;-12.9417
2910404;Encruzilhada;BA;NE;2054.9;False;;-40.9124;-15.5302
2910503;Entre Rios;BA;NE;1218.3;False;;-38.0871;-11.9392
2910602;Esplanada;BA;NE;1288.4;False;;-37.9432;-11.7942
2910701;Euclides da Cunha;BA;NE;2377.0;False;;-39.0153;-10.5078
2910727;Eunápolis;BA;NE;1204.1;False;;-39.5821;-16.3715
2910750;Fátima;BA;NE;363.3;False;;-38.2239;-10.616
2910776;Feira da Mata;BA;NE;1663.9;False;;-44.2744;-14.2044
2910800;Feira de Santana;BA;NE;1359.6;False;;-38.9663;-12.2664
2910859;Filadélfia;BA;NE;566.9;False;;-40.1437;-10.7405
2910909;Firmino Alves;BA;NE;160.3;False;;-39.9269;-14.9823
2911006;Floresta Azul;BA;NE;351.3;False;;-39.6579;-14.8629
2911105;Formosa do Rio Preto;BA;NE;16287.1;False;;-45.193;-11.0328
2911204;Gandu;BA;NE;238.3;False;;-39.4747;-13.7441
2911253;Gavião;BA;NE;353.5;False;;-39.7757;-11.4688
2911303;Gentio do Ouro;BA;NE;3696.5;False;;-42.5077;-11.4342
2911402;Glória;BA;NE;1411.5;False;;-38.2544;-9.34382
2911501;Gongogi;BA;NE;198.8;False;;-39.469;-14.3195
2911600;Governador Mangabeira;BA;NE;104.9;False;;-39.0412;-12.5994
2911659;Guajeru;BA;NE;666.1;False;;-41.9381;-14.5467
2911709;Guanambi;BA;NE;1308.9;False;;-42.7799;-14.2231
2911808;Guaratinga;BA;NE;2337.1;False;;-39.7847;-16.5833
2911857;Heliópolis;BA;NE;308.3;False;;-38.2907;-10.6825
2911907;Iaçu;BA;NE;2456.3;False;;-40.2056;-12.7666
2912004;Ibiassucê;BA;NE;384.3;False;;-42.257;-14.2711
2912103;Ibicaraí;BA;NE;215.6;False;;-39.5914;-14.8579
2912202;Ibicoara;BA;NE;791.5;False;;-41.284;-13.4059
2912301;Ibicuí;BA;NE;1168.2;False;;-39.9879;-14.845
2912400;Ibipeba;BA;NE;1430.9;False;;-42.0195;-11.6438
2912509;Ibipitanga;BA;NE;950.5;False;;-42.4856;-12.8804
2912608;Ibiquera;BA;NE;1017.3;False;;-40.9338;-12.6444
2912707;Ibirapitanga;BA;NE;458.7;False;;-39.3787;-14.1649
2912806;Ibirapuã;BA;NE;789.6;False;;-40.1129;-17.6832
2912905;Ibirataia;BA;NE;229.6;False;;-39.6459;-14.0643
2913002;Ibitiara;BA;NE;1876.0;False;;-42.2179;-12.6502
2913101;Ibititá;BA;NE;627.9;False;;-41.9748;-11.5414
2913200;Ibotirama;BA;NE;1751.4;False;;-43.2167;-12.1779
2913309;Ichu;BA;NE;129.8;False;;-39.1905;-11.7431
2913408;Igaporã;BA;NE;805.1;False;;-42.7155;-13.774
2913457;Igrapiúna;BA;NE;515.3;False;;-39.1361;-13.8295
2913507;Iguaí;BA;NE;837.4;False;;-40.0894;-14.7528
2913606;Ilhéus;BA;NE;1855.4;False;;-39.046;-14.793
2913705;Inhambupe;BA;NE;1225.2;False;;-38.355;-11.781
2913804;Ipecaetá;BA;NE;391.5;False;;-39.3069;-12.3028
2913903;Ipiaú;BA;NE;287.8;False;;-39.7353;-14.1226
2914000;Ipirá;BA;NE;3042.2;False;;-39.7359;-12.1561
2914109;Ipupiara;BA;NE;1198.7;False;;-42.6179;-11.8219
2914208;Irajuba;BA;NE;385.2;False;;-40.0848;-13.2563
2914307;Iramaia;BA;NE;1959.7;False;;-40.9595;-13.2902
2914406;Iraquara;BA;NE;1047.7;False;;-41.6155;-12.2429
2914505;Irará;BA;NE;273.3;False;;-38.7631;-12.0504
2914604;Irecê;BA;NE;320.2;False;;-41.8535;-11.3033
2914653;Itabela;BA;NE;858.5;False;;-39.5593;-16.5732
2914703;Itaberaba;BA;NE;2373.0;False;;-40.3059;-12.5242
2914802;Itabuna;BA;NE;446.2;False;;-39.2781;-14.7876
2914901;Itacaré;BA;NE;738.5;False;;-38.9959;-14.2784
2915007;Itaeté;BA;NE;1202.0;False;;-40.9677;-12.9831
2915106;Itagi;BA;NE;305.2;False;;-40.0131;-14.1615
2915205;Itagibá;BA;NE;815.4;False;;-39.8449;-14.2782
2915304;Itagimirim;BA;NE;820.8;False;;-39.6133;-16.0819
2915353;Itaguaçu da Bahia;BA;NE;4426.8;False;;-42.3997;-11.0147
2915403;Itaju do Colônia;BA;NE;1226.0;False;;-39.7283;-15.1366
2915502;Itajuípe;BA;NE;295.8;False;;-39.3698;-14.6788
2915601;Itamaraju;BA;NE;2384.2;False;;-39.5386;-17.0378
2915700;Itamari;BA;NE;111.4;False;;-39.683;-13.7782
2915809;Itambé;BA;NE;1661.3;False;;-40.63;-15.2429
2915908;Itanagra;BA;NE;428.1;False;;-38.0436;-12.2614
2916005;Itanhém;BA;NE;1453.1;False;;-40.3321;-17.1642
2916104;Itaparica;BA;NE;115.7;False;;-38.68;-12.8932
2916203;Itapé;BA;NE;445.8;False;;-39.4239;-14.8876
2916302;Itapebi;BA;NE;979.0;False;;-39.5329;-15.9551
2916401;Itapetinga;BA;NE;1618.8;False;;-40.2482;-15.2475
2916500;Itapicuru;BA;NE;1587.6;False;;-38.2262;-11.3088
2916609;Itapitanga;BA;NE;413.3;False;;-39.5657;-14.4139
2916708;Itaquara;BA;NE;298.6;False;;-39.9378;-13.4459
2916807;Itarantim;BA;NE;1794.1;False;;-40.065;-15.6528
2916856;Itatim;BA;NE;578.0;False;;-39.6952;-12.7099
2916906;Itiruçu;BA;NE;304.7;False;;-40.1472;-13.529
2917003;Itiúba;BA;NE;1741.9;False;;-39.8446;-10.6948
2917102;Itororó;BA;NE;332.6;False;;-40.0684;-15.11
2917201;Ituaçu;BA;NE;1229.8;False;;-41.3003;-13.8107
2917300;Ituberá;BA;NE;419.8;False;;-39.1481;-13.7249
2917334;Iuiú;BA;NE;1477.0;False;;-43.5595;-14.4054
2917359;Jaborandi;BA;NE;9534.1;False;;-44.4255;-13.6071
2917409;Jacaraci;BA;NE;1249.6;False;;-42.4329;-14.8541
2917508;Jacobina;BA;NE;2293.0;False;;-40.5117;-11.1812
2917607;Jaguaquara;BA;NE;967.2;False;;-39.964;-13.5248
2917706;Jaguarari;BA;NE;2333.1;False;;-40.1999;-10.2569
2917805;Jaguaripe;BA;NE;898.4;False;;-38.8939;-13.1109
2917904;Jandaíra;BA;NE;649.7;False;;-37.7853;-11.5616
2918001;Jequié;BA;NE;3061.4;False;;-40.0877;-13.8509
2918100;Jeremoabo;BA;NE;4740.5;False;;-38.3471;-10.0685
2918209;Jiquiriçá;BA;NE;237.3;False;;-39.5737;-13.2621
2918308;Jitaúna;BA;NE;335.0;False;;-39.8969;-14.0131
2918357;João Dourado;BA;NE;910.7;False;;-41.6548;-11.3486
2918407;Juazeiro;BA;NE;6534.5;False;;-40.5033;-9.41622
2918456;Jucuruçu;BA;NE;1445.6;False;;-40.1641;-16.8488
2918506;Jussara;BA;NE;854.1;False;;-41.9702;-11.0431
2918555;Jussari;BA;NE;359.3;False;;-39.491;-15.192
2918605;Jussiape;BA;NE;587.4;False;;-41.5882;-13.5155
2918704;Lafaiete Coutinho;BA;NE;355.1;False;;-40.2119;-13.6541
2918753;Lagoa Real;BA;NE;1002.7;False;;-42.1328;-14.0334
2918803;Laje;BA;NE;500.7;False;;-39.4213;-13.1673
2918902;Lajedão;BA;NE;618.3;False;;-40.3383;-17.6056
2919009;Lajedinho;BA;NE;812.9;False;;-40.9048;-12.3529
2919058;Lajedo do Tabocal;BA;NE;426.5;False;;-40.2204;-13.4663
2919108;Lamarão;BA;NE;186.8;False;;-38.887;-11.773
2919157;Lapão;BA;NE;606.0;False;;-41.8286;-11.3851
2919207;Lauro de Freitas;BA;NE;59.7;False;;-38.321;-12.8978
2919306;Lençóis;BA;NE;1247.8;False;;-41.3928;-12.5616
2919405;Licínio de Almeida;BA;NE;789.9;False;;-42.5095;-14.6842
2919504;Livramento de Nossa Senhora;BA;NE;2277.4;False;;-41.8432;-13.6369
2919553;Luís Eduardo Magalhães;BA;NE;4044.9;False;;-45.7866;-12.0956
2919603;Macajuba;BA;NE;711.6;False;;-40.3571;-12.1326
2919702;Macarani;BA;NE;1378.6;False;;-40.4209;-15.5646
2919801;Macaúbas;BA;NE;3005.9;False;;-42.6945;-13.0186
2919900;Macururé;BA;NE;2298.9;False;;-39.0518;-9.16226
2919926;Madre de Deus;BA;NE;11.1;False;;-38.6153;-12.7446
2919959;Maetinga;BA;NE;725.0;False;;-41.4915;-14.6623
2920007;Maiquinique;BA;NE;416.9;False;;-40.2587;-15.624
2920106;Mairi;BA;NE;911.6;False;;-40.1437;-11.7107
2920205;Malhada;BA;NE;1777.9;False;;-43.7686;-14.3371
2920304;Malhada de Pedras;BA;NE;473.4;False;;-41.8842;-14.3847
2920403;Manoel Vitorino;BA;NE;2241.5;False;;-40.2399;-14.1476
2920452;Mansidão;BA;NE;3163.9;False;;-44.0428;-10.7227
2920502;Maracás;BA;NE;2448.7;False;;-40.4323;-13.4355
2920601;Maragogipe;BA;NE;439.3;False;;-38.9175;-12.776
2920700;Maraú;BA;NE;839.6;False;;-39.0137;-14.1035
2920809;Marcionílio Souza;BA;NE;1169.5;False;;-40.5295;-13.0064
2920908;Mascote;BA;NE;714.5;False;;-39.3016;-15.5542
2921005;Mata de São João;BA;NE;681.6;False;;-38.3009;-12.5307
2921054;Matina;BA;NE;777.2;False;;-42.8439;-13.9109
2921104;Medeiros Neto;BA;NE;1252.3;False;;-40.2238;-17.3707
2921203;Miguel Calmon;BA;NE;1592.4;False;;-40.6031;-11.4299
2921302;Milagres;BA;NE;310.1;False;;-39.8611;-12.8646
2921401;Mirangaba;BA;NE;1962.7;False;;-40.574;-10.961
2921450;Mirante;BA;NE;1044.8;False;;-40.7718;-14.2385
2921500;Monte Santo;BA;NE;3307.7;False;;-39.3321;-10.4374
2921609;Morpará;BA;NE;1635.7;False;;-43.2766;-11.5569
2921708;Morro do Chapéu;BA;NE;5555.3;False;;-41.1565;-11.5488
2921807;Mortugaba;BA;NE;673.1;False;;-42.3727;-15.0225
2921906;Mucugê;BA;NE;2620.6;False;;-41.3703;-13.0053
2922003;Mucuri;BA;NE;1785.1;False;;-39.5565;-18.0754
2922052;Mulungu do Morro;BA;NE;565.4;False;;-41.6374;-11.9648
2922102;Mundo Novo;BA;NE;1533.2;False;;-40.4714;-11.8541
2922201;Muniz Ferreira;BA;NE;114.6;False;;-39.1092;-13.0092
2922250;Muquém de São Francisco;BA;NE;3856.1;False;;-43.5497;-12.065
2922300;Muritiba;BA;NE;94.9;False;;-38.9921;-12.6329
2922409;Mutuípe;BA;NE;274.8;False;;-39.5044;-13.2284
2922508;Nazaré;BA;NE;257.4;False;;-39.0108;-13.0235
2922607;Nilo Peçanha;BA;NE;388.5;False;;-39.1091;-13.604
2922656;Nordestina;BA;NE;473.3;False;;-39.4297;-10.8192
2922706;Nova Canaã;BA;NE;768.5;False;;-40.1458;-14.7912
2922730;Nova Fátima;BA;NE;357.7;False;;-39.6302;-11.6031
2922755;Nova Ibiá;BA;NE;188.7;False;;-39.6182;-13.812
2922805;Nova Itarana;BA;NE;459.5;False;;-40.0653;-13.0241
2922854;Nova Redenção;BA;NE;512.4;False;;-41.0748;-12.815
2922904;Nova Soure;BA;NE;980.9;False;;-38.4871;-11.2329
2923001;Nova Viçosa;BA;NE;1336.1;False;;-39.3743;-17.8926
2923035;Novo Horizonte;BA;NE;618.1;False;;-42.1682;-12.8083
2923050;Novo Triunfo;BA;NE;186.7;False;;-38.4014;-10.3182
2923100;Olindina;BA;NE;546.0;False;;-38.3379;-11.3497
2923209;Oliveira dos Brejinhos;BA;NE;3471.7;False;;-42.8969;-12.3132
2923308;Ouriçangas;BA;NE;139.0;False;;-38.6166;-12.0175
2923357;Ourolândia;BA;NE;1283.5;False;;-41.0756;-10.9578
2923407;Palmas de Monte Alto;BA;NE;2805.5;False;;-43.1609;-14.2676
2923506;Palmeiras;BA;NE;683.5;False;;-41.5809;-12.5059
2923605;Paramirim;BA;NE;1161.9;False;;-42.2395;-13.4388
2923704;Paratinga;BA;NE;2846.6;False;;-43.1798;-12.687
2923803;Paripiranga;BA;NE;440.2;False;;-37.8626;-10.6859
2923902;Pau Brasil;BA;NE;612.7;False;;-39.6458;-15.4572
2924009;Paulo Afonso;BA;NE;1584.8;False;;-38.2216;-9.3983
2924058;Pé de Serra;BA;NE;562.5;False;;-39.611;-11.8313
2924108;Pedrão;BA;NE;184.3;False;;-38.6487;-12.1491
2924207;Pedro Alexandre;BA;NE;937.6;False;;-37.8932;-10.012
2924306;Piatã;BA;NE;1515.4;False;;-41.7702;-13.1465
2924405;Pilão Arcado;BA;NE;11772.4;False;;-42.4936;-10.0051
2924504;Pindaí;BA;NE;719.6;False;;-42.686;-14.4921
2924603;Pindobaçu;BA;NE;531.1;False;;-40.3675;-10.7433
2924652;Pintadas;BA;NE;532.0;False;;-39.9009;-11.8117
2924678;Piraí do Norte;BA;NE;229.6;False;;-39.3836;-13.759
2924702;Piripá;BA;NE;423.1;False;;-41.7168;-14.9444
2924801;Piritiba;BA;NE;997.8;False;;-40.5587;-11.73
2924900;Planaltino;BA;NE;943.7;False;;-40.3695;-13.2618
2925006;Planalto;BA;NE;969.8;False;;-40.4718;-14.6654
2925105;Poções;BA;NE;824.4;False;;-40.3634;-14.5234
2925204;Pojuca;BA;NE;290.7;False;;-38.3374;-12.4303
2925253;Ponto Novo;BA;NE;467.9;False;;-40.1311;-10.8653
2925303;Porto Seguro;BA;NE;2423.2;False;;-39.0643;-16.4435
2925402;Potiraguá;BA;NE;995.3;False;;-39.8638;-15.5943
2925501;Prado;BA;NE;1675.3;False;;-39.2227;-17.3364
2925600;Presidente Dutra;BA;NE;151.7;False;;-41.9843;-11.2923
2925709;Presidente Jânio Quadros;BA;NE;1328.8;False;;-41.6798;-14.6885
2925758;Presidente Tancredo Neves;BA;NE;418.3;False;;-39.4203;-13.4471
2925808;Queimadas;BA;NE;2085.0;False;;-39.6293;-10.9736
2925907;Quijingue;BA;NE;1327.1;False;;-39.2137;-10.7505
2925931;Quixabeira;BA;NE;378.6;False;;-40.12;-11.4031
2925956;Rafael Jambeiro;BA;NE;1242.1;False;;-39.5007;-12.4053
2926004;Remanso;BA;NE;4721.7;False;;-42.0848;-9.61944
2926103;Retirolândia;BA;NE;205.2;False;;-39.4234;-11.4832
2926202;Riachão das Neves;BA;NE;5874.5;False;;-44.9143;-11.7508
2926301;Riachão do Jacuípe;BA;NE;1206.1;False;;-39.3818;-11.8067
2926400;Riacho de Santana;BA;NE;2728.2;False;;-42.9397;-13.6059
2926509;Ribeira do Amparo;BA;NE;654.4;False;;-38.4242;-11.0421
2926608;Ribeira do Pombal;BA;NE;807.3;False;;-38.5382;-10.8373
2926657;Ribeirão do Largo;BA;NE;1228.9;False;;-40.7441;-15.4508
2926707;Rio de Contas;BA;NE;1068.9;False;;-41.8048;-13.5852
2926806;Rio do Antônio;BA;NE;982.0;False;;-42.0721;-14.4071
2926905;Rio do Pires;BA;NE;895.4;False;;-42.2902;-13.1185
2927002;Rio Real;BA;NE;721.6;False;;-37.9332;-11.4814
2927101;Rodelas;BA;NE;2590.4;False;;-38.78;-8.85021
2927200;Ruy Barbosa;BA;NE;2141.6;False;;-40.4931;-12.2816
2927309;Salinas da Margarida;BA;NE;148.3;False;;-38.7562;-12.873
2927408;Salvador;BA;NE;711.2;True;;-38.5011;-12.9718
2927507;Santa Bárbara;BA;NE;336.6;False;;-38.9681;-11.9515
2927606;Santa Brígida;BA;NE;834.6;False;;-38.1209;-9.73227
2927705;Santa Cruz Cabrália;BA;NE;1559.8;False;;-39.0295;-16.2825
2927804;Santa Cruz da Vitória;BA;NE;251.5;False;;-39.8115;-14.964
2927903;Santa Inês;BA;NE;358.5;False;;-39.814;-13.2793
2928000;Santaluz;BA;NE;1588.7;False;;-39.375;-11.2508
2928059;Santa Luzia;BA;NE;788.8;False;;-39.3287;-15.4342
2928109;Santa Maria da Vitória;BA;NE;1902.2;False;;-44.2011;-13.3859
2928208;Santana;BA;NE;2010.8;False;;-44.0506;-12.9792
2928307;Santanópolis;BA;NE;252.2;False;;-38.8694;-12.0311
2928406;Santa Rita de Cássia;BA;NE;6108.3;False;;-44.5255;-11.0063
2928505;Santa Teresinha;BA;NE;715.8;False;;-39.5215;-12.7697
2928604;Santo Amaro;BA;NE;515.0;False;;-38.7137;-12.5472
2928703;Santo Antônio de Jesus;BA;NE;260.4;False;;-39.2584;-12.9614
2928802;Santo Estêvão;BA;NE;367.1;False;;-39.2505;-12.428
2928901;São Desidério;BA;NE;14910.6;False;;-44.9769;-12.3572
2928950;São Domingos;BA;NE;266.6;False;;-39.5268;-11.4649
2929008;São Félix;BA;NE;96.0;False;;-38.9727;-12.6104
2929057;São Félix do Coribe;BA;NE;851.4;False;;-44.1837;-13.4019
2929107;São Felipe;BA;NE;200.3;False;;-39.0893;-12.8394
2929206;São Francisco do Conde;BA;NE;264.2;False;;-38.6786;-12.6183
2929255;São Gabriel;BA;NE;1212.0;False;;-41.8843;-11.2175
2929305;São Gonçalo dos Campos;BA;NE;302.1;False;;-38.9663;-12.4331
2929354;São José da Vitória;BA;NE;53.6;False;;-39.3437;-15.0787
2929370;São José do Jacuípe;BA;NE;371.5;False;;-39.8669;-11.4137
2929404;São Miguel das Matas;BA;NE;208.7;False;;-39.4578;-13.0434
2929503;São Sebastião do Passé;BA;NE;532.4;False;;-38.4905;-12.5123
2929602;Sapeaçu;BA;NE;126.7;False;;-39.1824;-12.7208
2929701;Sátiro Dias;BA;NE;1023.4;False;;-38.5938;-11.5929
2929750;Saubara;BA;NE;161.3;False;;-38.7625;-12.7387
2929800;Saúde;BA;NE;504.2;False;;-40.4155;-10.9428
2929909;Seabra;BA;NE;2535.7;False;;-41.7722;-12.4169
2930006;Sebastião Laranjeiras;BA;NE;2016.8;False;;-42.9434;-14.571
2930105;Senhor do Bonfim;BA;NE;821.6;False;;-40.1865;-10.4594
2930154;Serra do Ramalho;BA;NE;2643.3;False;;-43.5929;-13.5659
2930204;Sento Sé;BA;NE;12610.6;False;;-41.8786;-9.74138
2930303;Serra Dourada;BA;NE;1451.3;False;;-43.9504;-12.759
2930402;Serra Preta;BA;NE;540.5;False;;-39.3305;-12.156
2930501;Serrinha;BA;NE;645.3;False;;-39.01;-11.6584
2930600;Serrolândia;BA;NE;297.6;False;;-40.2983;-11.4085
2930709;Simões Filho;BA;NE;194.7;False;;-38.4029;-12.7866
2930758;Sítio do Mato;BA;NE;1721.0;False;;-43.4689;-13.0801
2930766;Sítio do Quinto;BA;NE;705.5;False;;-38.2213;-10.3545
2930774;Sobradinho;BA;NE;1461.4;False;;-40.8145;-9.45024
2930808;Souto Soares;BA;NE;1036.4;False;;-41.6427;-12.088
2930907;Tabocas do Brejo Velho;BA;NE;1470.6;False;;-44.0075;-12.7026
2931004;Tanhaçu;BA;NE;1351.4;False;;-41.2473;-14.0197
2931053;Tanque Novo;BA;NE;744.5;False;;-42.4934;-13.5485
2931103;Tanquinho;BA;NE;223.6;False;;-39.1033;-11.968
2931202;Taperoá;BA;NE;411.6;False;;-39.1009;-13.5321
2931301;Tapiramutá;BA;NE;667.7;False;;-40.7927;-11.8475
2931350;Teixeira de Freitas;BA;NE;1160.5;False;;-39.74;-17.5399
2931400;Teodoro Sampaio;BA;NE;232.5;False;;-38.6347;-12.295
2931509;Teofilândia;BA;NE;338.5;False;;-38.9913;-11.4827
2931608;Teolândia;BA;NE;289.5;False;;-39.484;-13.5896
2931707;Terra Nova;BA;NE;196.4;False;;-38.6238;-12.3888
2931806;Tremedal;BA;NE;1688.6;False;;-41.4142;-14.9736
2931905;Tucano;BA;NE;2837.6;False;;-38.7894;-10.9584
2932002;Uauá;BA;NE;2974.8;False;;-39.4794;-9.83325
2932101;Ubaíra;BA;NE;767.6;False;;-39.666;-13.2714
2932200;Ubaitaba;BA;NE;180.2;False;;-39.3222;-14.303
2932309;Ubatã;BA;NE;335.4;False;;-39.5207;-14.2063
2932408;Uibaí;BA;NE;556.8;False;;-42.1354;-11.3394
2932457;Umburanas;BA;NE;1715.8;False;;-41.3234;-10.7339
2932507;Una;BA;NE;1164.7;False;;-39.0765;-15.2791
2932606;Urandi;BA;NE;900.3;False;;-42.6498;-14.7678
2932705;Uruçuca;BA;NE;333.1;False;;-39.2851;-14.5963
2932804;Utinga;BA;NE;698.1;False;;-41.0954;-12.0783
2932903;Valença;BA;NE;1198.3;False;;-39.073;-13.3669
2933000;Valente;BA;NE;359.0;False;;-39.457;-11.4062
2933059;Várzea da Roça;BA;NE;551.8;False;;-40.1328;-11.6005
2933109;Várzea do Poço;BA;NE;207.9;False;;-40.3149;-11.5273
2933158;Várzea Nova;BA;NE;1186.8;False;;-40.9432;-11.2557
2933174;Varzedo;BA;NE;168.8;False;;-39.3919;-12.9672
2933208;Vera Cruz;BA;NE;254.4;False;;-38.6153;-12.9568
2933257;Vereda;BA;NE;833.9;False;;-40.0974;-17.2183
2933307;Vitória da Conquista;BA;NE;3214.1;False;;-40.8442;-14.8615
2933406;Wagner;BA;NE;417.9;False;;-41.1715;-12.2819
2933455;Wanderley;BA;NE;3065.1;False;;-43.8958;-12.1144
2933505;Wenceslau Guimarães;BA;NE;669.3;False;;-39.4762;-13.6908
2933604;Xique-Xique;BA;NE;5704.7;False;;-42.7245;-10.823
3100104;Abadia dos Dourados;MG;SE;899.2;False;;-47.3916;-18.4831
3100203;Abaeté;MG;SE;1825.5;False;;-45.4444;-19.1551
3100302;Abre Campo;MG;SE;474.0;False;;-42.4743;-20.2996
3100401;Acaiaca;MG;SE;101.2;False;;-43.1439;-20.359
3100500;Açucena;MG;SE;816.4;False;;-42.5419;-19.0671
3100609;Água Boa;MG;SE;1325.8;False;;-42.3806;-17.9914
3100708;Água Comprida;MG;SE;492.5;False;;-48.1069;-20.0576
3100807;Aguanil;MG;SE;236.5;False;;-45.3915;-20.9439
3100906;Águas Formosas;MG;SE;822.0;False;;-40.9384;-17.0802
3101003;Águas Vermelhas;MG;SE;1265.1;False;;-41.4571;-15.7431
3101102;Aimorés;MG;SE;1357.1;False;;-41.0746;-19.5007
3101201;Aiuruoca;MG;SE;652.8;False;;-44.6042;-21.9736
3101300;Alagoa;MG;SE;163.7;False;;-44.6413;-22.171
3101409;Albertina;MG;SE;57.8;False;;-46.6139;-22.2018
3101508;Além Paraíba;MG;SE;514.5;False;;-42.7176;-21.8797
3101607;Alfenas;MG;SE;851.4;False;;-45.9477;-21.4256
3101631;Alfredo Vasconcelos;MG;SE;126.5;False;;-43.7718;-21.1535
3101706;Almenara;MG;SE;2304.3;False;;-40.6942;-16.1785
3101805;Alpercata;MG;SE;166.3;False;;-41.97;-18.974
3101904;Alpinópolis;MG;SE;459.3;False;;-46.3878;-20.8631
3102001;Alterosa;MG;SE;366.6;False;;-46.1387;-21.2488
3102050;Alto Caparaó;MG;SE;105.9;False;;-41.8738;-20.431
3102100;Alto Rio Doce;MG;SE;521.9;False;;-43.4067;-21.0281
3102209;Alvarenga;MG;SE;295.8;False;;-41.7317;-19.4174
3102308;Alvinópolis;MG;SE;602.8;False;;-43.0535;-20.1098
3102407;Alvorada de Minas;MG;SE;376.8;False;;-43.3638;-18.7334
3102506;Amparo do Serra;MG;SE;147.2;False;;-42.8009;-20.5051
3102605;Andradas;MG;SE;469.4;False;;-46.5724;-22.0695
3102704;Cachoeira de Pajeú;MG;SE;679.4;False;;-41.4948;-15.9688
3102803;Andrelândia;MG;SE;1010.0;False;;-44.3117;-21.7411
3102852;Angelândia;MG;SE;184.9;False;;-42.2641;-17.7279
3102902;Antônio Carlos;MG;SE;527.6;False;;-43.7451;-21.321
3103009;Antônio Dias;MG;SE;795.7;False;;-42.8732;-19.6491
3103108;Antônio Prado de Minas;MG;SE;85.4;False;;-42.1109;-21.0192
3103207;Araçaí;MG;SE;186.5;False;;-44.2493;-19.1955
3103306;Aracitaba;MG;SE;106.1;False;;-43.3736;-21.3446
3103405;Araçuaí;MG;SE;2246.9;False;;-42.0637;-16.8523
3103504;Araguari;MG;SE;2746.0;False;;-48.1934;-18.6456
3103603;Arantina;MG;SE;90.1;False;;-44.2555;-21.9102
3103702;Araponga;MG;SE;306.4;False;;-42.5178;-20.6686
3103751;Araporã;MG;SE;301.0;False;;-49.1847;-18.4357
3103801;Arapuá;MG;SE;172.8;False;;-46.1484;-19.0268
3103900;Araújos;MG;SE;246.3;False;;-45.1671;-19.9405
3104007;Araxá;MG;SE;1170.5;False;;-46.9438;-19.5902
3104106;Arceburgo;MG;SE;162.9;False;;-46.9401;-21.359
3104205;Arcos;MG;SE;513.1;False;;-45.5373;-20.2863
3104304;Areado;MG;SE;283.3;False;;-46.1421;-21.3572
3104403;Argirita;MG;SE;159.6;False;;-42.8292;-21.6083
3104452;Aricanduva;MG;SE;245.2;False;;-42.5533;-17.8666
3104502;Arinos;MG;SE;5354.5;False;;-46.1043;-15.9187
3104601;Astolfo Dutra;MG;SE;159.8;False;;-42.8572;-21.3184
3104700;Ataléia;MG;SE;1844.8;False;;-41.1149;-18.0438
3104809;Augusto de Lima;MG;SE;1258.2;False;;-44.2655;-18.0997
3104908;Baependi;MG;SE;754.1;False;;-44.8874;-21.957
3105004;Baldim;MG;SE;557.9;False;;-43.9613;-19.2832
3105103;Bambuí;MG;SE;1460.8;False;;-45.9754;-20.0166
3105202;Bandeira;MG;SE;487.6;False;;-40.5622;-15.8783
3105301;Bandeira do Sul;MG;SE;46.8;False;;-46.3833;-21.7308
3105400;Barão de Cocais;MG;SE;343.5;False;;-43.4755;-19.9389
3105509;Barão de Monte Alto;MG;SE;200.2;False;;-42.2372;-21.2444
3105608;Barbacena;MG;SE;761.4;False;;-43.7703;-21.2214
3105707;Barra Longa;MG;SE;387.9;False;;-43.0402;-20.2869
3105905;Barroso;MG;SE;82.5;False;;-43.972;-21.1907
3106002;Bela Vista de Minas;MG;SE;109.3;False;;-43.0922;-19.8302
3106101;Belmiro Braga;MG;SE;395.7;False;;-43.4084;-21.944
3106200;Belo Horizonte;MG;SE;332.8;True;;-43.9266;-19.9102
3106309;Belo Oriente;MG;SE;338.2;False;;-42.4828;-19.2199
3106408;Belo Vale;MG;SE;366.6;False;;-44.0275;-20.4077
3106507;Berilo;MG;SE;589.9;False;;-42.4606;-16.9567
3106606;Bertópolis;MG;SE;426.9;False;;-40.58;-17.059
3106655;Berizal;MG;SE;495.8;False;;-41.7432;-15.61
3106705;Betim;MG;SE;347.1;False;;-44.2008;-19.9668
3106804;Bias Fortes;MG;SE;284.9;False;;-43.7574;-21.602
3106903;Bicas;MG;SE;139.7;False;;-43.056;-21.7232
3107000;Biquinhas;MG;SE;460.1;False;;-45.4974;-18.7754
3107109;Boa Esperança;MG;SE;861.8;False;;-45.5612;-21.0927
3107208;Bocaina de Minas;MG;SE;504.2;False;;-44.3972;-22.1697
3107307;Bocaiúva;MG;SE;3252.2;False;;-43.8104;-17.1135
3107406;Bom Despacho;MG;SE;1215.7;False;;-45.2622;-19.7386
3107505;Bom Jardim de Minas;MG;SE;397.8;False;;-44.1885;-21.9479
3107604;Bom Jesus da Penha;MG;SE;209.8;False;;-46.5174;-21.0148
3107703;Bom Jesus do Amparo;MG;SE;196.5;False;;-43.4782;-19.7054
3107802;Bom Jesus do Galho;MG;SE;595.1;False;;-42.3165;-19.836
3107901;Bom Repouso;MG;SE;230.9;False;;-46.144;-22.4675
3108008;Bom Sucesso;MG;SE;709.6;False;;-44.7537;-21.0329
3108107;Bonfim;MG;SE;303.0;False;;-44.2366;-20.3302
3108206;Bonfinópolis de Minas;MG;SE;1789.7;False;;-45.9839;-16.568
3108255;Bonito de Minas;MG;SE;3924.0;False;;-44.7543;-15.3231
3108305;Borda da Mata;MG;SE;300.5;False;;-46.1653;-22.2707
3108404;Botelhos;MG;SE;335.7;False;;-46.391;-21.6412
3108503;Botumirim;MG;SE;1579.6;False;;-43.0086;-16.8657
3108552;Brasilândia de Minas;MG;SE;2528.5;False;;-46.0081;-16.9999
3108602;Brasília de Minas;MG;SE;1406.6;False;;-44.4299;-16.2104
3108701;Brás Pires;MG;SE;224.9;False;;-43.2406;-20.8419
3108800;Braúnas;MG;SE;381.3;False;;-42.7099;-19.0562
3108909;Brazópolis;MG;SE;362.2;False;;-45.6166;-22.4743
3109006;Brumadinho;MG;SE;645.6;False;;-44.2007;-20.151
3109105;Bueno Brandão;MG;SE;357.7;False;;-46.3491;-22.4383
3109204;Buenópolis;MG;SE;1618.6;False;;-44.1775;-17.8744
3109253;Bugre;MG;SE;162.3;False;;-42.2552;-19.4231
3109303;Buritis;MG;SE;5249.6;False;;-46.4221;-15.6218
3109402;Buritizeiro;MG;SE;7267.0;False;;-44.9606;-17.3656
3109451;Cabeceira Grande;MG;SE;1033.8;False;;-47.0862;-16.0335
3109501;Cabo Verde;MG;SE;369.2;False;;-46.3919;-21.4699
3109600;Cachoeira da Prata;MG;SE;61.7;False;;-44.4544;-19.521
3109709;Cachoeira de Minas;MG;SE;307.0;False;;-45.7809;-22.3511
3109808;Cachoeira Dourada;MG;SE;202.7;False;;-49.5039;-18.5161
3109907;Caetanópolis;MG;SE;158.3;False;;-44.4189;-19.2971
3110004;Caeté;MG;SE;543.6;False;;-43.6704;-19.8826
3110103;Caiana;MG;SE;107.6;False;;-41.9292;-20.6956
3110202;Cajuri;MG;SE;83.2;False;;-42.7925;-20.7903
3110301;Caldas;MG;SE;716.4;False;;-46.3843;-21.9183
3110400;Camacho;MG;SE;222.7;False;;-45.1593;-20.6294
3110509;Camanducaia;MG;SE;530.4;False;;-46.1494;-22.7515
3110608;Cambuí;MG;SE;243.3;False;;-46.0572;-22.6115
3110707;Cambuquira;MG;SE;246.6;False;;-45.2896;-21.854
3110806;Campanário;MG;SE;443.5;False;;-41.7355;-18.2427
3110905;Campanha;MG;SE;337.3;False;;-45.4004;-21.836
3111002;Campestre;MG;SE;579.8;False;;-46.2381;-21.7079
3111101;Campina Verde;MG;SE;3681.5;False;;-49.4862;-19.5382
3111150;Campo Azul;MG;SE;510.3;False;;-44.8096;-16.5028
3111200;Campo Belo;MG;SE;529.4;False;;-45.2699;-20.8932
3111309;Campo do Meio;MG;SE;275.4;False;;-45.8273;-21.1127
3111408;Campo Florido;MG;SE;1270.3;False;;-48.5716;-19.7631
3111507;Campos Altos;MG;SE;723.3;False;;-46.1725;-19.6914
3111606;Campos Gerais;MG;SE;773.4;False;;-45.7569;-21.237
3111705;Canaã;MG;SE;175.3;False;;-42.6167;-20.6869
3111804;Canápolis;MG;SE;849.9;False;;-49.2035;-18.7212
3111903;Cana Verde;MG;SE;213.4;False;;-45.1801;-21.0232
3112000;Candeias;MG;SE;724.3;False;;-45.2765;-20.7692
3112059;Cantagalo;MG;SE;142.8;False;;-42.6223;-18.5248
3112109;Caparaó;MG;SE;130.3;False;;-41.9061;-20.5289
3112208;Capela Nova;MG;SE;111.1;False;;-43.622;-20.9179
3112307;Capelinha;MG;SE;971.9;False;;-42.5147;-17.6888
3112406;Capetinga;MG;SE;298.6;False;;-47.0571;-20.6163
3112505;Capim Branco;MG;SE;94.6;False;;-44.1304;-19.5471
3112604;Capinópolis;MG;SE;625.9;False;;-49.5706;-18.6862
3112653;Capitão Andrade;MG;SE;277.2;False;;-41.8614;-19.0748
3112703;Capitão Enéas;MG;SE;975.3;False;;-43.7084;-16.3265
3112802;Capitólio;MG;SE;524.8;False;;-46.0493;-20.6164
3112901;Caputira;MG;SE;189.4;False;;-42.2683;-20.1703
3113008;Caraí;MG;SE;1247.2;False;;-41.7004;-17.1862
3113107;Caranaíba;MG;SE;161.4;False;;-43.7417;-20.8707
3113206;Carandaí;MG;SE;489.0;False;;-43.811;-20.9566
3113305;Carangola;MG;SE;354.3;False;;-42.0313;-20.7343
3113404;Caratinga;MG;SE;1259.3;False;;-42.1292;-19.7868
3113503;Carbonita;MG;SE;1463.6;False;;-43.0137;-17.5255
3113602;Careaçu;MG;SE;183.3;False;;-45.696;-22.0424
3113701;Carlos Chagas;MG;SE;3217.5;False;;-40.7723;-17.6973
3113800;Carmésia;MG;SE;259.8;False;;-43.1382;-19.0877
3113909;Carmo da Cachoeira;MG;SE;508.5;False;;-45.2201;-21.4633
3114006;Carmo da Mata;MG;SE;358.2;False;;-44.8735;-20.5575
3114105;Carmo de Minas;MG;SE;324.3;False;;-45.1307;-22.1204
3114204;Carmo do Cajuru;MG;SE;457.0;False;;-44.7664;-20.1912
3114303;Carmo do Paranaíba;MG;SE;1314.1;False;;-46.3167;-18.991
3114402;Carmo do Rio Claro;MG;SE;1068.8;False;;-46.1149;-20.9736
3114501;Carmópolis de Minas;MG;SE;402.3;False;;-44.6336;-20.5396
3114550;Carneirinho;MG;SE;2069.9;False;;-50.6894;-19.6987
3114600;Carrancas;MG;SE;731.0;False;;-44.6446;-21.4898
3114709;Carvalhópolis;MG;SE;80.6;False;;-45.8421;-21.7735
3114808;Carvalhos;MG;SE;284.7;False;;-44.4632;-22.0
3114907;Casa Grande;MG;SE;159.1;False;;-43.9343;-20.7925
3115003;Cascalho Rico;MG;SE;368.8;False;;-47.8716;-18.5772
3115102;Cássia;MG;SE;670.8;False;;-46.9201;-20.5831
3115201;Conceição da Barra de Minas;MG;SE;274.3;False;;-44.4729;-21.1316
3115300;Cataguases;MG;SE;484.7;False;;-42.6896;-21.3924
3115359;Catas Altas;MG;SE;240.8;False;;-43.4061;-20.0734
3115409;Catas Altas da Noruega;MG;SE;144.3;False;;-43.4939;-20.6901
3115458;Catuji;MG;SE;423.1;False;;-41.5276;-17.3018
3115474;Catuti;MG;SE;288.0;False;;-42.9627;-15.3616
3115508;Caxambu;MG;SE;100.4;False;;-44.9319;-21.9753
3115607;Cedro do Abaeté;MG;SE;281.5;False;;-45.712;-19.1458
3115706;Central de Minas;MG;SE;205.4;False;;-41.3143;-18.7612
3115805;Centralina;MG;SE;323.1;False;;-49.2014;-18.5852
3115904;Chácara;MG;SE;153.4;False;;-43.215;-21.6733
3116001;Chalé;MG;SE;212.7;False;;-41.6897;-20.0453
3116100;Chapada do Norte;MG;SE;831.4;False;;-42.5392;-17.0881
3116159;Chapada Gaúcha;MG;SE;3232.5;False;;-45.6116;-15.3014
3116209;Chiador;MG;SE;253.5;False;;-43.0617;-21.9996
3116308;Cipotânea;MG;SE;153.4;False;;-43.3629;-20.9026
3116407;Claraval;MG;SE;226.9;False;;-47.2768;-20.397
3116506;Claro dos Poções;MG;SE;710.2;False;;-44.2061;-17.082
3116605;Cláudio;MG;SE;635.4;False;;-44.7673;-20.4437
3116704;Coimbra;MG;SE;107.6;False;;-42.8008;-20.8535
3116803;Coluna;MG;SE;350.0;False;;-42.8352;-18.2311
3116902;Comendador Gomes;MG;SE;1047.6;False;;-49.0789;-19.6973
3117009;Comercinho;MG;SE;661.3;False;;-41.7945;-16.2963
3117108;Conceição da Aparecida;MG;SE;351.1;False;;-46.2049;-21.096
3117207;Conceição das Pedras;MG;SE;101.4;False;;-45.4562;-22.1576
3117306;Conceição das Alagoas;MG;SE;1353.9;False;;-48.3839;-19.9172
3117405;Conceição de Ipanema;MG;SE;256.0;False;;-41.6908;-19.9326
3117504;Conceição do Mato Dentro;MG;SE;1680.5;False;;-43.4221;-19.0344
3117603;Conceição do Pará;MG;SE;250.9;False;;-44.8945;-19.7456
3117702;Conceição do Rio Verde;MG;SE;372.7;False;;-45.087;-21.8778
3117801;Conceição dos Ouros;MG;SE;183.9;False;;-45.7996;-22.4078
3117836;Cônego Marinho;MG;SE;1627.8;False;;-44.4181;-15.2892
3117876;Confins;MG;SE;42.5;False;;-43.9931;-19.6282
3117900;Congonhal;MG;SE;207.1;False;;-46.043;-22.1488
3118007;Congonhas;MG;SE;307.3;False;;-43.851;-20.4958
3118106;Congonhas do Norte;MG;SE;486.0;False;;-43.6767;-18.8021
3118205;Conquista;MG;SE;620.3;False;;-47.5492;-19.9312
3118304;Conselheiro Lafaiete;MG;SE;371.1;False;;-43.7846;-20.6634
3118403;Conselheiro Pena;MG;SE;1490.9;False;;-41.4736;-19.1789
3118502;Consolação;MG;SE;86.3;False;;-45.9255;-22.5493
3118601;Contagem;MG;SE;195.6;False;;-44.0539;-19.9321
3118700;Coqueiral;MG;SE;299.0;False;;-45.4366;-21.1858
3118809;Coração de Jesus;MG;SE;2249.3;False;;-44.3635;-16.6841
3118908;Cordisburgo;MG;SE;826.6;False;;-44.3224;-19.1224
3119005;Cordislândia;MG;SE;181.4;False;;-45.6999;-21.7891
3119104;Corinto;MG;SE;2540.5;False;;-44.4542;-18.369
3119203;Coroaci;MG;SE;579.1;False;;-42.2791;-18.6156
3119302;Coromandel;MG;SE;3314.2;False;;-47.1933;-18.4734
3119401;Coronel Fabriciano;MG;SE;222.9;False;;-42.6276;-19.5179
3119500;Coronel Murta;MG;SE;818.6;False;;-42.184;-16.6148
3119609;Coronel Pacheco;MG;SE;132.0;False;;-43.256;-21.5898
3119708;Coronel Xavier Chaves;MG;SE;141.9;False;;-44.2206;-21.0277
3119807;Córrego Danta;MG;SE;647.3;False;;-45.9032;-19.8198
3119906;Córrego do Bom Jesus;MG;SE;123.8;False;;-46.0241;-22.6269
3119955;Córrego Fundo;MG;SE;106.1;False;;-45.5617;-20.4474
3120003;Córrego Novo;MG;SE;199.0;False;;-42.3988;-19.8361
3120102;Couto de Magalhães de Minas;MG;SE;487.1;False;;-43.4648;-18.0727
3120151;Crisólita;MG;SE;975.8;False;;-40.9184;-17.2381
3120201;Cristais;MG;SE;630.6;False;;-45.5167;-20.8733
3120300;Cristália;MG;SE;846.5;False;;-42.8571;-16.716
3120409;Cristiano Otoni;MG;SE;132.9;False;;-43.8166;-20.8324
3120508;Cristina;MG;SE;313.6;False;;-45.2673;-22.208
3120607;Crucilândia;MG;SE;167.6;False;;-44.3334;-20.3923
3120706;Cruzeiro da Fortaleza;MG;SE;186.7;False;;-46.6669;-18.944
3120805;Cruzília;MG;SE;526.3;False;;-44.8067;-21.84
3120839;Cuparaque;MG;SE;227.5;False;;-41.0986;-18.9648
3120870;Curral de Dentro;MG;SE;573.4;False;;-41.8557;-15.9327
3120904;Curvelo;MG;SE;3319.9;False;;-44.4303;-18.7527
3121001;Datas;MG;SE;311.0;False;;-43.6591;-18.4478
3121100;Delfim Moreira;MG;SE;410.4;False;;-45.2792;-22.5036
3121209;Delfinópolis;MG;SE;1384.2;False;;-46.8456;-20.3468
3121258;Delta;MG;SE;105.1;False;;-47.7841;-19.9721
3121308;Descoberto;MG;SE;213.3;False;;-42.9618;-21.46
3121407;Desterro de Entre Rios;MG;SE;372.4;False;;-44.3334;-20.665
3121506;Desterro do Melo;MG;SE;143.4;False;;-43.5178;-21.143
3121605;Diamantina;MG;SE;3901.3;False;;-43.6031;-18.2413
3121704;Diogo de Vasconcelos;MG;SE;166.1;False;;-43.1953;-20.4879
3121803;Dionísio;MG;SE;345.3;False;;-42.7701;-19.8433
3121902;Divinésia;MG;SE;119.2;False;;-43.0003;-20.9917
3122009;Divino;MG;SE;339.7;False;;-42.1438;-20.6134
3122108;Divino das Laranjeiras;MG;SE;344.4;False;;-41.4781;-18.7755
3122207;Divinolândia de Minas;MG;SE;133.2;False;;-42.6103;-18.8004
3122306;Divinópolis;MG;SE;713.2;False;;-44.8912;-20.1446
3122355;Divisa Alegre;MG;SE;118.4;False;;-41.3463;-15.7221
3122405;Divisa Nova;MG;SE;217.7;False;;-46.1904;-21.5092
3122454;Divisópolis;MG;SE;578.4;False;;-40.9997;-15.7254
3122470;Dom Bosco;MG;SE;825.6;False;;-46.2597;-16.652
3122504;Dom Cavati;MG;SE;60.2;False;;-42.1121;-19.3735
3122603;Dom Joaquim;MG;SE;409.0;False;;-43.2544;-18.961
3122702;Dom Silvério;MG;SE;196.2;False;;-42.9627;-20.1627
3122801;Dom Viçoso;MG;SE;114.1;False;;-45.1643;-22.2511
3122900;Dona Eusébia;MG;SE;54.8;False;;-42.807;-21.319
3123007;Dores de Campos;MG;SE;127.0;False;;-44.0207;-21.1139
3123106;Dores de Guanhães;MG;SE;383.5;False;;-42.9254;-19.0516
3123205;Dores do Indaiá;MG;SE;1115.9;False;;-45.5927;-19.4628
3123304;Dores do Turvo;MG;SE;232.6;False;;-43.1834;-20.9785
3123403;Doresópolis;MG;SE;155.0;False;;-45.9007;-20.2868
3123502;Douradoquara;MG;SE;313.7;False;;-47.5993;-18.4338
3123528;Durandé;MG;SE;218.8;False;;-41.7977;-20.2058
3123601;Elói Mendes;MG;SE;501.1;False;;-45.5691;-21.6088
3123700;Engenheiro Caldas;MG;SE;190.1;False;;-42.0503;-19.2065
3123809;Engenheiro Navarro;MG;SE;636.0;False;;-43.947;-17.2831
3123858;Entre Folhas;MG;SE;85.6;False;;-42.2306;-19.6218
3123908;Entre Rios de Minas;MG;SE;464.9;False;;-44.0654;-20.6706
3124005;Ervália;MG;SE;358.2;False;;-42.6544;-20.8403
3124104;Esmeraldas;MG;SE;915.6;False;;-44.3065;-19.764
3124203;Espera Feliz;MG;SE;327.4;False;;-41.9119;-20.6508
3124302;Espinosa;MG;SE;1888.9;False;;-42.809;-14.9249
3124401;Espírito Santo do Dourado;MG;SE;265.3;False;;-45.9548;-22.0454
3124500;Estiva;MG;SE;246.6;False;;-46.0191;-22.4577
3124609;Estrela Dalva;MG;SE;132.9;False;;-42.4574;-21.7412
3124708;Estrela do Indaiá;MG;SE;638.8;False;;-45.7859;-19.5169
3124807;Estrela do Sul;MG;SE;825.3;False;;-47.6956;-18.7399
3124906;Eugenópolis;MG;SE;312.9;False;;-42.1878;-21.1002
3125002;Ewbank da Câmara;MG;SE;104.6;False;;-43.5068;-21.5498
3125101;Extrema;MG;SE;243.6;False;;-46.3178;-22.854
3125200;Fama;MG;SE;87.6;False;;-45.8286;-21.4089
3125309;Faria Lemos;MG;SE;166.8;False;;-42.0213;-20.8097
3125408;Felício dos Santos;MG;SE;359.9;False;;-43.2422;-18.0755
3125507;São Gonçalo do Rio Preto;MG;SE;315.2;False;;-43.3854;-18.0025
3125606;Felisburgo;MG;SE;597.8;False;;-40.7605;-16.6348
3125705;Felixlândia;MG;SE;1561.4;False;;-44.9004;-18.7507
3125804;Fernandes Tourinho;MG;SE;152.9;False;;-42.0803;-19.1541
3125903;Ferros;MG;SE;1096.5;False;;-43.0192;-19.2343
3125952;Fervedouro;MG;SE;359.3;False;;-42.279;-20.726
3126000;Florestal;MG;SE;195.0;False;;-44.4318;-19.888
3126109;Formiga;MG;SE;1509.0;False;;-45.4268;-20.4618
3126208;Formoso;MG;SE;3713.6;False;;-46.2371;-14.9446
3126307;Fortaleza de Minas;MG;SE;220.0;False;;-46.712;-20.8508
3126406;Fortuna de Minas;MG;SE;198.7;False;;-44.4472;-19.5578
3126505;Francisco Badaró;MG;SE;466.6;False;;-42.3568;-16.9883
3126604;Francisco Dumont;MG;SE;1562.6;False;;-44.2317;-17.3107
3126703;Francisco Sá;MG;SE;2767.1;False;;-43.4896;-16.4827
3126752;Franciscópolis;MG;SE;718.5;False;;-42.0094;-17.9578
3126802;Frei Gaspar;MG;SE;631.2;False;;-41.4325;-18.0709
3126901;Frei Inocêncio;MG;SE;470.4;False;;-41.9121;-18.5556
3126950;Frei Lagonegro;MG;SE;169.6;False;;-42.7617;-18.1751
3127008;Fronteira;MG;SE;199.0;False;;-49.1984;-20.2748
3127057;Fronteira dos Vales;MG;SE;319.7;False;;-40.923;-16.8898
3127073;Fruta de Leite;MG;SE;761.8;False;;-42.5288;-16.1225
3127107;Frutal;MG;SE;2443.2;False;;-48.9355;-20.0259
3127206;Funilândia;MG;SE;203.6;False;;-44.061;-19.3661
3127305;Galiléia;MG;SE;725.2;False;;-41.5387;-19.0005
3127339;Gameleiras;MG;SE;1742.6;False;;-43.125;-15.0829
3127354;Glaucilândia;MG;SE;145.8;False;;-43.692;-16.8481
3127370;Goiabeira;MG;SE;111.8;False;;-41.2235;-18.9807
3127388;Goianá;MG;SE;153.8;False;;-43.1957;-21.536
3127404;Gonçalves;MG;SE;188.4;False;;-45.8556;-22.6545
3127503;Gonzaga;MG;SE;212.7;False;;-42.4769;-18.8196
3127602;Gouveia;MG;SE;869.9;False;;-43.7423;-18.4519
3127701;Governador Valadares;MG;SE;2362.6;False;;-41.9555;-18.8545
3127800;Grão Mogol;MG;SE;3911.9;False;;-42.8923;-16.5662
3127909;Grupiara;MG;SE;193.3;False;;-47.7318;-18.5003
3128006;Guanhães;MG;SE;1080.9;False;;-42.9312;-18.7713
3128105;Guapé;MG;SE;941.0;False;;-45.9152;-20.7631
3128204;Guaraciaba;MG;SE;349.4;False;;-43.0094;-20.5716
3128253;Guaraciama;MG;SE;394.5;False;;-43.6675;-17.0142
3128303;Guaranésia;MG;SE;294.8;False;;-46.7964;-21.3009
3128402;Guarani;MG;SE;266.5;False;;-43.0328;-21.3563
3128501;Guarará;MG;SE;88.9;False;;-43.0334;-21.7304
3128600;Guarda-Mor;MG;SE;2077.5;False;;-47.0998;-17.7673
3128709;Guaxupé;MG;SE;286.4;False;;-46.7081;-21.305
3128808;Guidoval;MG;SE;159.2;False;;-42.7887;-21.155
3128907;Guimarânia;MG;SE;370.6;False;;-46.7901;-18.8425
3129004;Guiricema;MG;SE;296.4;False;;-42.7207;-21.0098
3129103;Gurinhatã;MG;SE;1853.9;False;;-49.7876;-19.2143
3129202;Heliodora;MG;SE;154.8;False;;-45.5453;-22.0644
3129301;Iapu;MG;SE;341.5;False;;-42.2147;-19.4387
3129400;Ibertioga;MG;SE;356.1;False;;-43.9639;-21.433
3129509;Ibiá;MG;SE;2721.8;False;;-46.5474;-19.4749
3129608;Ibiaí;MG;SE;873.9;False;;-44.9046;-16.8591
3129657;Ibiracatu;MG;SE;361.5;False;;-44.1667;-15.6605
3129707;Ibiraci;MG;SE;563.1;False;;-47.1222;-20.4611
3129806;Ibirité;MG;SE;72.9;False;;-44.0569;-20.0252
3129905;Ibitiúra de Minas;MG;SE;68.6;False;;-46.4368;-22.0604
3130002;Ibituruna;MG;SE;159.3;False;;-44.7479;-21.1541
3130051;Icaraí de Minas;MG;SE;618.9;False;;-44.9034;-16.214
3130101;Igarapé;MG;SE;110.1;False;;-44.2994;-20.0707
3130200;Igaratinga;MG;SE;220.7;False;;-44.7063;-19.9476
3130309;Iguatama;MG;SE;633.2;False;;-45.7111;-20.1776
3130408;Ijaci;MG;SE;107.0;False;;-44.9233;-21.1738
3130507;Ilicínea;MG;SE;378.3;False;;-45.8308;-20.9402
3130556;Imbé de Minas;MG;SE;200.4;False;;-41.9695;-19.6017
3130606;Inconfidentes;MG;SE;149.0;False;;-46.3264;-22.3136
3130655;Indaiabira;MG;SE;1014.2;False;;-42.2005;-15.4911
3130705;Indianópolis;MG;SE;838.4;False;;-47.9155;-19.0341
3130804;Ingaí;MG;SE;305.7;False;;-44.9152;-21.4024
3130903;Inhapim;MG;SE;862.0;False;;-42.1147;-19.5476
3131000;Inhaúma;MG;SE;245.7;False;;-44.3934;-19.4898
3131109;Inimutaba;MG;SE;524.0;False;;-44.3584;-18.7271
3131158;Ipaba;MG;SE;114.9;False;;-42.4139;-19.4158
3131208;Ipanema;MG;SE;460.8;False;;-41.7164;-19.7992
3131307;Ipatinga;MG;SE;165.5;False;;-42.5476;-19.4703
3131406;Ipiaçu;MG;SE;471.5;False;;-49.9436;-18.6927
3131505;Ipuiúna;MG;SE;299.7;False;;-46.1915;-22.1013
3131604;Iraí de Minas;MG;SE;360.0;False;;-47.461;-18.9819
3131703;Itabira;MG;SE;1263.0;False;;-43.2312;-19.6239
3131802;Itabirinha;MG;SE;209.6;False;;-41.234;-18.5712
3131901;Itabirito;MG;SE;545.8;False;;-43.8038;-20.2501
3132008;Itacambira;MG;SE;1798.4;False;;-43.3069;-17.0625
3132107;Itacarambi;MG;SE;1234.6;False;;-44.095;-15.089
3132206;Itaguara;MG;SE;412.4;False;;-44.4875;-20.3947
3132305;Itaipé;MG;SE;484.3;False;;-41.6697;-17.4014
3132404;Itajubá;MG;SE;291.7;False;;-45.4598;-22.4225
3132503;Itamarandiba;MG;SE;2749.0;False;;-42.8561;-17.8552
3132602;Itamarati de Minas;MG;SE;119.3;False;;-42.813;-21.4179
3132701;Itambacuri;MG;SE;1426.2;False;;-41.683;-18.035
3132800;Itambé do Mato Dentro;MG;SE;382.4;False;;-43.3182;-19.4158
3132909;Itamogi;MG;SE;238.0;False;;-47.046;-21.0758
3133006;Itamonte;MG;SE;433.3;False;;-44.868;-22.2859
3133105;Itanhandu;MG;SE;143.8;False;;-44.9382;-22.2942
3133204;Itanhomi;MG;SE;488.8;False;;-41.863;-19.1736
3133303;Itaobim;MG;SE;683.5;False;;-41.5017;-16.5571
3133402;Itapagipe;MG;SE;1803.9;False;;-49.3781;-19.9062
3133501;Itapecerica;MG;SE;1047.3;False;;-45.127;-20.4704
3133600;Itapeva;MG;SE;180.1;False;;-46.2241;-22.7665
3133709;Itatiaiuçu;MG;SE;294.5;False;;-44.4211;-20.1983
3133758;Itaú de Minas;MG;SE;154.6;False;;-46.7525;-20.7375
3133808;Itaúna;MG;SE;498.7;False;;-44.5801;-20.0818
3133907;Itaverava;MG;SE;284.4;False;;-43.6141;-20.6769
3134004;Itinga;MG;SE;1650.0;False;;-41.7672;-16.61
3134103;Itueta;MG;SE;457.4;False;;-41.1746;-19.3999
3134202;Ituiutaba;MG;SE;2600.9;False;;-49.4639;-18.9772
3134301;Itumirim;MG;SE;235.0;False;;-44.8724;-21.3171
3134400;Iturama;MG;SE;1410.1;False;;-50.1966;-19.7276
3134509;Itutinga;MG;SE;374.8;False;;-44.6567;-21.3
3134608;Jaboticatubas;MG;SE;1118.8;False;;-43.7373;-19.5119
3134707;Jacinto;MG;SE;1400.2;False;;-40.295;-16.1428
3134806;Jacuí;MG;SE;412.5;False;;-46.7359;-21.0137
3134905;Jacutinga;MG;SE;349.4;False;;-46.6166;-22.286
3135001;Jaguaraçu;MG;SE;162.2;False;;-42.7498;-19.647
3135050;Jaíba;MG;SE;2661.6;False;;-43.6688;-15.3432
3135076;Jampruca;MG;SE;523.8;False;;-41.809;-18.461
3135100;Janaúba;MG;SE;2192.6;False;;-43.3132;-15.8022
3135209;Januária;MG;SE;6730.3;False;;-44.3639;-15.4802
3135308;Japaraíba;MG;SE;173.2;False;;-45.5015;-20.1442
3135357;Japonvar;MG;SE;379.5;False;;-44.2758;-15.9891
3135407;Jeceaba;MG;SE;237.0;False;;-43.9894;-20.5339
3135456;Jenipapo de Minas;MG;SE;287.9;False;;-42.2589;-17.0831
3135506;Jequeri;MG;SE;551.3;False;;-42.6651;-20.4542
3135605;Jequitaí;MG;SE;1275.4;False;;-44.4376;-17.229
3135704;Jequitibá;MG;SE;448.9;False;;-44.0304;-19.2345
3135803;Jequitinhonha;MG;SE;3537.8;False;;-41.0117;-16.4375
3135902;Jesuânia;MG;SE;154.3;False;;-45.2911;-21.9887
3136009;Joaíma;MG;SE;1676.5;False;;-41.0229;-16.6522
3136108;Joanésia;MG;SE;234.1;False;;-42.6775;-19.1729
3136207;João Monlevade;MG;SE;99.3;False;;-43.1735;-19.8126
3136306;João Pinheiro;MG;SE;10774.1;False;;-46.1715;-17.7398
3136405;Joaquim Felício;MG;SE;795.3;False;;-44.1643;-17.758
3136504;Jordânia;MG;SE;553.3;False;;-40.1841;-15.9009
3136520;José Gonçalves de Minas;MG;SE;384.7;False;;-42.6014;-16.9053
3136553;José Raydan;MG;SE;183.0;False;;-42.4946;-18.2195
3136579;Josenópolis;MG;SE;536.8;False;;-42.5151;-16.5417
3136603;Nova União;MG;SE;172.3;False;;-43.583;-19.6876
3136652;Juatuba;MG;SE;96.5;False;;-44.3451;-19.9448
3136702;Juiz de Fora;MG;SE;1443.1;False;;-43.3398;-21.7595
3136801;Juramento;MG;SE;435.2;False;;-43.5865;-16.8473
3136900;Juruaia;MG;SE;220.3;False;;-46.5735;-21.2493
3136959;Juvenília;MG;SE;1067.1;False;;-44.1597;-14.2662
3137007;Ladainha;MG;SE;869.3;False;;-41.7488;-17.6279
3137106;Lagamar;MG;SE;1482.0;False;;-46.8063;-18.1759
3137205;Lagoa da Prata;MG;SE;442.0;False;;-45.5401;-20.0237
3137304;Lagoa dos Patos;MG;SE;602.3;False;;-44.5754;-16.978
3137403;Lagoa Dourada;MG;SE;481.5;False;;-44.0797;-20.9139
3137502;Lagoa Formosa;MG;SE;849.4;False;;-46.4012;-18.7715
3137536;Lagoa Grande;MG;SE;1225.4;False;;-46.5165;-17.8323
3137601;Lagoa Santa;MG;SE;231.9;False;;-43.8932;-19.6397
3137700;Lajinha;MG;SE;432.5;False;;-41.6228;-20.1539
3137809;Lambari;MG;SE;215.0;False;;-45.3498;-21.9671
3137908;Lamim;MG;SE;118.3;False;;-43.4706;-20.79
3138005;Laranjal;MG;SE;204.5;False;;-42.4732;-21.3715
3138104;Lassance;MG;SE;3230.0;False;;-44.5735;-17.887
3138203;Lavras;MG;SE;566.0;False;;-45.0009;-21.248
3138302;Leandro Ferreira;MG;SE;356.0;False;;-45.0279;-19.7193
3138351;Leme do Prado;MG;SE;281.6;False;;-42.6936;-17.0793
3138401;Leopoldina;MG;SE;947.4;False;;-42.6421;-21.5296
3138500;Liberdade;MG;SE;403.2;False;;-44.3208;-22.0275
3138609;Lima Duarte;MG;SE;851.0;False;;-43.7934;-21.8386
3138625;Limeira do Oeste;MG;SE;1326.0;False;;-50.5815;-19.5512
3138658;Lontra;MG;SE;257.9;False;;-44.306;-15.9013
3138674;Luisburgo;MG;SE;147.3;False;;-42.0976;-20.4468
3138682;Luislândia;MG;SE;426.5;False;;-44.5886;-16.1095
3138708;Luminárias;MG;SE;501.4;False;;-44.9034;-21.5145
3138807;Luz;MG;SE;1176.8;False;;-45.6794;-19.7911
3138906;Machacalis;MG;SE;331.2;False;;-40.7245;-17.0723
3139003;Machado;MG;SE;586.5;False;;-45.9219;-21.6778
3139102;Madre de Deus de Minas;MG;SE;496.4;False;;-44.3287;-21.483
3139201;Malacacheta;MG;SE;723.8;False;;-42.0769;-17.8456
3139250;Mamonas;MG;SE;291.4;False;;-42.9469;-15.0479
3139300;Manga;MG;SE;1976.9;False;;-43.9391;-14.7529
3139409;Manhuaçu;MG;SE;630.2;False;;-42.028;-20.2572
3139508;Manhumirim;MG;SE;185.1;False;;-41.9589;-20.3591
3139607;Mantena;MG;SE;686.1;False;;-40.9874;-18.7761
3139706;Maravilhas;MG;SE;262.3;False;;-44.6779;-19.5076
3139805;Mar de Espanha;MG;SE;374.3;False;;-43.0062;-21.8707
3139904;Maria da Fé;MG;SE;205.0;False;;-45.3773;-22.3044
3140001;Mariana;MG;SE;1199.4;False;;-43.414;-20.3765
3140100;Marilac;MG;SE;164.8;False;;-42.0822;-18.5079
3140159;Mário Campos;MG;SE;34.6;False;;-44.1883;-20.0582
3140209;Maripá de Minas;MG;SE;78.4;False;;-42.9546;-21.6979
3140308;Marliéria;MG;SE;549.6;False;;-42.7327;-19.7096
3140407;Marmelópolis;MG;SE;107.8;False;;-45.1645;-22.447
3140506;Martinho Campos;MG;SE;1066.6;False;;-45.2434;-19.3306
3140530;Martins Soares;MG;SE;113.0;False;;-41.8786;-20.2546
3140555;Mata Verde;MG;SE;231.5;False;;-40.7366;-15.6869
3140605;Materlândia;MG;SE;284.5;False;;-43.0579;-18.4699
3140704;Mateus Leme;MG;SE;304.5;False;;-44.4318;-19.9794
3140803;Matias Barbosa;MG;SE;157.8;False;;-43.3135;-21.869
3140852;Matias Cardoso;MG;SE;1962.4;False;;-43.9146;-14.8563
3140902;Matipó;MG;SE;267.6;False;;-42.3401;-20.2873
3141009;Mato Verde;MG;SE;476.3;False;;-42.86;-15.3944
3141108;Matozinhos;MG;SE;255.6;False;;-44.0868;-19.5543
3141207;Matutina;MG;SE;260.8;False;;-45.9664;-19.2179
3141306;Medeiros;MG;SE;945.1;False;;-46.2181;-19.9865
3141405;Medina;MG;SE;1446.4;False;;-41.4728;-16.2245
3141504;Mendes Pimentel;MG;SE;305.2;False;;-41.4052;-18.6631
3141603;Mercês;MG;SE;354.7;False;;-43.3337;-21.1976
3141702;Mesquita;MG;SE;275.6;False;;-42.6079;-19.224
3141801;Minas Novas;MG;SE;1821.8;False;;-42.5884;-17.2156
3141900;Minduri;MG;SE;221.5;False;;-44.6051;-21.6797
3142007;Mirabela;MG;SE;725.4;False;;-44.1602;-16.256
3142106;Miradouro;MG;SE;302.7;False;;-42.3458;-20.8899
3142205;Miraí;MG;SE;322.7;False;;-42.6122;-21.2021
3142254;Miravânia;MG;SE;606.5;False;;-44.4092;-14.7348
3142304;Moeda;MG;SE;154.9;False;;-44.0509;-20.3399
3142403;Moema;MG;SE;204.5;False;;-45.4127;-19.8387
3142502;Monjolos;MG;SE;654.1;False;;-44.118;-18.3245
3142601;Monsenhor Paulo;MG;SE;216.7;False;;-45.5391;-21.7579
3142700;Montalvânia;MG;SE;1511.3;False;;-44.3719;-14.4197
3142809;Monte Alegre de Minas;MG;SE;2604.7;False;;-48.881;-18.869
3142908;Monte Azul;MG;SE;997.5;False;;-42.8718;-15.1514
3143005;Monte Belo;MG;SE;423.9;False;;-46.3635;-21.3271
3143104;Monte Carmelo;MG;SE;1361.8;False;;-47.4912;-18.7302
3143153;Monte Formoso;MG;SE;385.9;False;;-41.2473;-16.8691
3143203;Monte Santo de Minas;MG;SE;593.6;False;;-46.9753;-21.1873
3143302;Montes Claros;MG;SE;3603.0;False;;-43.8578;-16.7282
3143401;Monte Sião;MG;SE;291.0;False;;-46.573;-22.4335
3143450;Montezuma;MG;SE;1141.3;False;;-42.4941;-15.1702
3143500;Morada Nova de Minas;MG;SE;2096.2;False;;-45.3584;-18.5998
3143609;Morro da Garça;MG;SE;416.0;False;;-44.601;-18.5356
3143708;Morro do Pilar;MG;SE;479.5;False;;-43.3795;-19.2236
3143807;Munhoz;MG;SE;191.2;False;;-46.362;-22.6092
3143906;Muriaé;MG;SE;848.2;False;;-42.3693;-21.13
3144003;Mutum;MG;SE;1263.4;False;;-41.4407;-19.8121
3144102;Muzambinho;MG;SE;411.8;False;;-46.5213;-21.3692
3144201;Nacip Raydan;MG;SE;230.8;False;;-42.2481;-18.4544
3144300;Nanuque;MG;SE;1351.6;False;;-40.3533;-17.8481
3144359;Naque;MG;SE;129.5;False;;-42.3312;-19.2291
3144375;Natalândia;MG;SE;473.5;False;;-46.4874;-16.5021
3144409;Natércia;MG;SE;191.4;False;;-45.5123;-22.1158
3144508;Nazareno;MG;SE;325.1;False;;-44.6138;-21.2168
3144607;Nepomuceno;MG;SE;585.0;False;;-45.235;-21.2324
3144656;Ninheira;MG;SE;1123.4;False;;-41.7564;-15.3148
3144672;Nova Belém;MG;SE;147.8;False;;-41.1107;-18.4925
3144706;Nova Era;MG;SE;364.4;False;;-43.0333;-19.7577
3144805;Nova Lima;MG;SE;431.5;False;;-43.8509;-19.9758
3144904;Nova Módica;MG;SE;379.0;False;;-41.4984;-18.4417
3145000;Nova Ponte;MG;SE;1112.2;False;;-47.6779;-19.1461
3145059;Nova Porteirinha;MG;SE;121.8;False;;-43.2941;-15.7993
3145109;Nova Resende;MG;SE;391.7;False;;-46.4157;-21.1286
3145208;Nova Serrana;MG;SE;285.7;False;;-44.9847;-19.8713
3145307;Novo Cruzeiro;MG;SE;1711.9;False;;-41.8826;-17.4654
3145356;Novo Oriente de Minas;MG;SE;758.5;False;;-41.2194;-17.4089
3145372;Novorizonte;MG;SE;264.5;False;;-42.4044;-16.0162
3145406;Olaria;MG;SE;179.7;False;;-43.9356;-21.8598
3145455;Olhos d'Água;MG;SE;2094.6;False;;-43.5719;-17.3982
3145505;Olímpio Noronha;MG;SE;53.9;False;;-45.2657;-22.0685
3145604;Oliveira;MG;SE;900.7;False;;-44.829;-20.6982
3145703;Oliveira Fortes;MG;SE;111.5;False;;-43.4499;-21.3401
3145802;Onça de Pitangui;MG;SE;248.1;False;;-44.8058;-19.7276
3145851;Oratórios;MG;SE;89.3;False;;-42.7977;-20.4298
3145877;Orizânia;MG;SE;122.4;False;;-42.1991;-20.5142
3145901;Ouro Branco;MG;SE;262.3;False;;-43.6962;-20.5263
3146008;Ouro Fino;MG;SE;537.3;False;;-46.3716;-22.2779
3146107;Ouro Preto;MG;SE;1251.6;False;;-43.512;-20.3796
3146206;Ouro Verde de Minas;MG;SE;176.7;False;;-41.2734;-18.0719
3146255;Padre Carvalho;MG;SE;453.5;False;;-42.5088;-16.3646
3146305;Padre Paraíso;MG;SE;546.1;False;;-41.4821;-17.0758
3146404;Paineiras;MG;SE;640.3;False;;-45.5321;-18.8993
3146503;Pains;MG;SE;419.3;False;;-45.6627;-20.3705
3146552;Pai Pedro;MG;SE;807.9;False;;-43.07;-15.5271
3146602;Paiva;MG;SE;57.7;False;;-43.4088;-21.2913
3146701;Palma;MG;SE;320.1;False;;-42.3123;-21.3748
3146750;Palmópolis;MG;SE;439.3;False;;-40.4296;-16.7364
3146909;Papagaios;MG;SE;554.8;False;;-44.7468;-19.4419
3147006;Paracatu;MG;SE;8279.1;False;;-46.8711;-17.2252
3147105;Pará de Minas;MG;SE;554.1;False;;-44.6114;-19.8534
3147204;Paraguaçu;MG;SE;427.2;False;;-45.7374;-21.5465
3147303;Paraisópolis;MG;SE;333.0;False;;-45.7803;-22.5539
3147402;Paraopeba;MG;SE;626.9;False;;-44.4044;-19.2732
3147501;Passabém;MG;SE;95.9;False;;-43.1383;-19.3509
3147600;Passa Quatro;MG;SE;278.2;False;;-44.9709;-22.3871
3147709;Passa Tempo;MG;SE;431.9;False;;-44.4926;-20.6539
3147808;Passa-Vinte;MG;SE;247.3;False;;-44.2344;-22.2097
3147907;Passos;MG;SE;1343.3;False;;-46.609;-20.7193
3147956;Patis;MG;SE;445.6;False;;-44.0787;-16.0773
3148004;Patos de Minas;MG;SE;3204.7;False;;-46.5013;-18.5699
3148103;Patrocínio;MG;SE;2882.5;False;;-46.9934;-18.9379
3148202;Patrocínio do Muriaé;MG;SE;108.9;False;;-42.2125;-21.1544
3148301;Paula Cândido;MG;SE;270.6;False;;-42.9752;-20.8754
3148400;Paulistas;MG;SE;221.3;False;;-42.8628;-18.4276
3148509;Pavão;MG;SE;602.1;False;;-41.0035;-17.4267
3148608;Peçanha;MG;SE;1000.6;False;;-42.5583;-18.5441
3148707;Pedra Azul;MG;SE;1628.9;False;;-41.2909;-16.0086
3148756;Pedra Bonita;MG;SE;174.3;False;;-42.3304;-20.5219
3148806;Pedra do Anta;MG;SE;164.5;False;;-42.7123;-20.5968
3148905;Pedra do Indaiá;MG;SE;350.1;False;;-45.2107;-20.2563
3149002;Pedra Dourada;MG;SE;70.8;False;;-42.1515;-20.8266
3149101;Pedralva;MG;SE;218.7;False;;-45.4654;-22.2386
3149150;Pedras de Maria da Cruz;MG;SE;1529.1;False;;-44.391;-15.6032
3149200;Pedrinópolis;MG;SE;360.1;False;;-47.4579;-19.2241
3149309;Pedro Leopoldo;MG;SE;293.2;False;;-44.0383;-19.6308
3149408;Pedro Teixeira;MG;SE;113.1;False;;-43.743;-21.7076
3149507;Pequeri;MG;SE;91.3;False;;-43.1145;-21.8341
3149606;Pequi;MG;SE;205.5;False;;-44.6604;-19.6284
3149705;Perdigão;MG;SE;251.3;False;;-45.078;-19.9411
3149804;Perdizes;MG;SE;2462.3;False;;-47.2963;-19.3434
3149903;Perdões;MG;SE;269.7;False;;-45.0896;-21.0932
3149952;Periquito;MG;SE;227.8;False;;-42.2333;-19.1573
3150000;Pescador;MG;SE;319.5;False;;-41.6006;-18.357
3150109;Piau;MG;SE;192.6;False;;-43.313;-21.5096
3150158;Piedade de Caratinga;MG;SE;111.8;False;;-42.0756;-19.7593
3150208;Piedade de Ponte Nova;MG;SE;84.7;False;;-42.7379;-20.2438
3150307;Piedade do Rio Grande;MG;SE;325.2;False;;-44.1938;-21.469
3150406;Piedade dos Gerais;MG;SE;261.6;False;;-44.2243;-20.4715
3150505;Pimenta;MG;SE;417.4;False;;-45.8049;-20.4827
3150539;Pingo-d'Água;MG;SE;66.9;False;;-42.4095;-19.7287
3150570;Pintópolis;MG;SE;1246.4;False;;-45.1402;-16.0572
3150604;Piracema;MG;SE;281.5;False;;-44.4783;-20.5089
3150703;Pirajuba;MG;SE;333.4;False;;-48.7027;-19.9092
3150802;Piranga;MG;SE;660.7;False;;-43.2967;-20.6834
3150901;Piranguçu;MG;SE;170.7;False;;-45.4945;-22.5249
3151008;Piranguinho;MG;SE;131.3;False;;-45.5324;-22.395
3151107;Pirapetinga;MG;SE;191.2;False;;-42.3434;-21.6554
3151206;Pirapora;MG;SE;578.3;False;;-44.934;-17.3392
3151305;Piraúba;MG;SE;144.8;False;;-43.0172;-21.2825
3151404;Pitangui;MG;SE;571.3;False;;-44.8964;-19.6741
3151503;Piumhi;MG;SE;904.7;False;;-45.9589;-20.4762
3151602;Planura;MG;SE;319.2;False;;-48.7;-20.1376
3151701;Poço Fundo;MG;SE;477.4;False;;-45.9658;-21.78
3151800;Poços de Caldas;MG;SE;547.1;False;;-46.5692;-21.78
3151909;Pocrane;MG;SE;695.3;False;;-41.6334;-19.6208
3152006;Pompéu;MG;SE;2571.9;False;;-45.0141;-19.2257
3152105;Ponte Nova;MG;SE;472.4;False;;-42.8978;-20.4111
3152131;Ponto Chique;MG;SE;606.8;False;;-45.0588;-16.6282
3152170;Ponto dos Volantes;MG;SE;1223.3;False;;-41.5025;-16.7473
3152204;Porteirinha;MG;SE;1791.3;False;;-43.0281;-15.7404
3152303;Porto Firme;MG;SE;287.3;False;;-43.0834;-20.6642
3152402;Poté;MG;SE;636.1;False;;-41.786;-17.8077
3152501;Pouso Alegre;MG;SE;546.5;False;;-45.9389;-22.2266
3152600;Pouso Alto;MG;SE;261.7;False;;-44.9748;-22.1964
3152709;Prados;MG;SE;263.9;False;;-44.0778;-21.0597
3152808;Prata;MG;SE;4881.4;False;;-48.9276;-19.3086
3152907;Pratápolis;MG;SE;216.1;False;;-46.8624;-20.7411
3153004;Pratinha;MG;SE;623.0;False;;-46.3755;-19.739
3153103;Presidente Bernardes;MG;SE;237.4;False;;-43.1895;-20.7656
3153202;Presidente Juscelino;MG;SE;699.1;False;;-44.06;-18.6401
3153301;Presidente Kubitschek;MG;SE;189.8;False;;-43.5628;-18.6193
3153400;Presidente Olegário;MG;SE;3552.3;False;;-46.4165;-18.4096
3153509;Alto Jequitibá;MG;SE;153.0;False;;-41.967;-20.4208
3153608;Prudente de Morais;MG;SE;125.0;False;;-44.1591;-19.4742
3153707;Quartel Geral;MG;SE;559.7;False;;-45.5569;-19.2703
3153806;Queluzito;MG;SE;154.2;False;;-43.8851;-20.7416
3153905;Raposos;MG;SE;72.3;False;;-43.8079;-19.9636
3154002;Raul Soares;MG;SE;773.8;False;;-42.4502;-20.1061
3154101;Recreio;MG;SE;234.7;False;;-42.4676;-21.5289
3154150;Reduto;MG;SE;152.6;False;;-41.9848;-20.2401
3154200;Resende Costa;MG;SE;634.8;False;;-44.2407;-20.9171
3154309;Resplendor;MG;SE;1078.7;False;;-41.2462;-19.3194
3154408;Ressaquinha;MG;SE;191.0;False;;-43.7598;-21.0642
3154457;Riachinho;MG;SE;1783.8;False;;-45.9888;-16.2258
3154507;Riacho dos Machados;MG;SE;1320.8;False;;-43.0488;-16.0091
3154606;Ribeirão das Neves;MG;SE;155.5;False;;-44.0844;-19.7621
3154705;Ribeirão Vermelho;MG;SE;49.4;False;;-45.0637;-21.1879
3154804;Rio Acima;MG;SE;230.8;False;;-43.7878;-20.0876
3154903;Rio Casca;MG;SE;386.2;False;;-42.6462;-20.2285
3155009;Rio Doce;MG;SE;113.1;False;;-42.8995;-20.2412
3155108;Rio do Prado;MG;SE;481.7;False;;-40.5714;-16.6056
3155207;Rio Espera;MG;SE;241.2;False;;-43.4721;-20.855
3155306;Rio Manso;MG;SE;233.7;False;;-44.3069;-20.2666
3155405;Rio Novo;MG;SE;207.9;False;;-43.1168;-21.4649
3155504;Rio Paranaíba;MG;SE;1359.3;False;;-46.2455;-19.1861
3155603;Rio Pardo de Minas;MG;SE;3135.8;False;;-42.5405;-15.616
3155702;Rio Piracicaba;MG;SE;372.0;False;;-43.1829;-19.9284
3155801;Rio Pomba;MG;SE;252.2;False;;-43.1696;-21.2712
3155900;Rio Preto;MG;SE;348.7;False;;-43.8293;-22.0861
3156007;Rio Vermelho;MG;SE;992.3;False;;-43.0018;-18.2922
3156106;Ritápolis;MG;SE;393.7;False;;-44.3204;-21.0276
3156205;Rochedo de Minas;MG;SE;79.8;False;;-43.0165;-21.6284
3156304;Rodeiro;MG;SE;72.3;False;;-42.8586;-21.2035
3156403;Romaria;MG;SE;404.0;False;;-47.5782;-18.8838
3156452;Rosário da Limeira;MG;SE;112.4;False;;-42.5112;-20.9812
3156502;Rubelita;MG;SE;1115.0;False;;-42.261;-16.4053
3156601;Rubim;MG;SE;972.8;False;;-40.5397;-16.3775
3156700;Sabará;MG;SE;305.7;False;;-43.8263;-19.884
3156809;Sabinópolis;MG;SE;923.3;False;;-43.0752;-18.6653
3156908;Sacramento;MG;SE;3088.0;False;;-47.4508;-19.8622
3157005;Salinas;MG;SE;1908.8;False;;-42.2964;-16.1753
3157104;Salto da Divisa;MG;SE;949.2;False;;-39.9391;-16.0063
3157203;Santa Bárbara;MG;SE;686.4;False;;-43.4101;-19.9604
3157252;Santa Bárbara do Leste;MG;SE;110.6;False;;-42.1457;-19.9753
3157278;Santa Bárbara do Monte Verde;MG;SE;417.4;False;;-43.7027;-21.9592
3157302;Santa Bárbara do Tugúrio;MG;SE;191.4;False;;-43.5607;-21.2431
3157336;Santa Cruz de Minas;MG;SE;2.5;False;;-44.2202;-21.1241
3157377;Santa Cruz de Salinas;MG;SE;589.9;False;;-41.7418;-16.0967
3157401;Santa Cruz do Escalvado;MG;SE;259.2;False;;-42.8169;-20.2372
3157500;Santa Efigênia de Minas;MG;SE;132.5;False;;-42.4388;-18.8235
3157609;Santa Fé de Minas;MG;SE;2933.4;False;;-45.4102;-16.6859
3157658;Santa Helena de Minas;MG;SE;278.0;False;;-40.6727;-16.9707
3157708;Santa Juliana;MG;SE;731.1;False;;-47.5322;-19.3108
3157807;Santa Luzia;MG;SE;235.0;False;;-43.8497;-19.7548
3157906;Santa Margarida;MG;SE;257.7;False;;-42.2519;-20.3839
3158003;Santa Maria de Itabira;MG;SE;599.9;False;;-43.1064;-19.4431
3158102;Santa Maria do Salto;MG;SE;444.5;False;;-40.1512;-16.2479
3158201;Santa Maria do Suaçuí;MG;SE;626.1;False;;-42.4139;-18.1896
3158300;Santana da Vargem;MG;SE;172.6;False;;-45.5005;-21.2449
3158409;Santana de Cataguases;MG;SE;163.0;False;;-42.5524;-21.2893
3158508;Santana de Pirapama;MG;SE;1228.0;False;;-44.0409;-18.9962
3158607;Santana do Deserto;MG;SE;183.3;False;;-43.1583;-21.9512
3158706;Santana do Garambéu;MG;SE;204.2;False;;-44.105;-21.5983
3158805;Santana do Jacaré;MG;SE;107.5;False;;-45.1285;-20.9007
3158904;Santana do Manhuaçu;MG;SE;348.6;False;;-41.9278;-20.1031
3158953;Santana do Paraíso;MG;SE;276.6;False;;-42.5446;-19.3661
3159001;Santana do Riacho;MG;SE;679.5;False;;-43.722;-19.1662
3159100;Santana dos Montes;MG;SE;197.7;False;;-43.6949;-20.7868
3159209;Santa Rita de Caldas;MG;SE;505.0;False;;-46.3385;-22.0292
3159308;Santa Rita de Jacutinga;MG;SE;439.3;False;;-44.0977;-22.1474
3159357;Santa Rita de Minas;MG;SE;68.4;False;;-42.1363;-19.876
3159407;Santa Rita de Ibitipoca;MG;SE;325.9;False;;-43.9163;-21.5658
3159506;Santa Rita do Itueto;MG;SE;489.5;False;;-41.3821;-19.3576
3159605;Santa Rita do Sapucaí;MG;SE;351.8;False;;-45.7034;-22.2461
3159704;Santa Rosa da Serra;MG;SE;298.6;False;;-45.9611;-19.5186
3159803;Santa Vitória;MG;SE;3020.7;False;;-50.1208;-18.8414
3159902;Santo Antônio do Amparo;MG;SE;494.5;False;;-44.9176;-20.943
3160009;Santo Antônio do Aventureiro;MG;SE;202.8;False;;-42.8115;-21.7606
3160108;Santo Antônio do Grama;MG;SE;130.2;False;;-42.6047;-20.3185
3160207;Santo Antônio do Itambé;MG;SE;305.2;False;;-43.3006;-18.4609
3160306;Santo Antônio do Jacinto;MG;SE;500.7;False;;-40.1817;-16.5332
3160405;Santo Antônio do Monte;MG;SE;1135.3;False;;-45.2947;-20.085
3160454;Santo Antônio do Retiro;MG;SE;802.1;False;;-42.6171;-15.3393
3160504;Santo Antônio do Rio Abaixo;MG;SE;107.9;False;;-43.2604;-19.2374
3160603;Santo Hipólito;MG;SE;434.8;False;;-44.2229;-18.2968
3160702;Santos Dumont;MG;SE;640.2;False;;-43.5499;-21.4634
3160801;São Bento Abade;MG;SE;80.6;False;;-45.0699;-21.5839
3160900;São Brás do Suaçuí;MG;SE;111.1;False;;-43.9515;-20.6242
3160959;São Domingos das Dores;MG;SE;62.0;False;;-42.0106;-19.5246
3161007;São Domingos do Prata;MG;SE;750.9;False;;-42.971;-19.8678
3161056;São Félix de Minas;MG;SE;166.1;False;;-41.4889;-18.5959
3161106;São Francisco;MG;SE;3319.1;False;;-44.8593;-15.9514
3161205;São Francisco de Paula;MG;SE;318.9;False;;-44.9838;-20.7036
3161304;São Francisco de Sales;MG;SE;1136.0;False;;-49.7727;-19.8611
3161403;São Francisco do Glória;MG;SE;164.9;False;;-42.2673;-20.7923
3161502;São Geraldo;MG;SE;188.5;False;;-42.8364;-20.9252
3161601;São Geraldo da Piedade;MG;SE;153.5;False;;-42.2867;-18.8411
3161650;São Geraldo do Baixio;MG;SE;281.7;False;;-41.363;-18.9097
3161700;São Gonçalo do Abaeté;MG;SE;2702.1;False;;-45.8265;-18.3315
3161809;São Gonçalo do Pará;MG;SE;266.5;False;;-44.8593;-19.9822
3161908;São Gonçalo do Rio Abaixo;MG;SE;366.6;False;;-43.366;-19.8221
3162005;São Gonçalo do Sapucaí;MG;SE;520.1;False;;-45.5893;-21.8932
3162104;São Gotardo;MG;SE;857.3;False;;-46.0465;-19.3087
3162203;São João Batista do Glória;MG;SE;557.3;False;;-46.508;-20.635
3162252;São João da Lagoa;MG;SE;994.6;False;;-44.3507;-16.8455
3162302;São João da Mata;MG;SE;120.6;False;;-45.9297;-21.928
3162401;São João da Ponte;MG;SE;1859.2;False;;-44.0096;-15.9271
3162450;São João das Missões;MG;SE;679.5;False;;-44.0922;-14.8859
3162500;São João del Rei;MG;SE;1471.4;False;;-44.2526;-21.1311
3162559;São João do Manhuaçu;MG;SE;143.7;False;;-42.1533;-20.3933
3162575;São João do Manteninha;MG;SE;139.9;False;;-41.1628;-18.723
3162609;São João do Oriente;MG;SE;120.1;False;;-42.1575;-19.3384
3162658;São João do Pacuí;MG;SE;423.0;False;;-44.5134;-16.5373
3162708;São João do Paraíso;MG;SE;1929.8;False;;-42.0213;-15.3168
3162807;São João Evangelista;MG;SE;481.8;False;;-42.7655;-18.548
3162906;São João Nepomuceno;MG;SE;411.0;False;;-43.0069;-21.5381
3162922;São Joaquim de Bicas;MG;SE;72.9;False;;-44.2749;-20.048
3162948;São José da Barra;MG;SE;317.7;False;;-46.313;-20.7178
3162955;São José da Lapa;MG;SE;48.9;False;;-43.9586;-19.6971
3163003;São José da Safira;MG;SE;215.6;False;;-42.1431;-18.3243
3163102;São José da Varginha;MG;SE;206.0;False;;-44.556;-19.7006
3163201;São José do Alegre;MG;SE;90.1;False;;-45.5258;-22.3243
3163300;São José do Divino;MG;SE;328.4;False;;-41.3907;-18.4793
3163409;São José do Goiabal;MG;SE;186.4;False;;-42.7035;-19.9214
3163508;São José do Jacuri;MG;SE;347.2;False;;-42.6729;-18.281
3163607;São José do Mantimento;MG;SE;54.8;False;;-41.7486;-20.0058
3163706;São Lourenço;MG;SE;58.1;False;;-45.0506;-22.1166
3163805;São Miguel do Anta;MG;SE;153.7;False;;-42.7174;-20.7067
3163904;São Pedro da União;MG;SE;260.0;False;;-46.6123;-21.131
3164001;São Pedro dos Ferros;MG;SE;403.3;False;;-42.5251;-20.1732
3164100;São Pedro do Suaçuí;MG;SE;310.5;False;;-42.5981;-18.3609
3164209;São Romão;MG;SE;2446.8;False;;-45.0749;-16.3641
3164308;São Roque de Minas;MG;SE;2111.5;False;;-46.3639;-20.249
3164407;São Sebastião da Bela Vista;MG;SE;167.7;False;;-45.7546;-22.1583
3164431;São Sebastião da Vargem Alegre;MG;SE;74.0;False;;-43.3679;-19.7477
3164472;São Sebastião do Anta;MG;SE;80.8;False;;-41.985;-19.5064
3164506;São Sebastião do Maranhão;MG;SE;522.3;False;;-42.5659;-18.0873
3164605;São Sebastião do Oeste;MG;SE;406.2;False;;-45.0063;-20.2758
3164704;São Sebastião do Paraíso;MG;SE;826.3;False;;-46.9837;-20.9167
3164803;São Sebastião do Rio Preto;MG;SE;128.3;False;;-43.1757;-19.2959
3164902;São Sebastião do Rio Verde;MG;SE;92.1;False;;-44.9761;-22.2183
3165008;São Tiago;MG;SE;576.3;False;;-44.5098;-20.9075
3165107;São Tomás de Aquino;MG;SE;278.3;False;;-47.0962;-20.7791
3165206;São Thomé das Letras;MG;SE;372.0;False;;-44.9849;-21.7218
3165305;São Vicente de Minas;MG;SE;393.3;False;;-44.4431;-21.7042
3165404;Sapucaí-Mirim;MG;SE;286.6;False;;-45.738;-22.7409
3165503;Sardoá;MG;SE;142.9;False;;-42.3629;-18.7828
3165537;Sarzedo;MG;SE;62.1;False;;-44.1446;-20.0367
3165552;Setubinha;MG;SE;538.3;False;;-42.1587;-17.6002
3165560;Sem-Peixe;MG;SE;177.2;False;;-42.8483;-20.1008
3165578;Senador Amaral;MG;SE;152.3;False;;-46.1763;-22.5869
3165602;Senador Cortes;MG;SE;98.3;False;;-42.9424;-21.7986
3165701;Senador Firmino;MG;SE;167.3;False;;-43.0904;-20.9158
3165800;Senador José Bento;MG;SE;94.9;False;;-46.1792;-22.1633
3165909;Senador Modestino Gonçalves;MG;SE;953.0;False;;-43.2172;-17.9465
3166006;Senhora de Oliveira;MG;SE;171.0;False;;-43.3394;-20.7972
3166105;Senhora do Porto;MG;SE;384.0;False;;-43.0799;-18.8909
3166204;Senhora dos Remédios;MG;SE;237.4;False;;-43.5812;-21.0351
3166303;Sericita;MG;SE;166.9;False;;-42.4828;-20.4748
3166402;Seritinga;MG;SE;115.0;False;;-44.518;-21.9134
3166501;Serra Azul de Minas;MG;SE;224.4;False;;-43.1675;-18.3602
3166600;Serra da Saudade;MG;SE;337.8;False;;-45.795;-19.4447
3166709;Serra dos Aimorés;MG;SE;388.9;False;;-40.2453;-17.7872
3166808;Serra do Salitre;MG;SE;1305.4;False;;-46.6961;-19.1083
3166907;Serrania;MG;SE;211.6;False;;-46.0417;-21.5441
3166956;Serranópolis de Minas;MG;SE;557.7;False;;-42.8732;-15.8176
3167004;Serranos;MG;SE;213.5;False;;-44.5125;-21.8857
3167103;Serro;MG;SE;1224.3;False;;-43.3744;-18.5991
3167202;Sete Lagoas;MG;SE;541.1;False;;-44.2413;-19.4569
3167301;Silveirânia;MG;SE;157.9;False;;-43.2128;-21.1615
3167400;Silvianópolis;MG;SE;314.3;False;;-45.8385;-22.0274
3167509;Simão Pereira;MG;SE;135.5;False;;-43.3088;-21.964
3167608;Simonésia;MG;SE;490.6;False;;-42.0091;-20.1341
3167707;Sobrália;MG;SE;208.6;False;;-42.0998;-19.2345
3167806;Soledade de Minas;MG;SE;197.1;False;;-45.0464;-22.0554
3167905;Tabuleiro;MG;SE;212.8;False;;-43.2381;-21.3632
3168002;Taiobeiras;MG;SE;1200.9;False;;-42.2259;-15.8106
3168051;Taparuba;MG;SE;190.4;False;;-41.608;-19.7621
3168101;Tapira;MG;SE;1186.9;False;;-46.8264;-19.9166
3168200;Tapiraí;MG;SE;414.0;False;;-46.0221;-19.8936
3168309;Taquaraçu de Minas;MG;SE;330.4;False;;-43.6922;-19.6652
3168408;Tarumirim;MG;SE;734.0;False;;-42.0097;-19.2835
3168507;Teixeiras;MG;SE;167.7;False;;-42.8564;-20.6561
3168606;Teófilo Otoni;MG;SE;3262.5;False;;-41.5087;-17.8595
3168705;Timóteo;MG;SE;146.8;False;;-42.6471;-19.5811
3168804;Tiradentes;MG;SE;83.5;False;;-44.1744;-21.1102
3168903;Tiros;MG;SE;2105.6;False;;-45.9626;-19.0037
3169000;Tocantins;MG;SE;175.6;False;;-43.0127;-21.1774
3169059;Tocos do Moji;MG;SE;116.4;False;;-46.0971;-22.3698
3169109;Toledo;MG;SE;136.7;False;;-46.3728;-22.7421
3169208;Tombos;MG;SE;284.6;False;;-42.0228;-20.9086
3169307;Três Corações;MG;SE;830.4;False;;-45.2511;-21.6921
3169356;Três Marias;MG;SE;2687.6;False;;-45.2473;-18.2048
3169406;Três Pontas;MG;SE;692.9;False;;-45.5109;-21.3694
3169505;Tumiritinga;MG;SE;499.9;False;;-41.6527;-18.9844
3169604;Tupaciguara;MG;SE;1838.1;False;;-48.6985;-18.5866
3169703;Turmalina;MG;SE;1160.1;False;;-42.7285;-17.2828
3169802;Turvolândia;MG;SE;221.9;False;;-45.7859;-21.8733
3169901;Ubá;MG;SE;410.2;False;;-42.9359;-21.1204
3170008;Ubaí;MG;SE;825.8;False;;-44.7783;-16.2885
3170057;Ubaporanga;MG;SE;190.4;False;;-42.1059;-19.6351
3170107;Uberaba;MG;SE;4535.0;False;;-47.9381;-19.7472
3170206;Uberlândia;MG;SE;4139.4;False;;-48.2749;-18.9141
3170305;Umburatiba;MG;SE;406.9;False;;-40.5779;-17.2548
3170404;Unaí;MG;SE;8513.7;False;;-46.9022;-16.3592
3170438;União de Minas;MG;SE;1155.6;False;;-50.338;-19.5299
3170479;Uruana de Minas;MG;SE;591.8;False;;-46.2443;-16.0634
3170503;Urucânia;MG;SE;139.9;False;;-42.737;-20.3521
3170529;Urucuia;MG;SE;2084.0;False;;-45.7352;-16.1244
3170578;Vargem Alegre;MG;SE;116.8;False;;-42.2949;-19.5988
3170602;Vargem Bonita;MG;SE;410.2;False;;-46.3688;-20.3333
3170651;Vargem Grande do Rio Pardo;MG;SE;497.0;False;;-42.3085;-15.3987
3170701;Varginha;MG;SE;397.8;False;;-45.4364;-21.5556
3170750;Varjão de Minas;MG;SE;656.3;False;;-46.0313;-18.3741
3170800;Várzea da Palma;MG;SE;2208.9;False;;-44.7226;-17.5944
3170909;Varzelândia;MG;SE;817.1;False;;-44.0278;-15.6992
3171006;Vazante;MG;SE;1911.6;False;;-46.9088;-17.9827
3171030;Verdelândia;MG;SE;1567.7;False;;-43.6121;-15.5845
3171071;Veredinha;MG;SE;640.7;False;;-42.7307;-17.3974
3171105;Veríssimo;MG;SE;1033.3;False;;-48.3118;-19.6657
3171154;Vermelho Novo;MG;SE;115.0;False;;-42.2688;-20.0406
3171204;Vespasiano;MG;SE;70.2;False;;-43.9239;-19.6883
3171303;Viçosa;MG;SE;300.1;False;;-42.8742;-20.7559
3171402;Vieiras;MG;SE;111.9;False;;-42.2401;-20.867
3171501;Mathias Lobato;MG;SE;171.5;False;;-41.9166;-18.59
3171600;Virgem da Lapa;MG;SE;877.3;False;;-42.3431;-16.807
3171709;Virgínia;MG;SE;327.6;False;;-45.0965;-22.3264
3171808;Virginópolis;MG;SE;443.5;False;;-42.7015;-18.8154
3171907;Virgolândia;MG;SE;283.1;False;;-42.3067;-18.4738
3172004;Visconde do Rio Branco;MG;SE;242.7;False;;-42.8361;-21.0127
3172103;Volta Grande;MG;SE;209.7;False;;-42.5375;-21.7671
3172202;Wenceslau Braz;MG;SE;138.4;False;;-45.3626;-22.5368
3200102;Afonso Cláudio;ES;SE;960.1;False;;-41.1261;-20.0778
3200136;Águia Branca;ES;SE;452.5;False;;-40.7437;-18.9846
3200169;Água Doce do Norte;ES;SE;487.7;False;;-40.9854;-18.5482
3200201;Alegre;ES;SE;776.8;False;;-41.5382;-20.758
3200300;Alfredo Chaves;ES;SE;620.1;False;;-40.7543;-20.6396
3200359;Alto Rio Novo;ES;SE;228.2;False;;-41.0209;-19.0618
3200409;Anchieta;ES;SE;409.1;False;;-40.6425;-20.7955
3200508;Apiacá;ES;SE;193.6;False;;-41.5693;-21.1523
3200607;Aracruz;ES;SE;1444.6;False;;-40.2764;-19.82
3200706;Atilio Vivacqua;ES;SE;227.6;False;;-41.1986;-20.913
3200805;Baixo Guandu;ES;SE;922.4;False;;-41.0109;-19.5213
3200904;Barra de São Francisco;ES;SE;938.0;False;;-40.8965;-18.7548
3201001;Boa Esperança;ES;SE;430.5;False;;-40.3025;-18.5395
3201100;Bom Jesus do Norte;ES;SE;89.2;False;;-41.6731;-21.1173
3201159;Brejetuba;ES;SE;343.1;False;;-41.2954;-20.1395
3201209;Cachoeiro de Itapemirim;ES;SE;879.4;False;;-41.1198;-20.8462
3201308;Cariacica;ES;SE;280.2;False;;-40.4165;-20.2632
3201407;Castelo;ES;SE;668.3;False;;-41.2031;-20.6033
3201506;Colatina;ES;SE;1431.9;False;;-40.6269;-19.5493
3201605;Conceição da Barra;ES;SE;1194.6;False;;-39.7362;-18.5883
3201704;Conceição do Castelo;ES;SE;370.7;False;;-41.2417;-20.3639
3201803;Divino de São Lourenço;ES;SE;176.0;False;;-41.6937;-20.6229
3201902;Domingos Martins;ES;SE;1232.8;False;;-40.6594;-20.3603
3202009;Dores do Rio Preto;ES;SE;152.6;False;;-41.8405;-20.6931
3202108;Ecoporanga;ES;SE;2298.5;False;;-40.836;-18.3702
3202207;Fundão;ES;SE;280.8;False;;-40.4078;-19.937
3202256;Governador Lindenberg;ES;SE;360.8;False;;-40.4473;-19.1864
3202306;Guaçuí;ES;SE;471.2;False;;-41.6734;-20.7668
3202405;Guarapari;ES;SE;596.3;False;;-40.5093;-20.6772
3202454;Ibatiba;ES;SE;242.3;False;;-41.5087;-20.2347
3202504;Ibiraçu;ES;SE;200.8;False;;-40.3732;-19.8366
3202553;Ibitirama;ES;SE;332.4;False;;-41.6667;-20.5466
3202603;Iconha;ES;SE;203.7;False;;-40.8132;-20.7913
3202652;Irupi;ES;SE;185.4;False;;-41.6444;-20.3501
3202702;Itaguaçu;ES;SE;533.6;False;;-40.8601;-19.8018
3202801;Itapemirim;ES;SE;561.6;False;;-40.8307;-21.0095
3202900;Itarana;ES;SE;300.3;False;;-40.8753;-19.875
3203007;Iúna;ES;SE;462.0;False;;-41.5334;-20.3531
3203056;Jaguaré;ES;SE;659.2;False;;-40.0759;-18.907
3203106;Jerônimo Monteiro;ES;SE;163.4;False;;-41.3948;-20.7994
3203130;João Neiva;ES;SE;273.8;False;;-40.386;-19.7577
3203163;Laranja da Terra;ES;SE;458.6;False;;-41.0621;-19.8994
3203205;Linhares;ES;SE;3518.9;False;;-40.0643;-19.3946
3203304;Mantenópolis;ES;SE;322.3;False;;-41.124;-18.8594
3203320;Marataízes;ES;SE;136.3;False;;-40.8384;-21.0398
3203346;Marechal Floriano;ES;SE;286.7;False;;-40.67;-20.4159
3203353;Marilândia;ES;SE;309.8;False;;-40.5456;-19.4114
3203403;Mimoso do Sul;ES;SE;872.1;False;;-41.3615;-21.0628
3203502;Montanha;ES;SE;1105.2;False;;-40.3668;-18.1303
3203601;Mucurici;ES;SE;540.0;False;;-40.52;-18.0965
3203700;Muniz Freire;ES;SE;684.2;False;;-41.4156;-20.4652
3203809;Muqui;ES;SE;327.2;False;;-41.346;-20.9509
3203908;Nova Venécia;ES;SE;1454.8;False;;-40.4053;-18.715
3204005;Pancas;ES;SE;828.8;False;;-40.8534;-19.2229
3204054;Pedro Canário;ES;SE;434.6;False;;-39.9574;-18.3004
3204104;Pinheiros;ES;SE;981.3;False;;-40.2171;-18.4141
3204203;Piúma;ES;SE;73.8;False;;-40.7268;-20.8334
3204252;Ponto Belo;ES;SE;358.7;False;;-40.5458;-18.1253
3204302;Presidente Kennedy;ES;SE;589.9;False;;-41.0468;-21.0964
3204351;Rio Bananal;ES;SE;648.9;False;;-40.3366;-19.2719
3204401;Rio Novo do Sul;ES;SE;204.2;False;;-40.9388;-20.8556
3204500;Santa Leopoldina;ES;SE;722.0;False;;-40.527;-20.0999
3204559;Santa Maria de Jetibá;ES;SE;739.2;False;;-40.7439;-20.0253
3204609;Santa Teresa;ES;SE;697.7;False;;-40.5979;-19.9363
3204658;São Domingos do Norte;ES;SE;302.3;False;;-40.6281;-19.1452
3204708;São Gabriel da Palha;ES;SE;434.6;False;;-40.5365;-19.0182
3204807;São José do Calçado;ES;SE;273.6;False;;-41.6636;-21.0274
3204906;São Mateus;ES;SE;2355.7;False;;-39.8579;-18.7214
3204955;São Roque do Canaã;ES;SE;342.7;False;;-40.6526;-19.7411
3205002;Serra;ES;SE;557.0;False;;-40.3074;-20.121
3205010;Sooretama;ES;SE;598.0;False;;-40.0974;-19.1897
3205036;Vargem Alta;ES;SE;417.8;False;;-41.0179;-20.669
3205069;Venda Nova do Imigrante;ES;SE;188.7;False;;-41.1355;-20.327
3205101;Viana;ES;SE;312.9;False;;-40.4933;-20.3825
3205150;Vila Pavão;ES;SE;435.9;False;;-40.609;-18.6091
3205176;Vila Valério;ES;SE;466.1;False;;-40.3849;-18.9958
3205200;Vila Velha;ES;SE;211.1;False;;-40.2875;-20.3417
3205309;Vitória;ES;SE;84.3;True;;-40.3128;-20.3155
3300100;Angra dos Reis;RJ;SE;440.8;False;;-44.3196;-23.0011
3300159;Aperibé;RJ;SE;96.2;False;;-42.1017;-21.6252
3300209;Araruama;RJ;SE;637.1;False;;-42.3326;-22.8697
3300225;Areal;RJ;SE;112.6;False;;-43.1118;-22.2283
3300233;Armação dos Búzios;RJ;SE;71.3;False;;-41.8846;-22.7528
3300258;Arraial do Cabo;RJ;SE;154.7;False;;-42.0267;-22.9774
3300308;Barra do Piraí;RJ;SE;579.8;False;;-43.8269;-22.4715
3300407;Barra Mansa;RJ;SE;550.8;False;;-44.1752;-22.5481
3300456;Belford Roxo;RJ;SE;80.5;False;;-43.3992;-22.764
3300506;Bom Jardim;RJ;SE;387.4;False;;-42.4251;-22.1545
3300605;Bom Jesus do Itabapoana;RJ;SE;600.5;False;;-41.6822;-21.1449
3300704;Cabo Frio;RJ;SE;404.7;False;;-42.0286;-22.8894
3300803;Cachoeiras de Macacu;RJ;SE;960.7;False;;-42.6523;-22.4658
3300902;Cambuci;RJ;SE;563.6;False;;-41.9187;-21.5691
3300936;Carapebus;RJ;SE;308.0;False;;-41.663;-22.1821
3300951;Comendador Levy Gasparian;RJ;SE;107.0;False;;-43.214;-22.0404
3301009;Campos dos Goytacazes;RJ;SE;4050.5;False;;-41.3181;-21.7622
3301108;Cantagalo;RJ;SE;754.0;False;;-42.3664;-21.9797
3301157;Cardoso Moreira;RJ;SE;517.9;False;;-41.6165;-21.4846
3301207;Carmo;RJ;SE;323.1;False;;-42.6046;-21.931
3301306;Casimiro de Abreu;RJ;SE;464.5;False;;-42.2066;-22.4812
3301405;Conceição de Macabu;RJ;SE;349.0;False;;-41.8719;-22.0834
3301504;Cordeiro;RJ;SE;115.9;False;;-42.3648;-22.0267
3301603;Duas Barras;RJ;SE;377.7;False;;-42.5232;-22.0536
3301702;Duque de Caxias;RJ;SE;466.9;False;;-43.3049;-22.7858
3301801;Engenheiro Paulo de Frontin;RJ;SE;139.6;False;;-43.6827;-22.5498
3301850;Guapimirim;RJ;SE;363.2;False;;-42.9895;-22.5347
3301876;Iguaba Grande;RJ;SE;51.9;False;;-42.2299;-22.8495
3301900;Itaboraí;RJ;SE;425.8;False;;-42.8639;-22.7565
3302007;Itaguaí;RJ;SE;244.1;False;;-43.7798;-22.8636
3302056;Italva;RJ;SE;297.7;False;;-41.7014;-21.4296
3302106;Itaocara;RJ;SE;430.9;False;;-42.0758;-21.6748
3302205;Itaperuna;RJ;SE;1112.2;False;;-41.8799;-21.1997
3302254;Itatiaia;RJ;SE;226.0;False;;-44.5675;-22.4897
3302270;Japeri;RJ;SE;83.5;False;;-43.6602;-22.6435
3302304;Laje do Muriaé;RJ;SE;250.7;False;;-42.1271;-21.2091
3302403;Macaé;RJ;SE;1219.2;False;;-41.7848;-22.3768
3302452;Macuco;RJ;SE;77.7;False;;-42.2533;-21.9813
3302502;Magé;RJ;SE;387.8;False;;-43.0315;-22.6632
3302601;Mangaratiba;RJ;SE;356.2;False;;-44.0409;-22.9594
3302700;Maricá;RJ;SE;365.4;False;;-42.8246;-22.9354
3302809;Mendes;RJ;SE;76.8;False;;-43.7312;-22.5245
3302858;Mesquita;RJ;SE;39.3;False;;-43.4601;-22.8028
3302908;Miguel Pereira;RJ;SE;289.0;False;;-43.4803;-22.4572
3303005;Miracema;RJ;SE;305.8;False;;-42.1938;-21.4148
3303104;Natividade;RJ;SE;388.2;False;;-41.9697;-21.039
3303203;Nilópolis;RJ;SE;18.6;False;;-43.4233;-22.8057
3303302;Niterói;RJ;SE;130.0;False;;-43.1034;-22.8832
3303401;Nova Friburgo;RJ;SE;935.4;False;;-42.5377;-22.2932
3303500;Nova Iguaçu;RJ;SE;520.7;False;;-43.4603;-22.7556
3303609;Paracambi;RJ;SE;180.8;False;;-43.7108;-22.6078
3303708;Paraíba do Sul;RJ;SE;583.7;False;;-43.304;-22.1585
3303807;Paraty;RJ;SE;931.8;False;;-44.7175;-23.2221
3303856;Paty do Alferes;RJ;SE;320.9;False;;-43.4285;-22.4309
3303906;Petrópolis;RJ;SE;796.6;False;;-43.1926;-22.52
3303955;Pinheiral;RJ;SE;77.4;False;;-44.0022;-22.5172
3304003;Piraí;RJ;SE;508.5;False;;-43.9081;-22.6215
3304102;Porciúncula;RJ;SE;304.7;False;;-42.0465;-20.9632
3304110;Porto Real;RJ;SE;51.0;False;;-44.2952;-22.4175
3304128;Quatis;RJ;SE;286.3;False;;-44.2597;-22.4045
3304144;Queimados;RJ;SE;77.6;False;;-43.5518;-22.7102
3304151;Quissamã;RJ;SE;720.5;False;;-41.4693;-22.1031
3304201;Resende;RJ;SE;1117.1;False;;-44.4509;-22.4705
3304300;Rio Bonito;RJ;SE;463.7;False;;-42.6276;-22.7181
3304409;Rio Claro;RJ;SE;845.6;False;;-44.1419;-22.72
3304508;Rio das Flores;RJ;SE;480.0;False;;-43.5856;-22.1692
3304524;Rio das Ostras;RJ;SE;232.5;False;;-41.9475;-22.5174
3304557;Rio de Janeiro;RJ;SE;1192.3;True;;-43.2003;-22.9129
3304607;Santa Maria Madalena;RJ;SE;821.5;False;;-42.0098;-21.9547
3304706;Santo Antônio de Pádua;RJ;SE;606.9;False;;-42.1832;-21.541
3304755;São Francisco de Itabapoana;RJ;SE;1118.9;False;;-41.1091;-21.4702
3304805;São Fidélis;RJ;SE;1033.2;False;;-41.756;-21.6551
3304904;São Gonçalo;RJ;SE;250.0;False;;-43.0634;-22.8268
3305000;São João da Barra;RJ;SE;462.6;False;;-41.0446;-21.638
3305109;São João de Meriti;RJ;SE;35.2;False;;-43.3729;-22.8058
3305133;São José de Ubá;RJ;SE;251.9;False;;-41.9511;-21.3661
3305158;São José do Vale do Rio Preto;RJ;SE;221.3;False;;-42.9327;-22.1525
3305208;São Pedro da Aldeia;RJ;SE;343.2;False;;-42.1026;-22.8429
3305307;São Sebastião do Alto;RJ;SE;398.3;False;;-42.1328;-21.9578
3305406;Sapucaia;RJ;SE;543.7;False;;-42.9142;-21.9949
3305505;Saquarema;RJ;SE;357.8;False;;-42.5099;-22.9292
3305554;Seropédica;RJ;SE;285.7;False;;-43.7155;-22.7526
3305604;Silva Jardim;RJ;SE;942.9;False;;-42.3961;-22.6574
3305703;Sumidouro;RJ;SE;397.1;False;;-42.6761;-22.0485
3305752;Tanguá;RJ;SE;146.2;False;;-42.7202;-22.7423
3305802;Teresópolis;RJ;SE;773.8;False;;-42.9752;-22.4165
3305901;Trajano de Moraes;RJ;SE;591.8;False;;-42.0643;-22.0638
3306008;Três Rios;RJ;SE;325.9;False;;-43.2185;-22.1165
3306107;Valença;RJ;SE;1312.7;False;;-43.7129;-22.2445
3306156;Varre-Sai;RJ;SE;190.1;False;;-41.8701;-20.9276
3306206;Vassouras;RJ;SE;554.8;False;;-43.6686;-22.4059
3306305;Volta Redonda;RJ;SE;182.9;False;;-44.0996;-22.5202
3500105;Adamantina;SP;SE;413.7;False;;-51.0737;-21.682
3500204;Adolfo;SP;SE;211.6;False;;-49.6451;-21.2325
3500303;Aguaí;SP;SE;476.2;False;;-46.9735;-22.0572
3500402;Águas da Prata;SP;SE;143.8;False;;-46.7176;-21.9319
3500501;Águas de Lindóia;SP;SE;60.3;False;;-46.6314;-22.4733
3500550;Águas de Santa Bárbara;SP;SE;411.3;False;;-49.2421;-22.8812
3500600;Águas de São Pedro;SP;SE;3.4;False;;-47.8734;-22.5977
3500709;Agudos;SP;SE;969.6;False;;-48.9863;-22.4694
3500758;Alambari;SP;SE;159.4;False;;-47.898;-23.5503
3500808;Alfredo Marcondes;SP;SE;118.6;False;;-51.414;-21.9527
3500907;Altair;SP;SE;315.0;False;;-49.0571;-20.5242
3501004;Altinópolis;SP;SE;934.7;False;;-47.3712;-21.0214
3501103;Alto Alegre;SP;SE;321.9;False;;-50.168;-21.5811
3501152;Alumínio;SP;SE;84.2;False;;-47.2546;-23.5306
3501202;Álvares Florence;SP;SE;363.8;False;;-49.9141;-20.3203
3501301;Álvares Machado;SP;SE;349.0;False;;-51.4722;-22.0764
3501400;Álvaro de Carvalho;SP;SE;153.1;False;;-49.719;-22.0841
3501509;Alvinlândia;SP;SE;84.9;False;;-49.7623;-22.4435
3501608;Americana;SP;SE;134.1;False;;-47.3331;-22.7374
3501707;Américo Brasiliense;SP;SE;123.5;False;;-48.1147;-21.7288
3501806;Américo de Campos;SP;SE;255.3;False;;-49.7359;-20.2985
3501905;Amparo;SP;SE;449.1;False;;-46.772;-22.7088
3502002;Analândia;SP;SE;327.8;False;;-47.6619;-22.1289
3502101;Andradina;SP;SE;968.5;False;;-51.3786;-20.8948
3502200;Angatuba;SP;SE;1032.1;False;;-48.4139;-23.4917
3502309;Anhembi;SP;SE;741.3;False;;-48.1336;-22.793
3502408;Anhumas;SP;SE;322.5;False;;-51.3895;-22.2934
3502507;Aparecida;SP;SE;121.4;False;;-45.2325;-22.8495
3502606;Aparecida d'Oeste;SP;SE;180.4;False;;-50.8835;-20.4487
3502705;Apiaí;SP;SE;978.5;False;;-48.8443;-24.5108
3502754;Araçariguama;SP;SE;147.6;False;;-47.0608;-23.4366
3502804;Araçatuba;SP;SE;1172.6;False;;-50.4401;-21.2076
3502903;Araçoiaba da Serra;SP;SE;257.7;False;;-47.6166;-23.5029
3503000;Aramina;SP;SE;205.0;False;;-47.7873;-20.0882
3503109;Arandu;SP;SE;287.1;False;;-49.0487;-23.1386
3503158;Arapeí;SP;SE;156.9;False;;-44.4441;-22.6717
3503208;Araraquara;SP;SE;1010.9;False;;-48.178;-21.7845
3503307;Araras;SP;SE;646.9;False;;-47.3842;-22.3572
3503356;Arco-Íris;SP;SE;266.8;False;;-50.466;-21.7728
3503406;Arealva;SP;SE;508.2;False;;-48.9135;-22.031
3503505;Areias;SP;SE;307.2;False;;-44.6992;-22.5786
3503604;Areiópolis;SP;SE;85.7;False;;-48.6681;-22.6672
3503703;Ariranha;SP;SE;133.9;False;;-48.7904;-21.1872
3503802;Artur Nogueira;SP;SE;177.9;False;;-47.1727;-22.5727
3503901;Arujá;SP;SE;97.2;False;;-46.32;-23.3965
3503950;Aspásia;SP;SE;69.6;False;;-50.728;-20.16
3504008;Assis;SP;SE;463.1;False;;-50.4183;-22.66
3504107;Atibaia;SP;SE;480.4;False;;-46.5563;-23.1171
3504206;Auriflama;SP;SE;436.6;False;;-50.5572;-20.6836
3504305;Avaí;SP;SE;541.2;False;;-49.3356;-22.1514
3504404;Avanhandava;SP;SE;340.8;False;;-49.9509;-21.4584
3504503;Avaré;SP;SE;1218.7;False;;-48.9251;-23.1067
3504602;Bady Bassitt;SP;SE;108.9;False;;-49.4385;-20.9197
3504701;Balbinos;SP;SE;91.9;False;;-49.3619;-21.8963
3504800;Bálsamo;SP;SE;151.4;False;;-49.5865;-20.7348
3504909;Bananal;SP;SE;619.1;False;;-44.3281;-22.6819
3505005;Barão de Antonina;SP;SE;153.4;False;;-49.5634;-23.6284
3505104;Barbosa;SP;SE;206.2;False;;-49.9518;-21.2657
3505203;Bariri;SP;SE;447.3;False;;-48.7438;-22.073
3505302;Barra Bonita;SP;SE;150.1;False;;-48.5583;-22.4909
3505351;Barra do Chapéu;SP;SE;407.2;False;;-49.0238;-24.4722
3505401;Barra do Turvo;SP;SE;1009.2;False;;-48.5013;-24.759
3505500;Barretos;SP;SE;1575.3;False;;-48.5698;-20.5531
3505609;Barrinha;SP;SE;146.7;False;;-48.1636;-21.1864
3505708;Barueri;SP;SE;65.9;False;;-46.879;-23.5057
3505807;Bastos;SP;SE;171.7;False;;-50.7357;-21.921
3505906;Batatais;SP;SE;853.0;False;;-47.5921;-20.8929
3506003;Bauru;SP;SE;670.4;False;;-49.0871;-22.3246
3506102;Bebedouro;SP;SE;685.3;False;;-48.4791;-20.9491
3506201;Bento de Abreu;SP;SE;303.1;False;;-50.814;-21.2686
3506300;Bernardino de Campos;SP;SE;245.2;False;;-49.4679;-23.0164
3506359;Bertioga;SP;SE;492.2;False;;-46.1396;-23.8486
3506409;Bilac;SP;SE;158.5;False;;-50.4746;-21.404
3506508;Birigui;SP;SE;532.9;False;;-50.3432;-21.291
3506607;Biritiba-Mirim;SP;SE;319.1;False;;-46.0407;-23.5698
3506706;Boa Esperança do Sul;SP;SE;693.9;False;;-48.3906;-21.9918
3506805;Bocaina;SP;SE;366.3;False;;-48.523;-22.1365
3506904;Bofete;SP;SE;657.7;False;;-48.2582;-23.1055
3507001;Boituva;SP;SE;249.6;False;;-47.6786;-23.2855
3507100;Bom Jesus dos Perdões;SP;SE;108.6;False;;-46.4675;-23.1356
3507159;Bom Sucesso de Itararé;SP;SE;133.6;False;;-49.1451;-24.3155
3507209;Borá;SP;SE;119.3;False;;-50.5409;-22.2696
3507308;Boracéia;SP;SE;123.0;False;;-48.7808;-22.1926
3507407;Borborema;SP;SE;555.0;False;;-49.0741;-21.6214
3507456;Borebi;SP;SE;348.4;False;;-48.9707;-22.5728
3507506;Botucatu;SP;SE;1489.2;False;;-48.4437;-22.8837
3507605;Bragança Paulista;SP;SE;515.1;False;;-46.5419;-22.9527
3507704;Braúna;SP;SE;197.1;False;;-50.3175;-21.499
3507753;Brejo Alegre;SP;SE;105.5;False;;-50.1861;-21.1651
3507803;Brodowski;SP;SE;281.4;False;;-47.6572;-20.9845
3507902;Brotas;SP;SE;1106.9;False;;-48.1251;-22.2795
3508009;Buri;SP;SE;1201.9;False;;-48.5958;-23.7977
3508108;Buritama;SP;SE;328.4;False;;-50.1475;-21.0661
3508207;Buritizal;SP;SE;268.0;False;;-47.7096;-20.1911
3508306;Cabrália Paulista;SP;SE;241.0;False;;-49.3393;-22.4576
3508405;Cabreúva;SP;SE;262.1;False;;-47.1362;-23.3053
3508504;Caçapava;SP;SE;371.9;False;;-45.7076;-23.0992
3508603;Cachoeira Paulista;SP;SE;290.0;False;;-45.0154;-22.6665
3508702;Caconde;SP;SE;471.0;False;;-46.6437;-21.528
3508801;Cafelândia;SP;SE;926.3;False;;-49.6092;-21.8031
3508900;Caiabu;SP;SE;253.3;False;;-51.2394;-22.0127
3509007;Caieiras;SP;SE;97.6;False;;-46.7397;-23.3607
3509106;Caiuá;SP;SE;555.3;False;;-51.9969;-21.8322
3509205;Cajamar;SP;SE;131.5;False;;-46.8781;-23.355
3509254;Cajati;SP;SE;456.2;False;;-48.1223;-24.7324
3509304;Cajobi;SP;SE;177.5;False;;-48.8063;-20.8773
3509403;Cajuru;SP;SE;663.1;False;;-47.303;-21.2749
3509452;Campina do Monte Alegre;SP;SE;185.7;False;;-48.4758;-23.5895
3509502;Campinas;SP;SE;799.6;False;;-47.0659;-22.9053
3509601;Campo Limpo Paulista;SP;SE;79.9;False;;-46.7889;-23.2078
3509700;Campos do Jordão;SP;SE;292.5;False;;-45.5833;-22.7296
3509809;Campos Novos Paulista;SP;SE;486.8;False;;-49.9987;-22.602
3509908;Cananéia;SP;SE;1248.7;False;;-47.9341;-25.0144
3509957;Canas;SP;SE;52.6;False;;-45.0521;-22.7003
3510005;Cândido Mota;SP;SE;600.1;False;;-50.3873;-22.7471
3510104;Cândido Rodrigues;SP;SE;70.6;False;;-48.6327;-21.3275
3510153;Canitar;SP;SE;57.8;False;;-49.7839;-23.004
3510203;Capão Bonito;SP;SE;1646.8;False;;-48.3482;-24.0113
3510302;Capela do Alto;SP;SE;170.6;False;;-47.7388;-23.4685
3510401;Capivari;SP;SE;324.3;False;;-47.5071;-22.9951
3510500;Caraguatatuba;SP;SE;483.9;False;;-45.4125;-23.6125
3510609;Carapicuíba;SP;SE;34.3;False;;-46.8407;-23.5235
3510708;Cardoso;SP;SE;642.0;False;;-49.9183;-20.08
3510807;Casa Branca;SP;SE;867.6;False;;-47.0852;-21.7708
3510906;Cássia dos Coqueiros;SP;SE;193.4;False;;-47.1643;-21.2801
3511003;Castilho;SP;SE;1070.9;False;;-51.4884;-20.8689
3511102;Catanduva;SP;SE;291.7;False;;-48.977;-21.1314
3511201;Catiguá;SP;SE;149.8;False;;-49.0616;-21.0519
3511300;Cedral;SP;SE;197.3;False;;-49.2664;-20.9009
3511409;Cerqueira César;SP;SE;510.0;False;;-49.1655;-23.038
3511508;Cerquilho;SP;SE;129.1;False;;-47.7459;-23.1665
3511607;Cesário Lange;SP;SE;191.5;False;;-47.9545;-23.226
3511706;Charqueada;SP;SE;177.2;False;;-47.7755;-22.5096
3511904;Clementina;SP;SE;169.4;False;;-50.4525;-21.5604
3512001;Colina;SP;SE;424.0;False;;-48.5387;-20.7114
3512100;Colômbia;SP;SE;734.0;False;;-48.6865;-20.1768
3512209;Conchal;SP;SE;183.4;False;;-47.1729;-22.3375
3512308;Conchas;SP;SE;468.4;False;;-48.0134;-23.0154
3512407;Cordeirópolis;SP;SE;139.1;False;;-47.4519;-22.4778
3512506;Coroados;SP;SE;248.6;False;;-50.2859;-21.3521
3512605;Coronel Macedo;SP;SE;305.1;False;;-49.31;-23.6261
3512704;Corumbataí;SP;SE;280.6;False;;-47.6215;-22.2213
3512803;Cosmópolis;SP;SE;155.6;False;;-47.1926;-22.6419
3512902;Cosmorama;SP;SE;445.7;False;;-49.7827;-20.4755
3513009;Cotia;SP;SE;326.2;False;;-46.919;-23.6022
3513108;Cravinhos;SP;SE;314.0;False;;-47.7324;-21.338
3513207;Cristais Paulista;SP;SE;387.4;False;;-47.4209;-20.4036
3513306;Cruzália;SP;SE;150.0;False;;-50.7909;-22.7373
3513405;Cruzeiro;SP;SE;307.5;False;;-44.969;-22.5728
3513504;Cubatão;SP;SE;142.1;False;;-46.424;-23.8911
3513603;Cunha;SP;SE;1414.2;False;;-44.9576;-23.0731
3513702;Descalvado;SP;SE;757.8;False;;-47.6181;-21.9002
3513801;Diadema;SP;SE;31.3;False;;-46.6205;-23.6813
3513850;Dirce Reis;SP;SE;89.3;False;;-50.6073;-20.4642
3513900;Divinolândia;SP;SE;224.0;False;;-46.7361;-21.6637
3514007;Dobrada;SP;SE;150.8;False;;-48.3935;-21.5155
3514106;Dois Córregos;SP;SE;635.7;False;;-48.3819;-22.3673
3514205;Dolcinópolis;SP;SE;78.2;False;;-50.5149;-20.124
3514304;Dourado;SP;SE;206.1;False;;-48.3178;-22.1044
3514403;Dracena;SP;SE;490.5;False;;-51.535;-21.4843
3514502;Duartina;SP;SE;266.5;False;;-49.4084;-22.4146
3514601;Dumont;SP;SE;111.8;False;;-47.9756;-21.2324
3514700;Echaporã;SP;SE;519.0;False;;-50.2038;-22.4326
3514809;Eldorado;SP;SE;1660.9;False;;-48.1141;-24.5281
3514908;Elias Fausto;SP;SE;202.6;False;;-47.3682;-23.0428
3514924;Elisiário;SP;SE;94.9;False;;-49.1146;-21.1678
3514957;Embaúba;SP;SE;83.0;False;;-48.8325;-20.9796
3515004;Embu das Artes;SP;SE;69.9;False;;-46.8579;-23.6437
3515103;Embu-Guaçu;SP;SE;155.1;False;;-46.8136;-23.8297
3515129;Emilianópolis;SP;SE;225.2;False;;-51.4832;-21.8314
3515152;Engenheiro Coelho;SP;SE;110.1;False;;-47.211;-22.4836
3515186;Espírito Santo do Pinhal;SP;SE;391.3;False;;-46.7477;-22.1909
3515194;Espírito Santo do Turvo;SP;SE;194.0;False;;-49.4341;-22.6925
3515202;Estrela d'Oeste;SP;SE;297.6;False;;-50.4049;-20.2875
3515301;Estrela do Norte;SP;SE;263.9;False;;-51.6632;-22.4859
3515350;Euclides da Cunha Paulista;SP;SE;576.5;False;;-52.5928;-22.5545
3515400;Fartura;SP;SE;431.0;False;;-49.5124;-23.3916
3515509;Fernandópolis;SP;SE;553.5;False;;-50.2471;-20.2806
3515608;Fernando Prestes;SP;SE;171.8;False;;-48.6874;-21.2661
3515657;Fernão;SP;SE;100.8;False;;-49.5187;-22.3607
3515707;Ferraz de Vasconcelos;SP;SE;29.9;False;;-46.371;-23.5411
3515806;Flora Rica;SP;SE;227.1;False;;-51.3821;-21.6727
3515905;Floreal;SP;SE;206.0;False;;-50.1513;-20.6752
3516002;Flórida Paulista;SP;SE;527.9;False;;-51.1724;-21.6127
3516101;Florínia;SP;SE;226.0;False;;-50.6814;-22.868
3516200;Franca;SP;SE;608.7;False;;-47.4039;-20.5352
3516309;Francisco Morato;SP;SE;49.5;False;;-46.7448;-23.2792
3516408;Franco da Rocha;SP;SE;134.8;False;;-46.729;-23.3229
3516507;Gabriel Monteiro;SP;SE;138.8;False;;-50.5573;-21.5294
3516606;Gália;SP;SE;359.7;False;;-49.5504;-22.2918
3516705;Garça;SP;SE;557.4;False;;-49.6546;-22.2125
3516804;Gastão Vidigal;SP;SE;181.9;False;;-50.1912;-20.7948
3516853;Gavião Peixoto;SP;SE;245.1;False;;-48.4957;-21.8367
3516903;General Salgado;SP;SE;495.5;False;;-50.364;-20.6485
3517000;Getulina;SP;SE;681.6;False;;-49.9312;-21.7961
3517109;Glicério;SP;SE;274.4;False;;-50.2123;-21.3812
3517208;Guaiçara;SP;SE;272.9;False;;-49.8013;-21.6195
3517307;Guaimbê;SP;SE;218.9;False;;-49.8986;-21.9091
3517406;Guaíra;SP;SE;1263.6;False;;-48.312;-20.3196
3517505;Guapiaçu;SP;SE;327.6;False;;-49.2172;-20.7959
3517604;Guapiara;SP;SE;409.5;False;;-48.5295;-24.1892
3517703;Guará;SP;SE;363.7;False;;-47.8236;-20.4302
3517802;Guaraçaí;SP;SE;571.3;False;;-51.2119;-21.0292
3517901;Guaraci;SP;SE;644.6;False;;-48.9391;-20.4977
3518008;Guarani d'Oeste;SP;SE;86.1;False;;-50.3411;-20.0746
3518107;Guarantã;SP;SE;464.1;False;;-49.5914;-21.8942
3518206;Guararapes;SP;SE;962.4;False;;-50.6453;-21.2544
3518305;Guararema;SP;SE;271.9;False;;-46.0369;-23.4112
3518404;Guaratinguetá;SP;SE;755.3;False;;-45.1938;-22.8075
3518503;Guareí;SP;SE;569.0;False;;-48.1837;-23.3714
3518602;Guariba;SP;SE;271.4;False;;-48.2316;-21.3594
3518701;Guarujá;SP;SE;143.9;False;;-46.258;-23.9888
3518800;Guarulhos;SP;SE;320.8;False;;-46.5333;-23.4538
3518859;Guatapará;SP;SE;415.1;False;;-48.0356;-21.4944
3518909;Guzolândia;SP;SE;252.9;False;;-50.6645;-20.6467
3519006;Herculândia;SP;SE;365.9;False;;-50.3907;-22.0038
3519055;Holambra;SP;SE;66.6;False;;-47.0487;-22.6405
3519071;Hortolândia;SP;SE;62.5;False;;-47.2143;-22.8529
3519105;Iacanga;SP;SE;548.6;False;;-49.031;-21.8896
3519204;Iacri;SP;SE;325.2;False;;-50.6932;-21.8572
3519253;Iaras;SP;SE;405.5;False;;-49.1634;-22.8682
3519303;Ibaté;SP;SE;291.8;False;;-47.9882;-21.9584
3519402;Ibirá;SP;SE;273.2;False;;-49.2448;-21.083
3519501;Ibirarema;SP;SE;227.9;False;;-50.0739;-22.8185
3519600;Ibitinga;SP;SE;692.4;False;;-48.8319;-21.7562
3519709;Ibiúna;SP;SE;1061.5;False;;-47.223;-23.6596
3519808;Icém;SP;SE;366.2;False;;-49.1915;-20.3391
3519907;Iepê;SP;SE;595.5;False;;-51.0779;-22.6602
3520004;Igaraçu do Tietê;SP;SE;98.6;False;;-48.5597;-22.509
3520103;Igarapava;SP;SE;470.0;False;;-47.7466;-20.0407
3520202;Igaratá;SP;SE;294.4;False;;-46.157;-23.2037
3520301;Iguape;SP;SE;1984.9;False;;-47.5537;-24.699
3520400;Ilhabela;SP;SE;349.6;False;;-45.3552;-23.7785
3520426;Ilha Comprida;SP;SE;190.1;False;;-47.5383;-24.7307
3520442;Ilha Solteira;SP;SE;659.6;False;;-51.3426;-20.4326
3520509;Indaiatuba;SP;SE;312.0;False;;-47.2101;-23.0816
3520608;Indiana;SP;SE;127.3;False;;-51.2555;-22.1738
3520707;Indiaporã;SP;SE;280.6;False;;-50.2909;-19.979
3520806;Inúbia Paulista;SP;SE;87.8;False;;-50.9633;-21.7695
3520905;Ipaussu;SP;SE;211.5;False;;-49.6279;-23.0575
3521002;Iperó;SP;SE;170.9;False;;-47.6927;-23.3513
3521101;Ipeúna;SP;SE;191.3;False;;-47.7151;-22.4355
3521150;Ipiguá;SP;SE;137.7;False;;-49.3842;-20.6557
3521200;Iporanga;SP;SE;1157.7;False;;-48.5971;-24.5847
3521309;Ipuã;SP;SE;467.3;False;;-48.0129;-20.4438
3521408;Iracemápolis;SP;SE;116.1;False;;-47.523;-22.5832
3521507;Irapuã;SP;SE;257.8;False;;-49.4164;-21.2768
3521606;Irapuru;SP;SE;216.0;False;;-51.3472;-21.5684
3521705;Itaberá;SP;SE;1088.7;False;;-49.14;-23.8638
3521804;Itaí;SP;SE;1116.8;False;;-49.092;-23.4213
3521903;Itajobi;SP;SE;504.3;False;;-49.0629;-21.3123
3522000;Itaju;SP;SE;230.2;False;;-48.8116;-21.9857
3522109;Itanhaém;SP;SE;602.4;False;;-46.788;-24.1736
3522158;Itaóca;SP;SE;183.5;False;;-48.8413;-24.6393
3522208;Itapecerica da Serra;SP;SE;150.8;False;;-46.8572;-23.7161
3522307;Itapetininga;SP;SE;1799.9;False;;-48.0483;-23.5886
3522406;Itapeva;SP;SE;1832.5;False;;-48.8764;-23.9788
3522505;Itapevi;SP;SE;83.5;False;;-46.9327;-23.5488
3522604;Itapira;SP;SE;520.5;False;;-46.8224;-22.4357
3522653;Itapirapuã Paulista;SP;SE;408.8;False;;-49.1661;-24.572
3522703;Itápolis;SP;SE;1000.0;False;;-48.8149;-21.5942
3522802;Itaporanga;SP;SE;510.0;False;;-49.4819;-23.7043
3522901;Itapuí;SP;SE;141.2;False;;-48.7197;-22.2324
3523008;Itapura;SP;SE;301.4;False;;-51.5063;-20.6419
3523107;Itaquaquecetuba;SP;SE;83.4;False;;-46.3457;-23.4835
3523206;Itararé;SP;SE;1009.0;False;;-49.3352;-24.1085
3523305;Itariri;SP;SE;274.7;False;;-47.1736;-24.2834
3523404;Itatiba;SP;SE;323.7;False;;-46.8464;-23.0035
3523503;Itatinga;SP;SE;984.4;False;;-48.6157;-23.1047
3523602;Itirapina;SP;SE;565.3;False;;-47.8166;-22.2562
3523701;Itirapuã;SP;SE;162.0;False;;-47.2194;-20.6416
3523800;Itobi;SP;SE;139.1;False;;-46.9743;-21.7309
3523909;Itu;SP;SE;643.0;False;;-47.2927;-23.2544
3524006;Itupeva;SP;SE;202.1;False;;-47.0593;-23.1526
3524105;Ituverava;SP;SE;708.4;False;;-47.7902;-20.3355
3524204;Jaborandi;SP;SE;274.8;False;;-48.4112;-20.6884
3524303;Jaboticabal;SP;SE;711.3;False;;-48.3252;-21.252
3524402;Jacareí;SP;SE;462.0;False;;-45.9658;-23.2983
3524501;Jaci;SP;SE;146.3;False;;-49.5797;-20.8805
3524600;Jacupiranga;SP;SE;706.1;False;;-48.0064;-24.6963
3524709;Jaguariúna;SP;SE;142.4;False;;-46.9851;-22.7037
3524808;Jales;SP;SE;370.5;False;;-50.5494;-20.2672
3524907;Jambeiro;SP;SE;183.8;False;;-45.6942;-23.2522
3525003;Jandira;SP;SE;17.6;False;;-46.9023;-23.5275
3525102;Jardinópolis;SP;SE;504.2;False;;-47.7606;-21.0176
3525201;Jarinu;SP;SE;208.8;False;;-46.728;-23.1039
3525300;Jaú;SP;SE;688.8;False;;-48.5592;-22.2936
3525409;Jeriquara;SP;SE;142.6;False;;-47.5918;-20.3116
3525508;Joanópolis;SP;SE;375.3;False;;-46.2741;-22.927
3525607;João Ramalho;SP;SE;417.4;False;;-50.7694;-22.2473
3525706;José Bonifácio;SP;SE;863.9;False;;-49.6892;-21.0551
3525805;Júlio Mesquita;SP;SE;128.9;False;;-49.7873;-22.0112
3525854;Jumirim;SP;SE;56.4;False;;-47.7868;-23.0884
3525904;Jundiaí;SP;SE;433.3;False;;-46.8974;-23.1852
3526001;Junqueirópolis;SP;SE;587.1;False;;-51.4342;-21.5103
3526100;Juquiá;SP;SE;826.0;False;;-47.6426;-24.3101
3526209;Juquitiba;SP;SE;525.9;False;;-47.0653;-23.9244
3526308;Lagoinha;SP;SE;257.6;False;;-45.1944;-23.0846
3526407;Laranjal Paulista;SP;SE;386.2;False;;-47.8375;-23.0506
3526506;Lavínia;SP;SE;541.4;False;;-51.0412;-21.1639
3526605;Lavrinhas;SP;SE;167.8;False;;-44.9024;-22.57
3526704;Leme;SP;SE;406.5;False;;-47.3841;-22.1809
3526803;Lençóis Paulista;SP;SE;814.5;False;;-48.8037;-22.6027
3526902;Limeira;SP;SE;582.6;False;;-47.397;-22.566
3527009;Lindóia;SP;SE;49.5;False;;-46.65;-22.5226
3527108;Lins;SP;SE;571.6;False;;-49.7526;-21.6718
3527207;Lorena;SP;SE;417.9;False;;-45.1197;-22.7334
3527256;Lourdes;SP;SE;114.7;False;;-50.2263;-20.966
3527306;Louveira;SP;SE;55.0;False;;-46.9484;-23.0856
3527405;Lucélia;SP;SE;316.3;False;;-51.0215;-21.7182
3527504;Lucianópolis;SP;SE;190.9;False;;-49.522;-22.4294
3527603;Luís Antônio;SP;SE;600.6;False;;-47.7801;-21.55
3527702;Luiziânia;SP;SE;167.2;False;;-50.3294;-21.6737
3527801;Lupércio;SP;SE;155.0;False;;-49.818;-22.4146
3527900;Lutécia;SP;SE;477.5;False;;-50.394;-22.3384
3528007;Macatuba;SP;SE;226.0;False;;-48.7102;-22.5002
3528106;Macaubal;SP;SE;249.3;False;;-49.9687;-20.8022
3528205;Macedônia;SP;SE;329.0;False;;-50.1973;-20.1444
3528304;Magda;SP;SE;312.6;False;;-50.2305;-20.6445
3528403;Mairinque;SP;SE;211.2;False;;-47.185;-23.5398
3528502;Mairiporã;SP;SE;321.0;False;;-46.5897;-23.3171
3528601;Manduri;SP;SE;229.8;False;;-49.3202;-23.0056
3528700;Marabá Paulista;SP;SE;921.1;False;;-51.9617;-22.1068
3528809;Maracaí;SP;SE;536.3;False;;-50.6713;-22.6149
3528858;Marapoama;SP;SE;113.0;False;;-49.13;-21.2587
3528908;Mariápolis;SP;SE;185.8;False;;-51.1824;-21.7959
3529005;Marília;SP;SE;1174.1;False;;-49.9501;-22.2171
3529104;Marinópolis;SP;SE;77.7;False;;-50.8254;-20.4389
3529203;Martinópolis;SP;SE;1260.9;False;;-51.1709;-22.1462
3529302;Matão;SP;SE;526.4;False;;-48.364;-21.6025
3529401;Mauá;SP;SE;61.9;False;;-46.4613;-23.6677
3529500;Mendonça;SP;SE;197.2;False;;-49.5791;-21.1757
3529609;Meridiano;SP;SE;229.0;False;;-50.1811;-20.3579
3529658;Mesópolis;SP;SE;149.9;False;;-50.6326;-19.9684
3529708;Miguelópolis;SP;SE;825.6;False;;-48.031;-20.1796
3529807;Mineiros do Tietê;SP;SE;213.5;False;;-48.451;-22.412
3529906;Miracatu;SP;SE;1005.3;False;;-47.4625;-24.2766
3530003;Mira Estrela;SP;SE;217.8;False;;-50.139;-19.9789
3530102;Mirandópolis;SP;SE;922.8;False;;-51.1035;-21.1313
3530201;Mirante do Paranapanema;SP;SE;1245.2;False;;-51.9084;-22.2904
3530300;Mirassol;SP;SE;245.4;False;;-49.5206;-20.8169
3530409;Mirassolândia;SP;SE;166.3;False;;-49.4617;-20.6179
3530508;Mococa;SP;SE;859.9;False;;-47.0024;-21.4647
3530607;Mogi das Cruzes;SP;SE;715.6;False;;-46.1854;-23.5208
3530706;Mogi Guaçu;SP;SE;814.4;False;;-46.9428;-22.3675
3530805;Mogi Mirim;SP;SE;501.4;False;;-46.9532;-22.4332
3530904;Mombuca;SP;SE;134.4;False;;-47.559;-22.9285
3531001;Monções;SP;SE;103.9;False;;-50.0975;-20.8509
3531100;Mongaguá;SP;SE;144.2;False;;-46.6265;-24.0809
3531209;Monte Alegre do Sul;SP;SE;111.2;False;;-46.681;-22.6817
3531308;Monte Alto;SP;SE;347.6;False;;-48.4971;-21.2655
3531407;Monte Aprazível;SP;SE;498.4;False;;-49.7184;-20.768
3531506;Monte Azul Paulista;SP;SE;264.9;False;;-48.6387;-20.9065
3531605;Monte Castelo;SP;SE;233.9;False;;-51.5679;-21.2981
3531704;Monteiro Lobato;SP;SE;334.5;False;;-45.8407;-22.9544
3531803;Monte Mor;SP;SE;242.2;False;;-47.3122;-22.945
3531902;Morro Agudo;SP;SE;1395.6;False;;-48.0581;-20.7288
3532009;Morungaba;SP;SE;147.5;False;;-46.7896;-22.8811
3532058;Motuca;SP;SE;229.3;False;;-48.1538;-21.5103
3532108;Murutinga do Sul;SP;SE;252.6;False;;-51.2774;-20.9908
3532157;Nantes;SP;SE;287.7;False;;-51.24;-22.6156
3532207;Narandiba;SP;SE;358.8;False;;-51.5274;-22.4057
3532306;Natividade da Serra;SP;SE;837.9;False;;-45.4468;-23.3707
3532405;Nazaré Paulista;SP;SE;327.8;False;;-46.3983;-23.1747
3532504;Neves Paulista;SP;SE;219.6;False;;-49.6358;-20.843
3532603;Nhandeara;SP;SE;438.8;False;;-50.0436;-20.6945
3532702;Nipoã;SP;SE;139.2;False;;-49.7833;-20.9114
3532801;Nova Aliança;SP;SE;218.2;False;;-49.4986;-21.0156
3532827;Nova Campina;SP;SE;387.2;False;;-48.9022;-24.1224
3532843;Nova Canaã Paulista;SP;SE;124.4;False;;-50.9483;-20.3836
3532868;Nova Castilho;SP;SE;184.0;False;;-50.3477;-20.7615
3532900;Nova Europa;SP;SE;160.7;False;;-48.5705;-21.7765
3533007;Nova Granada;SP;SE;535.1;False;;-49.3123;-20.5321
3533106;Nova Guataporanga;SP;SE;34.2;False;;-51.6447;-21.332
3533205;Nova Independência;SP;SE;267.9;False;;-51.4905;-21.1026
3533254;Novais;SP;SE;118.7;False;;-48.9141;-20.9893
3533304;Nova Luzitânia;SP;SE;74.5;False;;-50.2617;-20.856
3533403;Nova Odessa;SP;SE;73.9;False;;-47.2941;-22.7832
3533502;Novo Horizonte;SP;SE;935.6;False;;-49.2234;-21.4651
3533601;Nuporanga;SP;SE;349.7;False;;-47.7429;-20.7296
3533700;Ocauçu;SP;SE;302.2;False;;-49.922;-22.438
3533809;Óleo;SP;SE;198.7;False;;-49.3419;-22.9435
3533908;Olímpia;SP;SE;807.5;False;;-48.9106;-20.7366
3534005;Onda Verde;SP;SE;243.0;False;;-49.2929;-20.6042
3534104;Oriente;SP;SE;219.2;False;;-50.0971;-22.1549
3534203;Orindiúva;SP;SE;249.4;False;;-49.3464;-20.1861
3534302;Orlândia;SP;SE;293.4;False;;-47.8852;-20.7169
3534401;Osasco;SP;SE;64.9;False;;-46.7916;-23.5324
3534500;Oscar Bressane;SP;SE;222.1;False;;-50.2811;-22.3149
3534609;Osvaldo Cruz;SP;SE;250.7;False;;-50.8793;-21.7968
3534708;Ourinhos;SP;SE;297.5;False;;-49.8697;-22.9797
3534757;Ouroeste;SP;SE;290.3;False;;-50.3768;-20.0061
3534807;Ouro Verde;SP;SE;268.0;False;;-51.7024;-21.4872
3534906;Pacaembu;SP;SE;339.4;False;;-51.2654;-21.5627
3535002;Palestina;SP;SE;698.4;False;;-49.4309;-20.39
3535101;Palmares Paulista;SP;SE;82.1;False;;-48.8037;-21.0854
3535200;Palmeira d'Oeste;SP;SE;320.4;False;;-50.7632;-20.4148
3535309;Palmital;SP;SE;551.1;False;;-50.218;-22.7858
3535408;Panorama;SP;SE;358.7;False;;-51.8562;-21.354
3535507;Paraguaçu Paulista;SP;SE;1004.5;False;;-50.5732;-22.4114
3535606;Paraibuna;SP;SE;813.2;False;;-45.6639;-23.3872
3535705;Paraíso;SP;SE;157.2;False;;-48.7761;-21.0159
3535804;Paranapanema;SP;SE;1021.7;False;;-48.7214;-23.3862
3535903;Paranapuã;SP;SE;140.8;False;;-50.5886;-20.1048
3536000;Parapuã;SP;SE;368.1;False;;-50.7949;-21.7792
3536109;Pardinho;SP;SE;211.5;False;;-48.3679;-23.0841
3536208;Pariquera-Açu;SP;SE;361.4;False;;-47.8742;-24.7147
3536257;Parisi;SP;SE;84.4;False;;-50.0163;-20.3034
3536307;Patrocínio Paulista;SP;SE;606.4;False;;-47.2801;-20.6384
3536406;Paulicéia;SP;SE;375.4;False;;-51.8321;-21.3153
3536505;Paulínia;SP;SE;139.4;False;;-47.1488;-22.7542
3536570;Paulistânia;SP;SE;257.6;False;;-49.4008;-22.5768
3536604;Paulo de Faria;SP;SE;742.3;False;;-49.4;-20.0296
3536703;Pederneiras;SP;SE;731.8;False;;-48.7781;-22.3511
3536802;Pedra Bela;SP;SE;159.9;False;;-46.4455;-22.7902
3536901;Pedranópolis;SP;SE;262.4;False;;-50.1129;-20.2474
3537008;Pedregulho;SP;SE;716.3;False;;-47.4775;-20.2535
3537107;Pedreira;SP;SE;109.2;False;;-46.8948;-22.7413
3537156;Pedrinhas Paulista;SP;SE;155.1;False;;-50.7933;-22.8174
3537206;Pedro de Toledo;SP;SE;673.6;False;;-47.2354;-24.2764
3537305;Penápolis;SP;SE;713.5;False;;-50.0769;-21.4148
3537404;Pereira Barreto;SP;SE;983.3;False;;-51.1123;-20.6368
3537503;Pereiras;SP;SE;224.0;False;;-47.972;-23.0804
3537602;Peruíbe;SP;SE;326.6;False;;-47.0012;-24.312
3537701;Piacatu;SP;SE;234.7;False;;-50.6003;-21.5921
3537800;Piedade;SP;SE;750.3;False;;-47.4256;-23.7139
3537909;Pilar do Sul;SP;SE;684.2;False;;-47.7222;-23.8077
3538006;Pindamonhangaba;SP;SE;732.8;False;;-45.4613;-22.9246
3538105;Pindorama;SP;SE;186.6;False;;-48.9086;-21.1853
3538204;Pinhalzinho;SP;SE;155.3;False;;-46.5897;-22.7811
3538303;Piquerobi;SP;SE;484.2;False;;-51.7282;-21.8747
3538501;Piquete;SP;SE;177.2;False;;-45.1869;-22.6069
3538600;Piracaia;SP;SE;388.4;False;;-46.3594;-23.0525
3538709;Piracicaba;SP;SE;1382.5;False;;-47.6476;-22.7338
3538808;Piraju;SP;SE;507.5;False;;-49.3803;-23.1981
3538907;Pirajuí;SP;SE;827.9;False;;-49.4608;-21.999
3539004;Pirangi;SP;SE;217.1;False;;-48.6607;-21.0886
3539103;Pirapora do Bom Jesus;SP;SE;109.6;False;;-46.9991;-23.3965
3539202;Pirapozinho;SP;SE;483.0;False;;-51.4976;-22.2711
3539301;Pirassununga;SP;SE;729.6;False;;-47.4257;-21.996
3539400;Piratininga;SP;SE;404.3;False;;-49.1339;-22.4142
3539509;Pitangueiras;SP;SE;431.8;False;;-48.221;-21.0132
3539608;Planalto;SP;SE;291.0;False;;-49.933;-21.0342
3539707;Platina;SP;SE;328.0;False;;-50.2104;-22.6371
3539806;Poá;SP;SE;17.2;False;;-46.3473;-23.5333
3539905;Poloni;SP;SE;134.3;False;;-49.8258;-20.7829
3540002;Pompéia;SP;SE;788.7;False;;-50.176;-22.107
3540101;Pongaí;SP;SE;183.4;False;;-49.3604;-21.7396
3540200;Pontal;SP;SE;358.9;False;;-48.0423;-21.0216
3540259;Pontalinda;SP;SE;211.3;False;;-50.5258;-20.4396
3540309;Pontes Gestal;SP;SE;218.3;False;;-49.7064;-20.1727
3540408;Populina;SP;SE;317.8;False;;-50.538;-19.9453
3540507;Porangaba;SP;SE;266.2;False;;-48.1195;-23.1761
3540606;Porto Feliz;SP;SE;559.9;False;;-47.5251;-23.2093
3540705;Porto Ferreira;SP;SE;246.4;False;;-47.487;-21.8498
3540754;Potim;SP;SE;44.2;False;;-45.2552;-22.8343
3540804;Potirendaba;SP;SE;344.0;False;;-49.3815;-21.0428
3540853;Pracinha;SP;SE;63.1;False;;-51.0868;-21.8496
3540903;Pradópolis;SP;SE;168.2;False;;-48.0679;-21.3626
3541000;Praia Grande;SP;SE;150.5;False;;-46.4121;-24.0084
3541059;Pratânia;SP;SE;176.1;False;;-48.6636;-22.8112
3541109;Presidente Alves;SP;SE;289.0;False;;-49.4381;-22.0999
3541208;Presidente Bernardes;SP;SE;753.6;False;;-51.5565;-22.0082
3541307;Presidente Epitácio;SP;SE;1266.0;False;;-52.1111;-21.7651
3541406;Presidente Prudente;SP;SE;566.1;False;;-51.3925;-22.1207
3541505;Presidente Venceslau;SP;SE;761.8;False;;-51.8447;-21.8732
3541604;Promissão;SP;SE;783.5;False;;-49.8599;-21.5356
3541653;Quadra;SP;SE;207.3;False;;-48.0547;-23.2993
3541703;Quatá;SP;SE;654.3;False;;-50.6966;-22.2456
3541802;Queiroz;SP;SE;233.9;False;;-50.2415;-21.7969
3541901;Queluz;SP;SE;252.0;False;;-44.7781;-22.5312
3542008;Quintana;SP;SE;322.4;False;;-50.307;-22.0692
3542107;Rafard;SP;SE;121.9;False;;-47.5318;-23.0105
3542206;Rancharia;SP;SE;1595.1;False;;-50.893;-22.2269
3542305;Redenção da Serra;SP;SE;310.8;False;;-45.5422;-23.2638
3542404;Regente Feijó;SP;SE;266.2;False;;-51.3055;-22.2181
3542503;Reginópolis;SP;SE;414.0;False;;-49.2268;-21.8914
3542602;Registro;SP;SE;726.0;False;;-47.8449;-24.4979
3542701;Restinga;SP;SE;247.3;False;;-47.4833;-20.6056
3542800;Ribeira;SP;SE;336.1;False;;-49.0044;-24.6517
3542909;Ribeirão Bonito;SP;SE;474.3;False;;-48.182;-22.0685
3543006;Ribeirão Branco;SP;SE;701.6;False;;-48.7635;-24.2206
3543105;Ribeirão Corrente;SP;SE;150.2;False;;-47.5904;-20.4579
3543204;Ribeirão do Sul;SP;SE;204.7;False;;-49.933;-22.789
3543238;Ribeirão dos Índios;SP;SE;198.5;False;;-51.6103;-21.8382
3543253;Ribeirão Grande;SP;SE;335.1;False;;-48.3679;-24.1011
3543303;Ribeirão Pires;SP;SE;99.4;False;;-46.4058;-23.7067
3543402;Ribeirão Preto;SP;SE;654.3;False;;-47.8099;-21.1699
3543501;Riversul;SP;SE;387.0;False;;-49.429;-23.829
3543600;Rifaina;SP;SE;162.8;False;;-47.4291;-20.0803
3543709;Rincão;SP;SE;317.2;False;;-48.0728;-21.5894
3543808;Rinópolis;SP;SE;358.8;False;;-50.7239;-21.7284
3543907;Rio Claro;SP;SE;500.1;False;;-47.5546;-22.3984
3544004;Rio das Pedras;SP;SE;227.2;False;;-47.6047;-22.8417
3544103;Rio Grande da Serra;SP;SE;37.3;False;;-46.3971;-23.7437
3544202;Riolândia;SP;SE;637.2;False;;-49.6836;-19.9868
3544251;Rosana;SP;SE;746.4;False;;-53.0603;-22.5782
3544301;Roseira;SP;SE;131.7;False;;-45.307;-22.8938
3544400;Rubiácea;SP;SE;236.2;False;;-50.7296;-21.3006
3544509;Rubinéia;SP;SE;238.8;False;;-51.007;-20.1759
3544608;Sabino;SP;SE;313.7;False;;-49.5755;-21.4593
3544707;Sagres;SP;SE;148.5;False;;-50.9594;-21.8823
3544806;Sales;SP;SE;310.6;False;;-49.4897;-21.3427
3544905;Sales Oliveira;SP;SE;307.0;False;;-47.8369;-20.7696
3545001;Salesópolis;SP;SE;427.5;False;;-45.8465;-23.5288
3545100;Salmourão;SP;SE;172.7;False;;-50.8614;-21.6267
3545159;Saltinho;SP;SE;99.9;False;;-47.6754;-22.8442
3545209;Salto;SP;SE;133.7;False;;-47.2931;-23.1996
3545308;Salto de Pirapora;SP;SE;281.3;False;;-47.5743;-23.6474
3545407;Salto Grande;SP;SE;189.4;False;;-49.9831;-22.8894
3545506;Sandovalina;SP;SE;458.1;False;;-51.7648;-22.4551
3545605;Santa Adélia;SP;SE;332.4;False;;-48.8063;-21.2427
3545704;Santa Albertina;SP;SE;274.4;False;;-50.7297;-20.0311
3545803;Santa Bárbara d'Oeste;SP;SE;273.1;False;;-47.4143;-22.7553
3546009;Santa Branca;SP;SE;276.2;False;;-45.8875;-23.3933
3546108;Santa Clara d'Oeste;SP;SE;183.1;False;;-50.9491;-20.09
3546207;Santa Cruz da Conceição;SP;SE;150.6;False;;-47.4512;-22.1405
3546256;Santa Cruz da Esperança;SP;SE;149.0;False;;-47.4304;-21.2951
3546306;Santa Cruz das Palmeiras;SP;SE;296.9;False;;-47.248;-21.8235
3546405;Santa Cruz do Rio Pardo;SP;SE;1119.0;False;;-49.6354;-22.8988
3546504;Santa Ernestina;SP;SE;135.3;False;;-48.3953;-21.4618
3546603;Santa Fé do Sul;SP;SE;209.8;False;;-50.932;-20.2083
3546702;Santa Gertrudes;SP;SE;98.6;False;;-47.5272;-22.4572
3546801;Santa Isabel;SP;SE;364.4;False;;-46.2237;-23.3172
3546900;Santa Lúcia;SP;SE;154.2;False;;-48.0885;-21.685
3547007;Santa Maria da Serra;SP;SE;258.6;False;;-48.1593;-22.5661
3547106;Santa Mercedes;SP;SE;167.2;False;;-51.7564;-21.3495
3547205;Santana da Ponte Pensa;SP;SE;130.7;False;;-50.8014;-20.2523
3547304;Santana de Parnaíba;SP;SE;180.9;False;;-46.9178;-23.4439
3547403;Santa Rita d'Oeste;SP;SE;211.6;False;;-50.8358;-20.1414
3547502;Santa Rita do Passa Quatro;SP;SE;758.6;False;;-47.478;-21.7083
3547601;Santa Rosa de Viterbo;SP;SE;289.0;False;;-47.3622;-21.4776
3547650;Santa Salete;SP;SE;79.7;False;;-50.6887;-20.2429
3547700;Santo Anastácio;SP;SE;555.2;False;;-51.6527;-21.9747
3547809;Santo André;SP;SE;176.4;False;;-46.5432;-23.6737
3547908;Santo Antônio da Alegria;SP;SE;311.1;False;;-47.1464;-21.0864
3548005;Santo Antônio de Posse;SP;SE;154.0;False;;-46.9192;-22.6029
3548054;Santo Antônio do Aracanguá;SP;SE;1314.9;False;;-50.498;-20.9331
3548104;Santo Antônio do Jardim;SP;SE;111.2;False;;-46.6845;-22.1121
3548203;Santo Antônio do Pinhal;SP;SE;133.2;False;;-45.663;-22.827
3548302;Santo Expedito;SP;SE;94.9;False;;-51.3929;-21.8467
3548401;Santópolis do Aguapeí;SP;SE;128.5;False;;-50.5044;-21.6376
3548500;Santos;SP;SE;282.7;False;;-46.335;-23.9535
3548609;São Bento do Sapucaí;SP;SE;253.6;False;;-45.7287;-22.6837
3548708;São Bernardo do Campo;SP;SE;410.5;False;;-46.5646;-23.6914
3548807;São Caetano do Sul;SP;SE;15.3;False;;-46.5548;-23.6229
3548906;São Carlos;SP;SE;1142.4;False;;-47.886;-22.0174
3549003;São Francisco;SP;SE;76.0;False;;-50.6952;-20.3623
3549102;São João da Boa Vista;SP;SE;518.2;False;;-46.7944;-21.9707
3549201;São João das Duas Pontes;SP;SE;129.6;False;;-50.3792;-20.3879
3549250;São João de Iracema;SP;SE;180.3;False;;-50.3561;-20.5111
3549300;São João do Pau d'Alho;SP;SE;117.9;False;;-51.6672;-21.2662
3549409;São Joaquim da Barra;SP;SE;413.8;False;;-47.8593;-20.5812
3549508;São José da Bela Vista;SP;SE;277.8;False;;-47.6424;-20.5935
3549607;São José do Barreiro;SP;SE;573.9;False;;-44.5774;-22.6414
3549706;São José do Rio Pardo;SP;SE;421.2;False;;-46.8873;-21.5953
3549805;São José do Rio Preto;SP;SE;433.2;False;;-49.3758;-20.8113
3549904;São José dos Campos;SP;SE;1105.8;False;;-45.8841;-23.1896
3549953;São Lourenço da Serra;SP;SE;186.9;False;;-46.9432;-23.8491
3550001;São Luiz do Paraitinga;SP;SE;620.0;False;;-45.3109;-23.222
3550100;São Manuel;SP;SE;653.5;False;;-48.5723;-22.7321
3550209;São Miguel Arcanjo;SP;SE;934.6;False;;-47.9935;-23.8782
3550308;São Paulo;SP;SE;1530.3;True;;-46.6395;-23.5329
3550407;São Pedro;SP;SE;616.9;False;;-47.9096;-22.5483
3550506;São Pedro do Turvo;SP;SE;735.4;False;;-49.7428;-22.7453
3550605;São Roque;SP;SE;307.3;False;;-47.1357;-23.5226
3550704;São Sebastião;SP;SE;403.0;False;;-45.4143;-23.7951
3550803;São Sebastião da Grama;SP;SE;254.3;False;;-46.8208;-21.7041
3550902;São Simão;SP;SE;620.5;False;;-47.5518;-21.4732
3551009;São Vicente;SP;SE;148.8;False;;-46.3883;-23.9574
3551108;Sarapuí;SP;SE;354.1;False;;-47.8249;-23.6397
3551207;Sarutaiá;SP;SE;141.7;False;;-49.4763;-23.2721
3551306;Sebastianópolis do Sul;SP;SE;164.7;False;;-49.925;-20.6523
3551405;Serra Azul;SP;SE;283.5;False;;-47.5602;-21.3074
3551504;Serrana;SP;SE;127.3;False;;-47.5952;-21.2043
3551603;Serra Negra;SP;SE;204.2;False;;-46.7033;-22.6139
3551702;Sertãozinho;SP;SE;403.9;False;;-47.9875;-21.1316
3551801;Sete Barras;SP;SE;1058.9;False;;-47.9279;-24.382
3551900;Severínia;SP;SE;141.2;False;;-48.8054;-20.8108
3552007;Silveiras;SP;SE;416.4;False;;-44.8522;-22.6638
3552106;Socorro;SP;SE;450.5;False;;-46.5251;-22.5903
3552205;Sorocaba;SP;SE;449.6;False;;-47.4451;-23.4969
3552304;Sud Mennucci;SP;SE;595.5;False;;-50.9238;-20.6872
3552403;Sumaré;SP;SE;154.2;False;;-47.2728;-22.8204
3552502;Suzano;SP;SE;207.2;False;;-46.3112;-23.5448
3552551;Suzanápolis;SP;SE;330.7;False;;-51.0268;-20.4981
3552601;Tabapuã;SP;SE;347.4;False;;-49.0307;-20.9602
3552700;Tabatinga;SP;SE;372.2;False;;-48.6896;-21.7239
3552809;Taboão da Serra;SP;SE;20.5;False;;-46.7526;-23.6019
3552908;Taciba;SP;SE;611.0;False;;-51.2882;-22.3866
3553005;Taguaí;SP;SE;145.6;False;;-49.4024;-23.4452
3553104;Taiaçu;SP;SE;107.2;False;;-48.5112;-21.1431
3553203;Taiúva;SP;SE;133.5;False;;-48.4528;-21.1223
3553302;Tambaú;SP;SE;566.1;False;;-47.2703;-21.7029
3553401;Tanabi;SP;SE;749.4;False;;-49.6563;-20.6228
3553500;Tapiraí;SP;SE;758.2;False;;-47.5062;-23.9612
3553609;Tapiratiba;SP;SE;223.0;False;;-46.7448;-21.4713
3553658;Taquaral;SP;SE;53.8;False;;-48.4126;-21.0737
3553708;Taquaritinga;SP;SE;596.4;False;;-48.5103;-21.4049
3553807;Taquarituba;SP;SE;450.3;False;;-49.241;-23.5307
3553856;Taquarivaí;SP;SE;233.7;False;;-48.6948;-23.9211
3553906;Tarabai;SP;SE;197.7;False;;-51.5621;-22.3016
3553955;Tarumã;SP;SE;303.9;False;;-50.5786;-22.7429
3554003;Tatuí;SP;SE;526.5;False;;-47.8461;-23.3487
3554102;Taubaté;SP;SE;627.1;False;;-45.5593;-23.0104
3554201;Tejupá;SP;SE;297.7;False;;-49.3722;-23.3425
3554300;Teodoro Sampaio;SP;SE;1564.9;False;;-52.1682;-22.5299
3554409;Terra Roxa;SP;SE;223.3;False;;-48.3314;-20.787
3554508;Tietê;SP;SE;406.9;False;;-47.7164;-23.1101
3554607;Timburi;SP;SE;198.1;False;;-49.6096;-23.2057
3554656;Torre de Pedra;SP;SE;72.0;False;;-48.1955;-23.2462
3554706;Torrinha;SP;SE;312.1;False;;-48.1731;-22.4237
3554755;Trabiju;SP;SE;64.0;False;;-48.3342;-22.0388
3554805;Tremembé;SP;SE;192.4;False;;-45.5475;-22.9571
3554904;Três Fronteiras;SP;SE;154.5;False;;-50.8905;-20.2344
3554953;Tuiuti;SP;SE;127.0;False;;-46.6937;-22.8193
3555000;Tupã;SP;SE;629.8;False;;-50.5191;-21.9335
3555109;Tupi Paulista;SP;SE;245.6;False;;-51.575;-21.3825
3555208;Turiúba;SP;SE;154.3;False;;-50.1135;-20.9428
3555307;Turmalina;SP;SE;148.5;False;;-50.4792;-20.0486
3555356;Ubarana;SP;SE;211.0;False;;-49.7198;-21.165
3555406;Ubatuba;SP;SE;712.2;False;;-45.0834;-23.4332
3555505;Ubirajara;SP;SE;282.8;False;;-49.6613;-22.5272
3555604;Uchoa;SP;SE;253.8;False;;-49.1713;-20.9511
3555703;União Paulista;SP;SE;79.9;False;;-49.9025;-20.8862
3555802;Urânia;SP;SE;209.9;False;;-50.6455;-20.2455
3555901;Uru;SP;SE;147.5;False;;-49.2848;-21.7866
3556008;Urupês;SP;SE;325.7;False;;-49.2931;-21.2032
3556107;Valentim Gentil;SP;SE;151.4;False;;-50.0889;-20.4217
3556206;Valinhos;SP;SE;148.3;False;;-46.9974;-22.9698
3556305;Valparaíso;SP;SE;861.7;False;;-50.8699;-21.2229
3556354;Vargem;SP;SE;143.5;False;;-46.4124;-22.887
3556404;Vargem Grande do Sul;SP;SE;269.8;False;;-46.8913;-21.8322
3556453;Vargem Grande Paulista;SP;SE;42.4;False;;-47.022;-23.5993
3556503;Várzea Paulista;SP;SE;35.3;False;;-46.8234;-23.2136
3556602;Vera Cruz;SP;SE;250.4;False;;-49.8207;-22.2183
3556701;Vinhedo;SP;SE;82.0;False;;-46.9833;-23.0302
3556800;Viradouro;SP;SE;218.8;False;;-48.293;-20.8734
3556909;Vista Alegre do Alto;SP;SE;95.5;False;;-48.6284;-21.1692
3556958;Vitória Brasil;SP;SE;50.5;False;;-50.4875;-20.1956
3557006;Votorantim;SP;SE;184.9;False;;-47.4388;-23.5446
3557105;Votuporanga;SP;SE;426.1;False;;-49.9781;-20.4237
3557154;Zacarias;SP;SE;321.2;False;;-50.0552;-21.0506
3557204;Chavantes;SP;SE;189.1;False;;-49.7096;-23.0366
3557303;Estiva Gerbi;SP;SE;75.2;False;;-46.9481;-22.2713
4100103;Abatiá;PR;S;229.8;False;;-50.3133;-23.3049
4100202;Adrianópolis;PR;S;1355.0;False;;-48.9922;-24.6606
4100301;Agudos do Sul;PR;S;192.4;False;;-49.3343;-25.9899
4100400;Almirante Tamandaré;PR;S;196.4;False;;-49.3037;-25.3188
4100459;Altamira do Paraná;PR;S;388.3;False;;-52.7128;-24.7983
4100509;Altônia;PR;S;663.5;False;;-53.8958;-23.8759
4100608;Alto Paraná;PR;S;409.1;False;;-52.3189;-23.1312
4100707;Alto Piquiri;PR;S;448.3;False;;-53.44;-24.0224
4100806;Alvorada do Sul;PR;S;427.1;False;;-51.2297;-22.7813
4100905;Amaporã;PR;S;384.5;False;;-52.7866;-23.0943
4101002;Ampére;PR;S;300.6;False;;-53.4686;-25.9168
4101051;Anahy;PR;S;103.2;False;;-53.1332;-24.6449
4101101;Andirá;PR;S;238.2;False;;-50.2304;-23.0533
4101150;Ângulo;PR;S;106.0;False;;-51.9154;-23.1946
4101200;Antonina;PR;S;884.8;False;;-48.7191;-25.4386
4101309;Antônio Olinto;PR;S;472.0;False;;-50.1972;-25.9804
4101408;Apucarana;PR;S;562.0;False;;-51.4635;-23.55
4101507;Arapongas;PR;S;382.6;False;;-51.4259;-23.4153
4101606;Arapoti;PR;S;1366.3;False;;-49.8285;-24.1548
4101655;Arapuã;PR;S;218.8;False;;-51.7856;-24.3132
4101705;Araruna;PR;S;496.8;False;;-52.5021;-23.9315
4101804;Araucária;PR;S;470.2;False;;-49.4047;-25.5859
4101853;Ariranha do Ivaí;PR;S;240.0;False;;-51.5839;-24.3857
4101903;Assaí;PR;S;442.2;False;;-50.8459;-23.3697
4102000;Assis Chateaubriand;PR;S;974.0;False;;-53.5213;-24.4168
4102109;Astorga;PR;S;436.3;False;;-51.6668;-23.2318
4102208;Atalaia;PR;S;138.3;False;;-52.0551;-23.1517
4102307;Balsa Nova;PR;S;350.5;False;;-49.6291;-25.5804
4102406;Bandeirantes;PR;S;447.4;False;;-50.3704;-23.1078
4102505;Barbosa Ferraz;PR;S;540.5;False;;-52.004;-24.0334
4102604;Barracão;PR;S;164.5;False;;-53.6324;-26.2502
4102703;Barra do Jacaré;PR;S;116.4;False;;-50.1842;-23.116
4102752;Bela Vista da Caroba;PR;S;149.6;False;;-53.6725;-25.8842
4102802;Bela Vista do Paraíso;PR;S;243.7;False;;-51.1927;-22.9937
4102901;Bituruna;PR;S;1221.7;False;;-51.5518;-26.1607
4103008;Boa Esperança;PR;S;308.0;False;;-52.7876;-24.2467
4103024;Boa Esperança do Iguaçu;PR;S;152.7;False;;-53.2108;-25.6324
4103040;Boa Ventura de São Roque;PR;S;625.3;False;;-51.6276;-24.8688
4103057;Boa Vista da Aparecida;PR;S;257.5;False;;-53.4117;-25.4308
4103107;Bocaiúva do Sul;PR;S;829.8;False;;-49.1141;-25.2066
4103156;Bom Jesus do Sul;PR;S;175.2;False;;-53.5955;-26.1958
4103206;Bom Sucesso;PR;S;323.8;False;;-51.7671;-23.7063
4103222;Bom Sucesso do Sul;PR;S;196.2;False;;-52.8353;-26.0731
4103305;Borrazópolis;PR;S;336.6;False;;-51.5875;-23.9366
4103354;Braganey;PR;S;345.4;False;;-53.1218;-24.8173
4103370;Brasilândia do Sul;PR;S;292.3;False;;-53.5275;-24.1978
4103404;Cafeara;PR;S;186.2;False;;-51.7142;-22.789
4103453;Cafelândia;PR;S;273.3;False;;-53.3207;-24.6189
4103479;Cafezal do Sul;PR;S;336.8;False;;-53.5124;-23.9005
4103503;Califórnia;PR;S;142.6;False;;-51.3574;-23.6566
4103602;Cambará;PR;S;367.7;False;;-50.0753;-23.0423
4103701;Cambé;PR;S;497.7;False;;-51.2798;-23.2766
4103800;Cambira;PR;S;163.7;False;;-51.5792;-23.589
4103909;Campina da Lagoa;PR;S;800.1;False;;-52.7976;-24.5893
4103958;Campina do Simão;PR;S;451.1;False;;-51.8237;-25.0802
4104006;Campina Grande do Sul;PR;S;543.1;False;;-49.0551;-25.3044
4104055;Campo Bonito;PR;S;436.1;False;;-52.9939;-25.0294
4104105;Campo do Tenente;PR;S;306.1;False;;-49.6844;-25.98
4104204;Campo Largo;PR;S;1255.1;False;;-49.529;-25.4525
4104253;Campo Magro;PR;S;277.4;False;;-49.4501;-25.3687
4104303;Campo Mourão;PR;S;760.6;False;;-52.378;-24.0463
4104402;Cândido de Abreu;PR;S;1515.9;False;;-51.3372;-24.5649
4104428;Candói;PR;S;1521.3;False;;-52.0409;-25.5758
4104451;Cantagalo;PR;S;586.0;False;;-52.1198;-25.3734
4104501;Capanema;PR;S;421.1;False;;-53.8055;-25.6691
4104600;Capitão Leônidas Marques;PR;S;278.0;False;;-53.6112;-25.4816
4104659;Carambeí;PR;S;653.2;False;;-50.0986;-24.9152
4104709;Carlópolis;PR;S;450.5;False;;-49.7235;-23.4269
4104808;Cascavel;PR;S;2109.7;False;;-53.459;-24.9573
4104907;Castro;PR;S;2544.0;False;;-50.0108;-24.7891
4105003;Catanduvas;PR;S;584.1;False;;-53.1548;-25.2044
4105102;Centenário do Sul;PR;S;373.8;False;;-51.5973;-22.8188
4105201;Cerro Azul;PR;S;1346.8;False;;-52.8691;-26.0891
4105300;Céu Azul;PR;S;1182.8;False;;-53.8415;-25.1489
4105409;Chopinzinho;PR;S;963.6;False;;-52.5173;-25.8515
4105508;Cianorte;PR;S;814.9;False;;-52.6054;-23.6599
4105607;Cidade Gaúcha;PR;S;405.7;False;;-52.9436;-23.3772
4105706;Clevelândia;PR;S;708.7;False;;-52.3508;-26.4043
4105805;Colombo;PR;S;199.1;False;;-49.2262;-25.2925
4105904;Colorado;PR;S;404.9;False;;-51.9743;-22.8374
4106001;Congonhinhas;PR;S;539.1;False;;-50.5569;-23.5493
4106100;Conselheiro Mairinck;PR;S;204.8;False;;-50.1707;-23.623
4106209;Contenda;PR;S;299.8;False;;-49.535;-25.6788
4106308;Corbélia;PR;S;530.7;False;;-53.3006;-24.7971
4106407;Cornélio Procópio;PR;S;637.3;False;;-50.6498;-23.1829
4106456;Coronel Domingos Soares;PR;S;1580.8;False;;-52.0356;-26.2277
4106506;Coronel Vivida;PR;S;686.6;False;;-52.5641;-25.9767
4106555;Corumbataí do Sul;PR;S;165.3;False;;-52.1177;-24.101
4106571;Cruzeiro do Iguaçu;PR;S;161.9;False;;-53.1285;-25.6192
4106605;Cruzeiro do Oeste;PR;S;782.7;False;;-53.0774;-23.7799
4106704;Cruzeiro do Sul;PR;S;260.7;False;;-52.1622;-22.9624
4106803;Cruz Machado;PR;S;1484.0;False;;-51.343;-26.0166
4106852;Cruzmaltina;PR;S;313.2;False;;-51.4563;-24.0132
4106902;Curitiba;PR;S;437.3;True;;-49.2646;-25.4195
4107009;Curiúva;PR;S;579.5;False;;-50.4576;-24.0362
4107108;Diamante do Norte;PR;S;245.1;False;;-52.8617;-22.655
4107124;Diamante do Sul;PR;S;362.0;False;;-52.6768;-25.035
4107157;Diamante D'Oeste;PR;S;309.9;False;;-54.1052;-24.9419
4107207;Dois Vizinhos;PR;S;419.3;False;;-53.057;-25.7407
4107256;Douradina;PR;S;421.5;False;;-53.2918;-23.3807
4107306;Doutor Camargo;PR;S;118.3;False;;-52.2178;-23.5582
4107405;Enéas Marques;PR;S;193.4;False;;-53.1659;-25.9445
4107504;Engenheiro Beltrão;PR;S;469.3;False;;-52.2659;-23.797
4107520;Esperança Nova;PR;S;138.4;False;;-53.811;-23.7238
4107538;Entre Rios do Oeste;PR;S;121.9;False;;-54.2385;-24.7042
4107546;Espigão Alto do Iguaçu;PR;S;328.0;False;;-52.8348;-25.4216
4107553;Farol;PR;S;290.7;False;;-52.6217;-24.0958
4107603;Faxinal;PR;S;720.0;False;;-51.3227;-24.0077
4107652;Fazenda Rio Grande;PR;S;117.9;False;;-49.3073;-25.6624
4107702;Fênix;PR;S;235.8;False;;-51.9805;-23.9135
4107736;Fernandes Pinheiro;PR;S;406.6;False;;-50.5456;-25.4107
4107751;Figueira;PR;S;130.0;False;;-50.4031;-23.8455
4107801;Floraí;PR;S;192.7;False;;-52.3029;-23.3178
4107850;Flor da Serra do Sul;PR;S;255.7;False;;-53.3092;-26.2523
4107900;Floresta;PR;S;158.6;False;;-52.0807;-23.6031
4108007;Florestópolis;PR;S;247.5;False;;-51.3882;-22.8623
4108106;Flórida;PR;S;83.4;False;;-51.9546;-23.0847
4108205;Formosa do Oeste;PR;S;275.4;False;;-53.3114;-24.2951
4108304;Foz do Iguaçu;PR;S;621.6;False;;-54.5827;-25.5427
4108320;Francisco Alves;PR;S;322.1;False;;-53.8461;-24.0667
4108403;Francisco Beltrão;PR;S;736.4;False;;-53.0535;-26.0817
4108452;Foz do Jordão;PR;S;235.9;False;;-52.1188;-25.7371
4108502;General Carneiro;PR;S;1073.4;False;;-51.3172;-26.425
4108551;Godoy Moreira;PR;S;131.0;False;;-51.9246;-24.173
4108601;Goioerê;PR;S;566.5;False;;-53.0248;-24.1835
4108650;Goioxim;PR;S;706.1;False;;-51.9911;-25.1927
4108700;Grandes Rios;PR;S;312.3;False;;-51.5094;-24.1466
4108809;Guaíra;PR;S;561.2;False;;-54.2573;-24.085
4108908;Guairaçá;PR;S;495.9;False;;-52.6906;-22.932
4108957;Guamiranga;PR;S;245.2;False;;-50.8021;-25.1912
4109005;Guapirama;PR;S;190.9;False;;-50.0407;-23.5203
4109104;Guaporema;PR;S;200.9;False;;-52.7786;-23.3402
4109203;Guaraci;PR;S;212.3;False;;-51.6504;-22.9694
4109302;Guaraniaçu;PR;S;1229.9;False;;-52.8755;-25.0968
4109401;Guarapuava;PR;S;3128.6;False;;-51.4623;-25.3902
4109500;Guaraqueçaba;PR;S;2030.9;False;;-48.3204;-25.3071
4109609;Guaratuba;PR;S;1332.6;False;;-48.5752;-25.8817
4109658;Honório Serpa;PR;S;504.2;False;;-52.3848;-26.139
4109708;Ibaiti;PR;S;901.6;False;;-50.1932;-23.8478
4109757;Ibema;PR;S;146.8;False;;-53.0072;-25.1193
4109807;Ibiporã;PR;S;301.1;False;;-51.0522;-23.2659
4109906;Icaraíma;PR;S;678.6;False;;-53.615;-23.3944
4110003;Iguaraçu;PR;S;166.0;False;;-51.8256;-23.1949
4110052;Iguatu;PR;S;107.1;False;;-53.0827;-24.7153
4110078;Imbaú;PR;S;331.2;False;;-50.7533;-24.448
4110102;Imbituva;PR;S;759.1;False;;-50.5989;-25.2285
4110201;Inácio Martins;PR;S;940.4;False;;-51.0769;-25.5704
4110300;Inajá;PR;S;194.5;False;;-52.1995;-22.7509
4110409;Indianópolis;PR;S;122.2;False;;-52.6989;-23.4762
4110508;Ipiranga;PR;S;932.3;False;;-50.5794;-25.0238
4110607;Iporã;PR;S;650.8;False;;-53.706;-24.0083
4110656;Iracema do Oeste;PR;S;82.6;False;;-53.3528;-24.4262
4110706;Irati;PR;S;1004.7;False;;-50.6493;-25.4697
4110805;Iretama;PR;S;573.0;False;;-52.1012;-24.4253
4110904;Itaguajé;PR;S;192.7;False;;-51.9674;-22.6183
4110953;Itaipulândia;PR;S;332.0;False;;-54.3001;-25.1366
4111001;Itambaracá;PR;S;208.5;False;;-50.4097;-23.0181
4111100;Itambé;PR;S;245.2;False;;-51.9912;-23.6601
4111209;Itapejara d'Oeste;PR;S;257.7;False;;-52.8152;-25.9619
4111258;Itaperuçu;PR;S;312.1;False;;-49.3454;-25.2193
4111308;Itaúna do Sul;PR;S;130.2;False;;-52.8874;-22.7289
4111407;Ivaí;PR;S;610.3;False;;-50.857;-25.0067
4111506;Ivaiporã;PR;S;434.1;False;;-51.6754;-24.2485
4111555;Ivaté;PR;S;412.4;False;;-53.3687;-23.4072
4111605;Ivatuba;PR;S;97.6;False;;-52.2203;-23.6187
4111704;Jaboti;PR;S;140.4;False;;-50.0729;-23.7435
4111803;Jacarezinho;PR;S;603.8;False;;-49.9739;-23.1591
4111902;Jaguapitã;PR;S;476.4;False;;-51.5342;-23.1104
4112009;Jaguariaíva;PR;S;1460.1;False;;-49.7066;-24.2439
4112108;Jandaia do Sul;PR;S;187.8;False;;-51.6448;-23.6011
4112207;Janiópolis;PR;S;337.4;False;;-52.7784;-24.1401
4112306;Japira;PR;S;189.5;False;;-50.1422;-23.8142
4112405;Japurá;PR;S;165.4;False;;-52.5557;-23.4693
4112504;Jardim Alegre;PR;S;407.1;False;;-51.6902;-24.1809
4112603;Jardim Olinda;PR;S;129.0;False;;-52.0503;-22.5523
4112702;Jataizinho;PR;S;160.3;False;;-50.9777;-23.2578
4112751;Jesuítas;PR;S;247.7;False;;-53.3849;-24.3839
4112801;Joaquim Távora;PR;S;289.5;False;;-49.909;-23.4987
4112900;Jundiaí do Sul;PR;S;323.6;False;;-50.2496;-23.4357
4112959;Juranda;PR;S;351.8;False;;-52.8413;-24.4209
4113007;Jussara;PR;S;211.9;False;;-52.4693;-23.6219
4113106;Kaloré;PR;S;193.3;False;;-51.6687;-23.8188
4113205;Lapa;PR;S;2103.4;False;;-49.7168;-25.7671
4113254;Laranjal;PR;S;561.8;False;;-52.47;-24.8862
4113304;Laranjeiras do Sul;PR;S;674.9;False;;-52.4109;-25.4077
4113403;Leópolis;PR;S;346.5;False;;-50.7511;-23.0818
4113429;Lidianópolis;PR;S;160.3;False;;-51.6506;-24.11
4113452;Lindoeste;PR;S;363.8;False;;-53.5733;-25.2596
4113502;Loanda;PR;S;725.6;False;;-53.1362;-22.9232
4113601;Lobato;PR;S;241.9;False;;-51.9524;-23.0058
4113700;Londrina;PR;S;1657.7;False;;-51.1691;-23.304
4113734;Luiziana;PR;S;913.3;False;;-52.269;-24.2853
4113759;Lunardelli;PR;S;199.7;False;;-51.7368;-24.0821
4113809;Lupionópolis;PR;S;121.5;False;;-51.6601;-22.755
4113908;Mallet;PR;S;724.9;False;;-50.8173;-25.8806
4114005;Mamborê;PR;S;791.0;False;;-52.5271;-24.317
4114104;Mandaguaçu;PR;S;295.1;False;;-52.0944;-23.3458
4114203;Mandaguari;PR;S;337.8;False;;-51.671;-23.5446
4114302;Mandirituba;PR;S;381.0;False;;-49.3282;-25.777
4114351;Manfrinópolis;PR;S;217.7;False;;-53.3113;-26.1441
4114401;Mangueirinha;PR;S;1060.0;False;;-52.1743;-25.9421
4114500;Manoel Ribas;PR;S;574.2;False;;-51.6658;-24.5144
4114609;Marechal Cândido Rondon;PR;S;751.0;False;;-54.0571;-24.557
4114708;Maria Helena;PR;S;488.8;False;;-53.2053;-23.6158
4114807;Marialva;PR;S;477.9;False;;-51.7928;-23.4843
4114906;Marilândia do Sul;PR;S;386.2;False;;-51.3137;-23.7425
4115002;Marilena;PR;S;233.0;False;;-53.0402;-22.7336
4115101;Mariluz;PR;S;435.8;False;;-53.1432;-24.0089
4115200;Maringá;PR;S;489.5;False;;-51.9333;-23.4205
4115309;Mariópolis;PR;S;231.2;False;;-52.5532;-26.355
4115358;Maripá;PR;S;285.5;False;;-53.8286;-24.42
4115408;Marmeleiro;PR;S;389.0;False;;-53.0267;-26.1472
4115457;Marquinho;PR;S;513.4;False;;-52.2497;-25.112
4115507;Marumbi;PR;S;210.7;False;;-51.6404;-23.7058
4115606;Matelândia;PR;S;641.9;False;;-53.9935;-25.2496
4115705;Matinhos;PR;S;118.4;False;;-48.549;-25.8237
4115739;Mato Rico;PR;S;396.5;False;;-52.1454;-24.6995
4115754;Mauá da Serra;PR;S;108.3;False;;-51.2277;-23.8988
4115804;Medianeira;PR;S;330.7;False;;-54.0943;-25.2977
4115853;Mercedes;PR;S;201.7;False;;-54.1618;-24.4538
4115903;Mirador;PR;S;223.4;False;;-52.7761;-23.255
4116000;Miraselva;PR;S;91.0;False;;-51.4846;-22.9657
4116059;Missal;PR;S;325.3;False;;-54.2477;-25.0919
4116109;Moreira Sales;PR;S;355.5;False;;-53.0102;-24.0509
4116208;Morretes;PR;S;687.0;False;;-48.8345;-25.4744
4116307;Munhoz de Melo;PR;S;137.7;False;;-51.7737;-23.1487
4116406;Nossa Senhora das Graças;PR;S;185.9;False;;-51.7978;-22.9129
4116505;Nova Aliança do Ivaí;PR;S;132.8;False;;-52.6032;-23.1763
4116604;Nova América da Colina;PR;S;130.0;False;;-50.7168;-23.3308
4116703;Nova Aurora;PR;S;476.0;False;;-53.2575;-24.5289
4116802;Nova Cantu;PR;S;557.7;False;;-52.5661;-24.6723
4116901;Nova Esperança;PR;S;402.5;False;;-52.2031;-23.182
4116950;Nova Esperança do Sudoeste;PR;S;208.4;False;;-53.2618;-25.9004
4117008;Nova Fátima;PR;S;283.6;False;;-50.5665;-23.4324
4117057;Nova Laranjeiras;PR;S;1150.3;False;;-52.5447;-25.3054
4117107;Nova Londrina;PR;S;269.6;False;;-52.9868;-22.7639
4117206;Nova Olímpia;PR;S;136.2;False;;-53.0898;-23.4703
4117214;Nova Santa Bárbara;PR;S;72.6;False;;-50.7598;-23.5865
4117222;Nova Santa Rosa;PR;S;205.7;False;;-53.9552;-24.4693
4117255;Nova Prata do Iguaçu;PR;S;352.9;False;;-53.3469;-25.6309
4117271;Nova Tebas;PR;S;547.7;False;;-51.9454;-24.438
4117297;Novo Itacolomi;PR;S;161.3;False;;-51.5079;-23.7631
4117305;Ortigueira;PR;S;2441.2;False;;-50.9185;-24.2058
4117404;Ourizona;PR;S;177.9;False;;-52.1964;-23.4053
4117453;Ouro Verde do Oeste;PR;S;294.1;False;;-53.9043;-24.7933
4117503;Paiçandu;PR;S;173.0;False;;-52.046;-23.4555
4117602;Palmas;PR;S;1574.3;False;;-51.9888;-26.4839
4117701;Palmeira;PR;S;1463.3;False;;-50.007;-25.4257
4117800;Palmital;PR;S;820.1;False;;-52.2029;-24.8853
4117909;Palotina;PR;S;654.9;False;;-53.8404;-24.2868
4118006;Paraíso do Norte;PR;S;205.0;False;;-52.6054;-23.2824
4118105;Paranacity;PR;S;351.2;False;;-52.1549;-22.9297
4118204;Paranaguá;PR;S;829.7;False;;-48.5225;-25.5161
4118303;Paranapoema;PR;S;177.0;False;;-52.0905;-22.6412
4118402;Paranavaí;PR;S;1208.5;False;;-52.4617;-23.0816
4118451;Pato Bragado;PR;S;135.9;False;;-54.2265;-24.6271
4118501;Pato Branco;PR;S;540.9;False;;-52.6706;-26.2292
4118600;Paula Freitas;PR;S;423.3;False;;-50.931;-26.2105
4118709;Paulo Frontin;PR;S;370.8;False;;-50.8304;-26.0466
4118808;Peabiru;PR;S;471.2;False;;-52.3431;-23.914
4118857;Perobal;PR;S;410.5;False;;-53.4098;-23.8949
4118907;Pérola;PR;S;242.3;False;;-53.6834;-23.8039
4119004;Pérola d'Oeste;PR;S;206.8;False;;-53.7433;-25.8278
4119103;Piên;PR;S;257.8;False;;-49.4336;-26.0965
4119152;Pinhais;PR;S;61.2;False;;-49.1927;-25.4429
4119202;Pinhalão;PR;S;221.9;False;;-50.0536;-23.7982
4119251;Pinhal de São Bento;PR;S;98.2;False;;-53.482;-26.0324
4119301;Pinhão;PR;S;2009.2;False;;-51.6536;-25.6944
4119400;Piraí do Sul;PR;S;1409.1;False;;-49.9433;-24.5306
4119509;Piraquara;PR;S;228.4;False;;-49.0624;-25.4422
4119608;Pitanga;PR;S;1670.9;False;;-51.7596;-24.7588
4119657;Pitangueiras;PR;S;124.1;False;;-51.5873;-23.2281
4119707;Planaltina do Paraná;PR;S;359.6;False;;-52.9162;-23.0101
4119806;Planalto;PR;S;345.4;False;;-53.7642;-25.7211
4119905;Ponta Grossa;PR;S;2075.8;False;;-50.1668;-25.0916
4119954;Pontal do Paraná;PR;S;203.2;False;;-48.5111;-25.6735
4120002;Porecatu;PR;S;293.3;False;;-51.3795;-22.7537
4120101;Porto Amazonas;PR;S;186.2;False;;-49.8946;-25.54
4120150;Porto Barreiro;PR;S;363.0;False;;-52.4067;-25.5477
4120200;Porto Rico;PR;S;218.5;False;;-53.2677;-22.7747
4120309;Porto Vitória;PR;S;212.6;False;;-51.231;-26.1674
4120333;Prado Ferreira;PR;S;154.6;False;;-51.4429;-23.0357
4120358;Pranchita;PR;S;226.3;False;;-53.7397;-26.0209
4120408;Presidente Castelo Branco;PR;S;157.3;False;;-52.1536;-23.2782
4120507;Primeiro de Maio;PR;S;416.7;False;;-51.0293;-22.8517
4120606;Prudentópolis;PR;S;2334.3;False;;-50.9754;-25.2111
4120655;Quarto Centenário;PR;S;322.7;False;;-53.0759;-24.2775
4120705;Quatiguá;PR;S;112.9;False;;-49.916;-23.5671
4120804;Quatro Barras;PR;S;181.4;False;;-49.0763;-25.3673
4120853;Quatro Pontes;PR;S;115.0;False;;-53.9759;-24.5752
4120903;Quedas do Iguaçu;PR;S;823.0;False;;-52.9102;-25.4492
4121000;Querência do Norte;PR;S;921.6;False;;-53.483;-23.0838
4121109;Quinta do Sol;PR;S;328.4;False;;-52.1309;-23.8533
4121208;Quitandinha;PR;S;448.4;False;;-49.4973;-25.8734
4121257;Ramilândia;PR;S;238.2;False;;-54.023;-25.1195
4121307;Rancho Alegre;PR;S;167.1;False;;-50.9145;-23.0676
4121356;Rancho Alegre D'Oeste;PR;S;243.1;False;;-52.9552;-24.3065
4121406;Realeza;PR;S;354.4;False;;-53.526;-25.7711
4121505;Rebouças;PR;S;485.1;False;;-50.6877;-25.6232
4121604;Renascença;PR;S;427.5;False;;-52.9703;-26.1588
4121703;Reserva;PR;S;1643.6;False;;-50.8466;-24.6492
4121752;Reserva do Iguaçu;PR;S;838.0;False;;-52.0272;-25.8319
4121802;Ribeirão Claro;PR;S;635.3;False;;-49.7597;-23.1941
4121901;Ribeirão do Pinhal;PR;S;376.6;False;;-50.3601;-23.4091
4122008;Rio Azul;PR;S;632.4;False;;-50.7985;-25.7306
4122107;Rio Bom;PR;S;178.1;False;;-51.4122;-23.7606
4122156;Rio Bonito do Iguaçu;PR;S;748.4;False;;-52.5292;-25.4874
4122172;Rio Branco do Ivaí;PR;S;389.1;False;;-51.3187;-24.3244
4122206;Rio Branco do Sul;PR;S;818.4;False;;-49.3115;-25.1892
4122305;Rio Negro;PR;S;605.7;False;;-49.7982;-26.095
4122404;Rolândia;PR;S;462.3;False;;-51.3659;-23.3101
4122503;Roncador;PR;S;745.3;False;;-52.2716;-24.5958
4122602;Rondon;PR;S;558.7;False;;-52.7659;-23.412
4122651;Rosário do Ivaí;PR;S;372.3;False;;-51.272;-24.2682
4122701;Sabáudia;PR;S;191.5;False;;-51.555;-23.3155
4122800;Salgado Filho;PR;S;182.0;False;;-53.3631;-26.1777
4122909;Salto do Itararé;PR;S;202.1;False;;-49.6354;-23.6074
4123006;Salto do Lontra;PR;S;314.6;False;;-53.3135;-25.7813
4123105;Santa Amélia;PR;S;77.8;False;;-50.4288;-23.2654
4123204;Santa Cecília do Pavão;PR;S;110.4;False;;-50.7835;-23.5201
4123303;Santa Cruz de Monte Castelo;PR;S;443.4;False;;-53.2949;-22.9582
4123402;Santa Fé;PR;S;278.0;False;;-51.808;-23.04
4123501;Santa Helena;PR;S;763.8;False;;-54.336;-24.8585
4123600;Santa Inês;PR;S;138.6;False;;-51.9024;-22.6376
4123709;Santa Isabel do Ivaí;PR;S;350.6;False;;-53.1989;-23.0025
4123808;Santa Izabel do Oeste;PR;S;322.5;False;;-53.4801;-25.8217
4123824;Santa Lúcia;PR;S;116.6;False;;-53.5638;-25.4104
4123857;Santa Maria do Oeste;PR;S;850.1;False;;-51.8696;-24.9377
4123907;Santa Mariana;PR;S;429.6;False;;-50.5167;-23.1465
4123956;Santa Mônica;PR;S;261.2;False;;-53.1103;-23.108
4124004;Santana do Itararé;PR;S;253.7;False;;-49.6293;-23.7587
4124020;Santa Tereza do Oeste;PR;S;329.4;False;;-53.6274;-25.0543
4124053;Santa Terezinha de Itaipu;PR;S;260.1;False;;-54.402;-25.4391
4124103;Santo Antônio da Platina;PR;S;724.9;False;;-50.0815;-23.2959
4124202;Santo Antônio do Caiuá;PR;S;220.4;False;;-52.344;-22.7351
4124301;Santo Antônio do Paraíso;PR;S;166.7;False;;-50.6455;-23.4969
4124400;Santo Antônio do Sudoeste;PR;S;326.7;False;;-53.7251;-26.0737
4124509;Santo Inácio;PR;S;307.3;False;;-51.7969;-22.6957
4124608;São Carlos do Ivaí;PR;S;225.9;False;;-52.4761;-23.3158
4124707;São Jerônimo da Serra;PR;S;827.0;False;;-50.7475;-23.7218
4124806;São João;PR;S;389.3;False;;-52.7252;-25.8214
4124905;São João do Caiuá;PR;S;305.9;False;;-52.3411;-22.8535
4125001;São João do Ivaí;PR;S;353.9;False;;-51.8215;-23.9833
4125100;São João do Triunfo;PR;S;724.1;False;;-50.2949;-25.683
4125209;São Jorge d'Oeste;PR;S;382.5;False;;-52.9204;-25.7085
4125308;São Jorge do Ivaí;PR;S;315.3;False;;-52.2929;-23.4336
4125357;São Jorge do Patrocínio;PR;S;407.0;False;;-53.8823;-23.7647
4125407;São José da Boa Vista;PR;S;401.0;False;;-49.6577;-23.9122
4125456;São José das Palmeiras;PR;S;182.5;False;;-54.0572;-24.8369
4125506;São José dos Pinhais;PR;S;948.4;False;;-49.2031;-25.5313
4125555;São Manoel do Paraná;PR;S;95.6;False;;-52.6454;-23.3941
4125605;São Mateus do Sul;PR;S;1348.6;False;;-50.384;-25.8677
4125704;São Miguel do Iguaçu;PR;S;854.6;False;;-54.2405;-25.3492
4125753;São Pedro do Iguaçu;PR;S;309.5;False;;-53.8521;-24.9373
4125803;São Pedro do Ivaí;PR;S;324.7;False;;-51.8568;-23.8634
4125902;São Pedro do Paraná;PR;S;252.1;False;;-53.2241;-22.8239
4126009;São Sebastião da Amoreira;PR;S;229.9;False;;-50.7625;-23.4656
4126108;São Tomé;PR;S;219.8;False;;-52.5901;-23.5349
4126207;Sapopema;PR;S;680.1;False;;-50.5801;-23.9078
4126256;Sarandi;PR;S;102.8;False;;-51.876;-23.4441
4126272;Saudade do Iguaçu;PR;S;153.0;False;;-52.6184;-25.6917
4126306;Sengés;PR;S;1443.5;False;;-49.4616;-24.1129
4126355;Serranópolis do Iguaçu;PR;S;485.8;False;;-54.0518;-25.3799
4126405;Sertaneja;PR;S;447.0;False;;-50.8317;-23.0361
4126504;Sertanópolis;PR;S;507.9;False;;-51.0399;-23.0571
4126603;Siqueira Campos;PR;S;278.3;False;;-49.8304;-23.6875
4126652;Sulina;PR;S;171.3;False;;-52.7299;-25.7066
4126678;Tamarana;PR;S;473.6;False;;-51.0991;-23.7204
4126702;Tamboara;PR;S;194.4;False;;-52.4743;-23.2036
4126801;Tapejara;PR;S;595.7;False;;-52.8735;-23.7315
4126900;Tapira;PR;S;435.7;False;;-53.0684;-23.3193
4127007;Teixeira Soares;PR;S;907.6;False;;-50.4571;-25.3701
4127106;Telêmaco Borba;PR;S;1390.6;False;;-50.6176;-24.3245
4127205;Terra Boa;PR;S;321.5;False;;-52.447;-23.7683
4127304;Terra Rica;PR;S;703.1;False;;-52.6188;-22.7111
4127403;Terra Roxa;PR;S;805.3;False;;-54.0988;-24.1575
4127502;Tibagi;PR;S;2962.2;False;;-50.4176;-24.5153
4127601;Tijucas do Sul;PR;S;675.4;False;;-49.195;-25.9311
4127700;Toledo;PR;S;1201.2;False;;-53.7412;-24.7246
4127809;Tomazina;PR;S;594.0;False;;-49.9499;-23.7796
4127858;Três Barras do Paraná;PR;S;508.6;False;;-53.1833;-25.4185
4127882;Tunas do Paraná;PR;S;671.7;False;;-49.0879;-24.9731
4127908;Tuneiras do Oeste;PR;S;702.5;False;;-52.8769;-23.8648
4127957;Tupãssi;PR;S;313.7;False;;-53.5105;-24.5879
4127965;Turvo;PR;S;905.8;False;;-51.5282;-25.0437
4128005;Ubiratã;PR;S;656.5;False;;-52.9865;-24.5393
4128104;Umuarama;PR;S;1237.9;False;;-53.3201;-23.7656
4128203;União da Vitória;PR;S;724.1;False;;-51.0873;-26.2273
4128302;Uniflor;PR;S;94.8;False;;-52.1573;-23.0868
4128401;Uraí;PR;S;239.6;False;;-50.7939;-23.2
4128500;Wenceslau Braz;PR;S;399.4;False;;-49.8032;-23.8742
4128534;Ventania;PR;S;762.7;False;;-50.2376;-24.2458
4128559;Vera Cruz do Oeste;PR;S;329.3;False;;-53.8771;-25.0577
4128609;Verê;PR;S;313.7;False;;-52.9051;-25.8772
4128625;Alto Paraíso;PR;S;972.3;False;;-52.7469;-26.1146
4128633;Doutor Ulysses;PR;S;785.1;False;;-49.4219;-24.5665
4128658;Virmond;PR;S;242.8;False;;-52.1987;-25.3829
4128708;Vitorino;PR;S;310.0;False;;-52.7843;-26.2683
4128807;Xambrê;PR;S;362.5;False;;-53.4884;-23.7364
4200051;Abdon Batista;SC;S;236.7;False;;-51.0233;-27.6126
4200101;Abelardo Luz;SC;S;959.1;False;;-52.3229;-26.5716
4200200;Agrolândia;SC;S;207.4;False;;-49.822;-27.4087
4200309;Agronômica;SC;S;130.6;False;;-49.708;-27.2662
4200408;Água Doce;SC;S;1318.0;False;;-51.5528;-26.9985
4200507;Águas de Chapecó;SC;S;139.6;False;;-52.9808;-27.0754
4200556;Águas Frias;SC;S;75.4;False;;-52.8568;-26.8794
4200606;Águas Mornas;SC;S;326.7;False;;-48.8243;-27.6963
4200705;Alfredo Wagner;SC;S;734.7;False;;-49.3273;-27.7001
4200754;Alto Bela Vista;SC;S;104.3;False;;-51.9044;-27.4333
4200804;Anchieta;SC;S;228.2;False;;-53.3319;-26.5382
4200903;Angelina;SC;S;501.5;False;;-48.9879;-27.5704
4201000;Anita Garibaldi;SC;S;590.8;False;;-51.1271;-27.6897
4201109;Anitápolis;SC;S;544.1;False;;-49.1316;-27.9012
4201208;Antônio Carlos;SC;S;229.7;False;;-48.766;-27.5191
4201257;Apiúna;SC;S;495.4;False;;-49.3885;-27.0375
4201273;Arabutã;SC;S;132.7;False;;-52.1423;-27.1587
4201307;Araquari;SC;S;386.4;False;;-48.7188;-26.3754
4201406;Araranguá;SC;S;305.1;False;;-49.4918;-28.9356
4201505;Armazém;SC;S;174.3;False;;-49.0215;-28.2448
4201604;Arroio Trinta;SC;S;94.6;False;;-51.3407;-26.9257
4201653;Arvoredo;SC;S;90.2;False;;-52.4543;-27.0748
4201703;Ascurra;SC;S;112.8;False;;-49.3783;-26.9548
4201802;Atalanta;SC;S;94.8;False;;-49.7789;-27.4219
4201901;Aurora;SC;S;208.1;False;;-49.6295;-27.3098
4201950;Balneário Arroio do Silva;SC;S;93.9;False;;-49.4237;-28.9806
4202008;Balneário Camboriú;SC;S;47.3;False;;-48.6352;-26.9926
4202057;Balneário Barra do Sul;SC;S;111.3;False;;-48.6123;-26.4597
4202073;Balneário Gaivota;SC;S;149.9;False;;-49.5841;-29.1527
4202081;Bandeirante;SC;S;146.6;False;;-53.6413;-26.7705
4202099;Barra Bonita;SC;S;94.0;False;;-53.44;-26.654
4202107;Barra Velha;SC;S;141.7;False;;-48.6933;-26.637
4202131;Bela Vista do Toldo;SC;S;537.5;False;;-50.4664;-26.2746
4202156;Belmonte;SC;S;93.9;False;;-53.5758;-26.843
4202206;Benedito Novo;SC;S;389.5;False;;-49.3593;-26.781
4202305;Biguaçu;SC;S;375.6;False;;-48.6598;-27.496
4202404;Blumenau;SC;S;522.7;False;;-49.0709;-26.9155
4202438;Bocaina do Sul;SC;S;513.7;False;;-49.9423;-27.7455
4202453;Bombinhas;SC;S;36.6;False;;-48.5146;-27.1382
4202503;Bom Jardim da Serra;SC;S;939.1;False;;-49.6373;-28.3377
4202537;Bom Jesus;SC;S;63.8;False;;-52.3919;-26.7326
4202578;Bom Jesus do Oeste;SC;S;68.0;False;;-53.0967;-26.6927
4202602;Bom Retiro;SC;S;1060.4;False;;-49.487;-27.799
4202701;Botuverá;SC;S;304.7;False;;-49.0689;-27.2007
4202800;Braço do Norte;SC;S;211.3;False;;-49.1701;-28.2681
4202859;Braço do Trombudo;SC;S;90.7;False;;-49.8821;-27.3586
4202875;Brunópolis;SC;S;335.7;False;;-50.8684;-27.3058
4202909;Brusque;SC;S;284.3;False;;-48.9107;-27.0977
4203006;Caçador;SC;S;985.8;False;;-51.012;-26.7757
4203105;Caibi;SC;S;172.2;False;;-53.2458;-27.0741
4203154;Calmon;SC;S;642.4;False;;-51.095;-26.5942
4203204;Camboriú;SC;S;214.7;False;;-48.6503;-27.0241
4203253;Capão Alto;SC;S;1340.2;False;;-50.5098;-27.9389
4203303;Campo Alegre;SC;S;498.5;False;;-49.2676;-26.195
4203402;Campo Belo do Sul;SC;S;1032.2;False;;-50.7595;-27.8975
4203501;Campo Erê;SC;S;481.2;False;;-53.0856;-26.3931
4203600;Campos Novos;SC;S;1727.0;False;;-51.2276;-27.4002
4203709;Canelinha;SC;S;153.3;False;;-48.7658;-27.2616
4203808;Canoinhas;SC;S;1149.1;False;;-50.395;-26.1766
4203907;Capinzal;SC;S;245.4;False;;-51.6057;-27.3473
4203956;Capivari de Baixo;SC;S;53.8;False;;-48.9631;-28.4498
4204004;Catanduvas;SC;S;198.7;False;;-51.6602;-27.069
4204103;Caxambu do Sul;SC;S;140.7;False;;-52.8807;-27.1624
4204152;Celso Ramos;SC;S;208.3;False;;-51.335;-27.6327
4204178;Cerro Negro;SC;S;417.7;False;;-50.8673;-27.7942
4204194;Chapadão do Lageado;SC;S;124.9;False;;-49.5539;-27.5905
4204202;Chapecó;SC;S;626.5;False;;-52.6152;-27.1004
4204251;Cocal do Sul;SC;S;71.8;False;;-49.3335;-28.5986
4204301;Concórdia;SC;S;801.2;False;;-52.026;-27.2335
4204350;Cordilheira Alta;SC;S;84.8;False;;-52.6056;-26.9844
4204400;Coronel Freitas;SC;S;234.8;False;;-52.7011;-26.9057
4204459;Coronel Martins;SC;S;108.1;False;;-52.6694;-26.511
4204509;Corupá;SC;S;406.1;False;;-49.246;-26.4246
4204558;Correia Pinto;SC;S;653.4;False;;-50.3614;-27.5877
4204608;Criciúma;SC;S;235.5;False;;-49.3729;-28.6723
4204707;Cunha Porã;SC;S;221.3;False;;-53.1662;-26.895
4204756;Cunhataí;SC;S;53.8;False;;-53.0895;-26.9709
4204806;Curitibanos;SC;S;954.9;False;;-50.5816;-27.2824
4204905;Descanso;SC;S;286.3;False;;-53.5034;-26.827
4205001;Dionísio Cerqueira;SC;S;379.4;False;;-53.6351;-26.2648
4205100;Dona Emma;SC;S;181.0;False;;-49.7261;-26.981
4205159;Doutor Pedrinho;SC;S;377.6;False;;-49.4795;-26.7174
4205175;Entre Rios;SC;S;105.9;False;;-52.5585;-26.7225
4205191;Ermo;SC;S;64.1;False;;-49.643;-28.9869
4205209;Erval Velho;SC;S;207.2;False;;-51.443;-27.2743
4205308;Faxinal dos Guedes;SC;S;340.1;False;;-52.2596;-26.8451
4205357;Flor do Sertão;SC;S;59.0;False;;-53.3505;-26.7811
4205407;Florianópolis;SC;S;675.6;True;;-48.5477;-27.5945
4205431;Formosa do Sul;SC;S;100.2;False;;-52.7946;-26.6453
4205456;Forquilhinha;SC;S;183.1;False;;-49.4785;-28.7454
4205506;Fraiburgo;SC;S;550.2;False;;-50.92;-27.0233
4205555;Frei Rogério;SC;S;158.9;False;;-50.8076;-27.175
4205605;Galvão;SC;S;122.1;False;;-52.6875;-26.4549
4205704;Garopaba;SC;S;116.1;False;;-48.6192;-28.0275
4205803;Garuva;SC;S;503.9;False;;-48.852;-26.0292
4205902;Gaspar;SC;S;388.8;False;;-48.9534;-26.9336
4206009;Governador Celso Ramos;SC;S;117.8;False;;-48.5576;-27.3172
4206108;Grão Pará;SC;S;337.7;False;;-49.2252;-28.1809
4206207;Gravatal;SC;S;168.7;False;;-49.0427;-28.3208
4206306;Guabiruba;SC;S;174.1;False;;-48.9804;-27.0808
4206405;Guaraciaba;SC;S;331.9;False;;-53.5243;-26.6042
4206504;Guaramirim;SC;S;269.0;False;;-49.0026;-26.4688
4206603;Guarujá do Sul;SC;S;101.2;False;;-53.5296;-26.3858
4206652;Guatambú;SC;S;205.1;False;;-52.7887;-27.1341
4206702;Herval d'Oeste;SC;S;217.1;False;;-51.4917;-27.1903
4206751;Ibiam;SC;S;148.5;False;;-51.2352;-27.1847
4206801;Ibicaré;SC;S;156.3;False;;-51.3681;-27.0881
4206900;Ibirama;SC;S;248.0;False;;-49.5193;-27.0547
4207007;Içara;SC;S;295.6;False;;-49.3087;-28.7132
4207106;Ilhota;SC;S;253.5;False;;-48.8251;-26.9023
4207205;Imaruí;SC;S;543.4;False;;-48.817;-28.3339
4207304;Imbituba;SC;S;183.4;False;;-48.6659;-28.2284
4207403;Imbuia;SC;S;121.7;False;;-49.4218;-27.4908
4207502;Indaial;SC;S;431.4;False;;-49.2354;-26.8992
4207577;Iomerê;SC;S;114.9;False;;-51.2442;-27.0019
4207601;Ipira;SC;S;155.5;False;;-51.7758;-27.4038
4207650;Iporã do Oeste;SC;S;203.8;False;;-53.5355;-26.9854
4207684;Ipuaçu;SC;S;261.7;False;;-52.4556;-26.635
4207700;Ipumirim;SC;S;248.5;False;;-52.1289;-27.0772
4207759;Iraceminha;SC;S;165.6;False;;-53.2767;-26.8215
4207809;Irani;SC;S;329.0;False;;-51.9012;-27.0287
4207858;Irati;SC;S;77.6;False;;-52.8955;-26.6539
4207908;Irineópolis;SC;S;593.1;False;;-50.7957;-26.242
4208005;Itá;SC;S;165.8;False;;-52.3212;-27.2907
4208104;Itaiópolis;SC;S;1300.0;False;;-49.9092;-26.339
4208203;Itajaí;SC;S;291.4;False;;-48.6705;-26.9101
4208302;Itapema;SC;S;60.1;False;;-48.616;-27.0861
4208401;Itapiranga;SC;S;281.7;False;;-53.7166;-27.1659
4208450;Itapoá;SC;S;258.7;False;;-48.6182;-26.1158
4208500;Ituporanga;SC;S;338.4;False;;-49.5963;-27.4101
4208609;Jaborá;SC;S;191.6;False;;-51.7279;-27.1782
4208708;Jacinto Machado;SC;S;430.0;False;;-49.7623;-28.9961
4208807;Jaguaruna;SC;S;331.0;False;;-49.0296;-28.6146
4208906;Jaraguá do Sul;SC;S;534.0;False;;-49.0713;-26.4851
4208955;Jardinópolis;SC;S;69.0;False;;-52.8625;-26.7191
4209003;Joaçaba;SC;S;233.3;False;;-51.5108;-27.1721
4209102;Joinville;SC;S;1152.0;False;;-48.8487;-26.3045
4209151;José Boiteux;SC;S;407.2;False;;-49.6286;-26.9566
4209177;Jupiá;SC;S;91.8;False;;-52.7298;-26.395
4209201;Lacerdópolis;SC;S;68.5;False;;-51.5577;-27.2579
4209300;Lages;SC;S;2640.5;False;;-50.3259;-27.815
4209409;Laguna;SC;S;449.3;False;;-48.7772;-28.4843
4209458;Lajeado Grande;SC;S;65.8;False;;-52.5648;-26.8576
4209508;Laurentino;SC;S;79.4;False;;-49.7331;-27.2173
4209607;Lauro Muller;SC;S;270.9;False;;-49.4035;-28.3859
4209706;Lebon Régis;SC;S;944.2;False;;-50.6921;-26.928
4209805;Leoberto Leal;SC;S;293.1;False;;-49.2789;-27.5081
4209854;Lindóia do Sul;SC;S;189.9;False;;-52.069;-27.0545
4209904;Lontras;SC;S;199.3;False;;-49.535;-27.1684
4210001;Luiz Alves;SC;S;260.3;False;;-48.9322;-26.7151
4210035;Luzerna;SC;S;117.7;False;;-51.4682;-27.1304
4210050;Macieira;SC;S;261.3;False;;-51.3705;-26.8552
4210100;Mafra;SC;S;1410.3;False;;-49.8086;-26.1159
4210209;Major Gercino;SC;S;286.1;False;;-48.9488;-27.4192
4210308;Major Vieira;SC;S;527.0;False;;-50.3266;-26.3709
4210407;Maracajá;SC;S;63.7;False;;-49.4605;-28.8463
4210506;Maravilha;SC;S;170.1;False;;-53.1737;-26.7665
4210555;Marema;SC;S;104.1;False;;-52.6264;-26.8024
4210605;Massaranduba;SC;S;375.9;False;;-49.0054;-26.6109
4210704;Matos Costa;SC;S;435.5;False;;-51.1501;-26.4709
4210803;Meleiro;SC;S;186.6;False;;-49.6378;-28.8244
4210852;Mirim Doce;SC;S;336.6;False;;-50.0786;-27.197
4210902;Modelo;SC;S;93.4;False;;-53.04;-26.7729
4211009;Mondaí;SC;S;201.9;False;;-53.4032;-27.1008
4211058;Monte Carlo;SC;S;193.6;False;;-50.9808;-27.2239
4211108;Monte Castelo;SC;S;563.5;False;;-50.2327;-26.461
4211207;Morro da Fumaça;SC;S;83.3;False;;-49.2169;-28.6511
4211256;Morro Grande;SC;S;257.4;False;;-49.7214;-28.8006
4211306;Navegantes;SC;S;112.5;False;;-48.6546;-26.8943
4211405;Nova Erechim;SC;S;63.8;False;;-52.9066;-26.8982
4211454;Nova Itaberaba;SC;S;138.7;False;;-52.8141;-26.9428
4211504;Nova Trento;SC;S;403.3;False;;-48.9298;-27.278
4211603;Nova Veneza;SC;S;294.6;False;;-49.5055;-28.6338
4211652;Novo Horizonte;SC;S;152.3;False;;-52.8281;-26.4442
4211702;Orleans;SC;S;553.6;False;;-49.2986;-28.3487
4211751;Otacílio Costa;SC;S;850.5;False;;-50.1231;-27.4789
4211801;Ouro;SC;S;213.7;False;;-51.6194;-27.3379
4211850;Ouro Verde;SC;S;190.0;False;;-52.3108;-26.692
4211876;Paial;SC;S;85.9;False;;-52.4975;-27.2541
4211892;Painel;SC;S;743.0;False;;-50.0972;-27.9234
4211900;Palhoça;SC;S;395.7;False;;-48.6697;-27.6455
4212007;Palma Sola;SC;S;332.6;False;;-53.2771;-26.3471
4212056;Palmeira;SC;S;294.0;False;;-50.1577;-27.583
4212106;Palmitos;SC;S;352.2;False;;-53.1586;-27.0702
4212205;Papanduva;SC;S;763.0;False;;-50.1419;-26.3777
4212239;Paraíso;SC;S;178.8;False;;-53.6716;-26.62
4212254;Passo de Torres;SC;S;95.9;False;;-49.722;-29.3099
4212270;Passos Maia;SC;S;617.4;False;;-52.0568;-26.7829
4212304;Paulo Lopes;SC;S;452.6;False;;-48.6864;-27.9607
4212403;Pedras Grandes;SC;S;172.1;False;;-49.1949;-28.4339
4212502;Penha;SC;S;59.3;False;;-48.6465;-26.7754
4212601;Peritiba;SC;S;97.1;False;;-51.9018;-27.3754
4212650;Pescaria Brava;SC;S;;False;;-48.8864;-28.3966
4212700;Petrolândia;SC;S;307.8;False;;-49.6937;-27.5346
4212809;Balneário Piçarras;SC;S;99.4;False;;-48.6717;-26.7639
4212908;Pinhalzinho;SC;S;128.9;False;;-52.9913;-26.8495
4213005;Pinheiro Preto;SC;S;66.0;False;;-51.2243;-27.0483
4213104;Piratuba;SC;S;146.0;False;;-51.7668;-27.4242
4213153;Planalto Alegre;SC;S;63.5;False;;-52.867;-27.0704
4213203;Pomerode;SC;S;216.2;False;;-49.1785;-26.7384
4213302;Ponte Alta;SC;S;569.9;False;;-50.3764;-27.4835
4213351;Ponte Alta do Norte;SC;S;402.9;False;;-50.4659;-27.1591
4213401;Ponte Serrada;SC;S;566.7;False;;-52.0112;-26.8733
4213500;Porto Belo;SC;S;92.7;False;;-48.5469;-27.1586
4213609;Porto União;SC;S;853.3;False;;-51.0759;-26.2451
4213708;Pouso Redondo;SC;S;361.4;False;;-49.9301;-27.2567
4213807;Praia Grande;SC;S;281.6;False;;-49.9525;-29.1918
4213906;Presidente Castello Branco;SC;S;65.8;False;;-51.8089;-27.2218
4214003;Presidente Getúlio;SC;S;296.1;False;;-49.6246;-27.0474
4214102;Presidente Nereu;SC;S;224.8;False;;-49.3889;-27.2768
4214151;Princesa;SC;S;86.2;False;;-53.5994;-26.4441
4214201;Quilombo;SC;S;278.8;False;;-52.724;-26.7264
4214300;Rancho Queimado;SC;S;287.5;False;;-49.0191;-27.6727
4214409;Rio das Antas;SC;S;316.3;False;;-51.0674;-26.8946
4214508;Rio do Campo;SC;S;508.5;False;;-50.136;-26.9452
4214607;Rio do Oeste;SC;S;246.4;False;;-49.7989;-27.1952
4214706;Rio dos Cedros;SC;S;558.2;False;;-49.2718;-26.7398
4214805;Rio do Sul;SC;S;259.9;False;;-49.643;-27.2156
4214904;Rio Fortuna;SC;S;301.9;False;;-49.1068;-28.1244
4215000;Rio Negrinho;SC;S;911.9;False;;-49.5177;-26.2591
4215059;Rio Rufino;SC;S;284.2;False;;-49.7754;-27.8592
4215075;Riqueza;SC;S;191.4;False;;-53.3265;-27.0653
4215109;Rodeio;SC;S;129.3;False;;-49.3649;-26.9243
4215208;Romelândia;SC;S;224.7;False;;-53.3172;-26.6809
4215307;Salete;SC;S;180.6;False;;-49.9988;-26.9798
4215356;Saltinho;SC;S;157.1;False;;-53.0578;-26.6049
4215406;Salto Veloso;SC;S;105.2;False;;-51.4043;-26.903
4215455;Sangão;SC;S;83.5;False;;-49.1322;-28.6326
4215505;Santa Cecília;SC;S;1151.0;False;;-50.4252;-26.9592
4215554;Santa Helena;SC;S;80.8;False;;-53.6214;-26.937
4215604;Santa Rosa de Lima;SC;S;204.4;False;;-49.133;-28.0331
4215653;Santa Rosa do Sul;SC;S;152.2;False;;-49.7109;-29.1313
4215679;Santa Terezinha;SC;S;719.6;False;;-50.009;-26.7813
4215687;Santa Terezinha do Progresso;SC;S;119.7;False;;-53.1997;-26.624
4215695;Santiago do Sul;SC;S;74.5;False;;-52.6799;-26.6388
4215703;Santo Amaro da Imperatriz;SC;S;347.3;False;;-48.7813;-27.6852
4215752;São Bernardino;SC;S;146.0;False;;-52.9687;-26.4739
4215802;São Bento do Sul;SC;S;496.5;False;;-49.3831;-26.2495
4215901;São Bonifácio;SC;S;463.5;False;;-48.9326;-27.9009
4216008;São Carlos;SC;S;159.7;False;;-53.0037;-27.0798
4216057;São Cristovão do Sul;SC;S;350.5;False;;-50.4388;-27.2666
4216107;São Domingos;SC;S;385.0;False;;-52.5313;-26.5548
4216206;São Francisco do Sul;SC;S;496.9;False;;-48.6344;-26.2579
4216255;São João do Oeste;SC;S;163.1;False;;-53.5977;-27.0984
4216305;São João Batista;SC;S;222.2;False;;-48.8474;-27.2772
4216354;São João do Itaperiú;SC;S;151.7;False;;-48.7683;-26.6213
4216404;São João do Sul;SC;S;184.2;False;;-49.8094;-29.2154
4216503;São Joaquim;SC;S;1893.1;False;;-49.9457;-28.2887
4216602;São José;SC;S;152.5;False;;-48.6366;-27.6136
4216701;São José do Cedro;SC;S;280.7;False;;-53.4955;-26.4561
4216800;São José do Cerrito;SC;S;951.2;False;;-50.5733;-27.6602
4216909;São Lourenço do Oeste;SC;S;363.0;False;;-52.8498;-26.3557
4217006;São Ludgero;SC;S;107.8;False;;-49.1806;-28.3144
4217105;São Martinho;SC;S;225.3;False;;-48.9867;-28.1609
4217154;São Miguel da Boa Vista;SC;S;71.9;False;;-53.2511;-26.687
4217204;São Miguel do Oeste;SC;S;235.6;False;;-53.5163;-26.7242
4217253;São Pedro de Alcântara;SC;S;140.3;False;;-48.8048;-27.5665
4217303;Saudades;SC;S;207.0;False;;-53.0021;-26.9317
4217402;Schroeder;SC;S;144.3;False;;-49.074;-26.4116
4217501;Seara;SC;S;313.3;False;;-52.299;-27.1564
4217550;Serra Alta;SC;S;90.0;False;;-53.0409;-26.7229
4217600;Siderópolis;SC;S;263.6;False;;-49.4314;-28.5955
4217709;Sombrio;SC;S;143.0;False;;-49.6328;-29.108
4217758;Sul Brasil;SC;S;113.4;False;;-52.964;-26.7351
4217808;Taió;SC;S;694.7;False;;-49.9942;-27.121
4217907;Tangará;SC;S;391.5;False;;-51.2473;-27.0996
4217956;Tigrinhos;SC;S;58.2;False;;-53.1545;-26.6876
4218004;Tijucas;SC;S;277.8;False;;-48.6322;-27.2354
4218103;Timbé do Sul;SC;S;334.3;False;;-49.842;-28.8287
4218202;Timbó;SC;S;127.6;False;;-49.269;-26.8246
4218251;Timbó Grande;SC;S;600.1;False;;-50.6607;-26.6127
4218301;Três Barras;SC;S;439.9;False;;-50.3197;-26.1056
4218350;Treviso;SC;S;157.9;False;;-49.4634;-28.5097
4218400;Treze de Maio;SC;S;161.0;False;;-49.1565;-28.5537
4218509;Treze Tílias;SC;S;186.0;False;;-51.4084;-27.0026
4218608;Trombudo Central;SC;S;109.0;False;;-49.793;-27.3033
4218707;Tubarão;SC;S;302.1;False;;-49.0144;-28.4713
4218756;Tunápolis;SC;S;133.6;False;;-53.6417;-26.9681
4218806;Turvo;SC;S;235.7;False;;-49.6831;-28.9272
4218855;União do Oeste;SC;S;93.8;False;;-52.8541;-26.762
4218905;Urubici;SC;S;1021.4;False;;-49.5925;-28.0157
4218954;Urupema;SC;S;354.4;False;;-49.8729;-27.9557
4219002;Urussanga;SC;S;241.3;False;;-49.3238;-28.518
4219101;Vargeão;SC;S;167.5;False;;-52.1549;-26.8621
4219150;Vargem;SC;S;352.1;False;;-50.9724;-27.4867
4219176;Vargem Bonita;SC;S;300.1;False;;-51.7402;-27.0055
4219200;Vidal Ramos;SC;S;340.9;False;;-49.3593;-27.3886
4219309;Videira;SC;S;379.2;False;;-51.1543;-27.0086
4219358;Vitor Meireles;SC;S;373.2;False;;-49.8328;-26.8782
4219408;Witmarsum;SC;S;151.4;False;;-49.7947;-26.9275
4219507;Xanxerê;SC;S;379.5;False;;-52.4036;-26.8747
4219606;Xavantina;SC;S;217.2;False;;-52.343;-27.0667
4219705;Xaxim;SC;S;296.6;False;;-52.5374;-26.9596
4219853;Zortéa;SC;S;191.6;False;;-51.552;-27.4521
4220000;Balneário Rincão;SC;S;;False;;-49.2352;-28.8314
4300034;Aceguá;RS;S;1555.2;False;;-54.1615;-31.8665
4300059;Água Santa;RS;S;293.6;False;;-52.031;-28.1672
4300109;Agudo;RS;S;536.3;False;;-53.2515;-29.6447
4300208;Ajuricaba;RS;S;323.0;False;;-53.7757;-28.2342
4300307;Alecrim;RS;S;315.9;False;;-54.7649;-27.6579
4300406;Alegrete;RS;S;7829.0;False;;-55.7949;-29.7902
4300455;Alegria;RS;S;173.1;False;;-54.0557;-27.8345
4300471;Almirante Tamandaré do Sul;RS;S;267.0;False;;-52.9142;-28.1149
4300505;Alpestre;RS;S;329.3;False;;-53.0341;-27.2502
4300554;Alto Alegre;RS;S;115.3;False;;-52.9893;-28.7769
4300570;Alto Feliz;RS;S;79.0;False;;-51.3123;-29.3919
4300604;Alvorada;RS;S;71.3;False;;-51.0809;-29.9914
4300638;Amaral Ferrador;RS;S;509.4;False;;-52.2509;-30.8756
4300646;Ametista do Sul;RS;S;94.3;False;;-53.183;-27.3607
4300661;André da Rocha;RS;S;330.7;False;;-51.5797;-28.6283
4300703;Anta Gorda;RS;S;244.2;False;;-52.0102;-28.9698
4300802;Antônio Prado;RS;S;348.8;False;;-51.2883;-28.8565
4300851;Arambaré;RS;S;523.3;False;;-51.5046;-30.9092
4300877;Araricá;RS;S;35.5;False;;-50.9291;-29.6168
4300901;Aratiba;RS;S;341.5;False;;-52.2975;-27.3978
4301008;Arroio do Meio;RS;S;156.6;False;;-51.9557;-29.4014
4301057;Arroio do Sal;RS;S;122.8;False;;-49.8895;-29.5439
4301073;Arroio do Padre;RS;S;124.6;False;;-52.4246;-31.4389
4301107;Arroio dos Ratos;RS;S;427.7;False;;-51.7275;-30.0875
4301206;Arroio do Tigre;RS;S;319.8;False;;-53.0966;-29.3348
4301305;Arroio Grande;RS;S;2520.4;False;;-53.0862;-32.2327
4301404;Arvorezinha;RS;S;272.1;False;;-52.1781;-28.8737
4301503;Augusto Pestana;RS;S;349.8;False;;-53.9883;-28.5172
4301552;Áurea;RS;S;158.6;False;;-52.0505;-27.6936
4301602;Bagé;RS;S;4107.0;False;;-54.0999;-31.3297
4301636;Balneário Pinhal;RS;S;104.6;False;;-50.2337;-30.2419
4301651;Barão;RS;S;124.9;False;;-51.4949;-29.3725
4301701;Barão de Cotegipe;RS;S;262.0;False;;-52.3798;-27.6208
4301750;Barão do Triunfo;RS;S;438.0;False;;-51.7384;-30.3891
4301800;Barracão;RS;S;518.4;False;;-51.4585;-27.6739
4301859;Barra do Guarita;RS;S;64.3;False;;-53.7109;-27.1927
4301875;Barra do Quaraí;RS;S;1062.4;False;;-57.5497;-30.2029
4301909;Barra do Ribeiro;RS;S;733.1;False;;-51.3014;-30.2939
4301925;Barra do Rio Azul;RS;S;147.8;False;;-52.4084;-27.4069
4301958;Barra Funda;RS;S;60.7;False;;-53.0391;-27.9205
4302006;Barros Cassal;RS;S;650.2;False;;-52.5836;-29.0947
4302055;Benjamin Constant do Sul;RS;S;132.4;False;;-52.5995;-27.5086
4302105;Bento Gonçalves;RS;S;383.7;False;;-51.5165;-29.1662
4302154;Boa Vista das Missões;RS;S;195.1;False;;-53.3102;-27.6671
4302204;Boa Vista do Buricá;RS;S;109.3;False;;-54.1082;-27.6693
4302220;Boa Vista do Cadeado;RS;S;701.8;False;;-53.8108;-28.5791
4302238;Boa Vista do Incra;RS;S;505.8;False;;-53.391;-28.8185
4302253;Boa Vista do Sul;RS;S;94.3;False;;-51.6687;-29.3544
4302303;Bom Jesus;RS;S;2635.0;False;;-50.4295;-28.6697
4302352;Bom Princípio;RS;S;87.9;False;;-51.3548;-29.4856
4302378;Bom Progresso;RS;S;89.3;False;;-53.8716;-27.5399
4302402;Bom Retiro do Sul;RS;S;103.2;False;;-51.9456;-29.6071
4302451;Boqueirão do Leão;RS;S;265.9;False;;-52.4284;-29.3046
4302501;Bossoroca;RS;S;1617.7;False;;-54.9035;-28.7291
4302584;Bozano;RS;S;202.7;False;;-53.772;-28.3659
4302600;Braga;RS;S;129.7;False;;-53.7405;-27.6173
4302659;Brochier;RS;S;109.8;False;;-51.5945;-29.5501
4302709;Butiá;RS;S;754.9;False;;-51.9601;-30.1179
4302808;Caçapava do Sul;RS;S;3057.3;False;;-53.4827;-30.5144
4302907;Cacequi;RS;S;2376.5;False;;-54.822;-29.8883
4303004;Cachoeira do Sul;RS;S;3747.3;False;;-52.8928;-30.033
4303103;Cachoeirinha;RS;S;44.0;False;;-51.1016;-29.9472
4303202;Cacique Doble;RS;S;206.1;False;;-51.6597;-27.767
4303301;Caibaté;RS;S;259.2;False;;-54.6454;-28.2905
4303400;Caiçara;RS;S;190.3;False;;-53.4257;-27.2791
4303509;Camaquã;RS;S;1681.5;False;;-51.8043;-30.8489
4303558;Camargo;RS;S;138.7;False;;-52.2003;-28.588
4303608;Cambará do Sul;RS;S;1215.7;False;;-50.1465;-29.0474
4303673;Campestre da Serra;RS;S;538.6;False;;-51.0941;-28.7926
4303707;Campina das Missões;RS;S;226.2;False;;-54.8416;-27.9888
4303806;Campinas do Sul;RS;S;263.4;False;;-52.6248;-27.7174
4303905;Campo Bom;RS;S;61.3;False;;-51.0606;-29.6747
4304002;Campo Novo;RS;S;223.3;False;;-53.8052;-27.6792
4304101;Campos Borges;RS;S;238.3;False;;-53.0008;-28.8871
4304200;Candelária;RS;S;947.5;False;;-52.7895;-29.6684
4304309;Cândido Godói;RS;S;246.9;False;;-54.7517;-27.9515
4304358;Candiota;RS;S;938.5;False;;-53.6773;-31.5516
4304408;Canela;RS;S;254.8;False;;-50.8119;-29.356
4304507;Canguçu;RS;S;3535.9;False;;-52.6783;-31.396
4304606;Canoas;RS;S;131.5;False;;-51.1857;-29.9128
4304614;Canudos do Vale;RS;S;83.2;False;;-52.2374;-29.3271
4304622;Capão Bonito do Sul;RS;S;528.4;False;;-51.3961;-28.1254
4304630;Capão da Canoa;RS;S;98.1;False;;-50.0282;-29.7642
4304655;Capão do Cipó;RS;S;1011.6;False;;-54.5558;-28.9312
4304663;Capão do Leão;RS;S;786.0;False;;-52.4889;-31.7565
4304671;Capivari do Sul;RS;S;414.6;False;;-50.5152;-30.1383
4304689;Capela de Santana;RS;S;183.8;False;;-51.328;-29.6961
4304697;Capitão;RS;S;74.4;False;;-51.9853;-29.2674
4304705;Carazinho;RS;S;666.2;False;;-52.7933;-28.2958
4304713;Caraá;RS;S;296.4;False;;-50.4316;-29.7869
4304804;Carlos Barbosa;RS;S;230.3;False;;-51.5028;-29.2969
4304853;Carlos Gomes;RS;S;83.3;False;;-51.9121;-27.7167
4304903;Casca;RS;S;272.8;False;;-51.9815;-28.5605
4304952;Caseiros;RS;S;237.5;False;;-51.6861;-28.2582
4305009;Catuípe;RS;S;586.8;False;;-54.0132;-28.2554
4305108;Caxias do Sul;RS;S;1649.9;False;;-51.1792;-29.1629
4305116;Centenário;RS;S;134.8;False;;-51.9984;-27.7615
4305124;Cerrito;RS;S;453.2;False;;-52.8004;-31.8419
4305132;Cerro Branco;RS;S;158.7;False;;-52.9406;-29.657
4305157;Cerro Grande;RS;S;73.6;False;;-53.1672;-27.6106
4305173;Cerro Grande do Sul;RS;S;325.1;False;;-51.7418;-30.5905
4305207;Cerro Largo;RS;S;178.4;False;;-54.7428;-28.1463
4305306;Chapada;RS;S;687.1;False;;-53.0665;-28.0559
4305355;Charqueadas;RS;S;217.4;False;;-51.6289;-29.9625
4305371;Charrua;RS;S;199.6;False;;-52.015;-27.9493
4305405;Chiapetta;RS;S;398.4;False;;-53.9419;-27.923
4305439;Chuí;RS;S;203.1;False;;-53.4594;-33.6866
4305447;Chuvisca;RS;S;221.7;False;;-51.9737;-30.7504
4305454;Cidreira;RS;S;246.3;False;;-50.2337;-30.1604
4305504;Ciríaco;RS;S;274.6;False;;-51.8741;-28.3419
4305587;Colinas;RS;S;59.0;False;;-51.8556;-29.3948
4305603;Colorado;RS;S;286.4;False;;-52.9928;-28.5258
4305702;Condor;RS;S;467.9;False;;-53.4905;-28.2075
4305801;Constantina;RS;S;202.8;False;;-52.9938;-27.732
4305835;Coqueiro Baixo;RS;S;112.7;False;;-52.0942;-29.1802
4305850;Coqueiros do Sul;RS;S;276.7;False;;-52.7842;-28.1194
4305871;Coronel Barros;RS;S;162.3;False;;-54.0686;-28.3921
4305900;Coronel Bicaco;RS;S;493.8;False;;-53.7022;-27.7197
4305934;Coronel Pilar;RS;S;104.6;False;;-51.6847;-29.2695
4305959;Cotiporã;RS;S;173.7;False;;-51.6971;-28.9891
4305975;Coxilha;RS;S;424.8;False;;-52.3023;-28.128
4306007;Crissiumal;RS;S;364.5;False;;-54.0994;-27.4999
4306056;Cristal;RS;S;682.1;False;;-52.0436;-31.0046
4306072;Cristal do Sul;RS;S;98.2;False;;-53.2422;-27.452
4306106;Cruz Alta;RS;S;1366.3;False;;-53.6048;-28.645
4306130;Cruzaltense;RS;S;166.5;False;;-52.6522;-27.6672
4306205;Cruzeiro do Sul;RS;S;155.4;False;;-51.9928;-29.5148
4306304;David Canabarro;RS;S;175.9;False;;-51.8482;-28.3849
4306320;Derrubadas;RS;S;361.9;False;;-53.8645;-27.2642
4306353;Dezesseis de Novembro;RS;S;218.0;False;;-55.0617;-28.219
4306379;Dilermando de Aguiar;RS;S;603.8;False;;-54.2122;-29.7054
4306403;Dois Irmãos;RS;S;65.8;False;;-51.0898;-29.5836
4306429;Dois Irmãos das Missões;RS;S;226.2;False;;-53.5304;-27.6621
4306452;Dois Lajeados;RS;S;133.4;False;;-51.8396;-28.983
4306502;Dom Feliciano;RS;S;1360.9;False;;-52.1026;-30.7004
4306551;Dom Pedro de Alcântara;RS;S;78.6;False;;-49.853;-29.3639
4306601;Dom Pedrito;RS;S;5208.5;False;;-54.6694;-30.9756
4306700;Dona Francisca;RS;S;114.8;False;;-53.3617;-29.6195
4306734;Doutor Maurício Cardoso;RS;S;256.6;False;;-54.3577;-27.5103
4306759;Doutor Ricardo;RS;S;108.5;False;;-51.9972;-29.084
4306767;Eldorado do Sul;RS;S;512.1;False;;-51.6187;-30.0847
4306809;Encantado;RS;S;140.2;False;;-51.8703;-29.2351
4306908;Encruzilhada do Sul;RS;S;3358.1;False;;-52.5204;-30.543
4306924;Engenho Velho;RS;S;72.2;False;;-52.9145;-27.706
4306932;Entre-Ijuís;RS;S;555.2;False;;-54.2686;-28.3686
4306957;Entre Rios do Sul;RS;S;119.8;False;;-52.7347;-27.5298
4306973;Erebango;RS;S;153.1;False;;-52.3005;-27.8544
4307005;Erechim;RS;S;431.8;False;;-52.2697;-27.6364
4307054;Ernestina;RS;S;241.3;False;;-52.5836;-28.4977
4307104;Herval;RS;S;1762.8;False;;-53.3944;-32.024
4307203;Erval Grande;RS;S;287.5;False;;-52.574;-27.3926
4307302;Erval Seco;RS;S;365.4;False;;-53.5005;-27.5443
4307401;Esmeralda;RS;S;836.0;False;;-51.1933;-28.0518
4307450;Esperança do Sul;RS;S;149.0;False;;-53.9891;-27.3603
4307500;Espumoso;RS;S;786.4;False;;-52.8461;-28.7286
4307559;Estação;RS;S;101.5;False;;-52.2635;-27.9135
4307609;Estância Velha;RS;S;52.9;False;;-51.1843;-29.6535
4307708;Esteio;RS;S;27.4;False;;-51.1841;-29.852
4307807;Estrela;RS;S;184.9;False;;-51.9495;-29.5002
4307815;Estrela Velha;RS;S;282.5;False;;-53.1639;-29.1713
4307831;Eugênio de Castro;RS;S;420.2;False;;-54.1506;-28.5315
4307864;Fagundes Varela;RS;S;134.2;False;;-51.7014;-28.8794
4307906;Farroupilha;RS;S;362.7;False;;-51.3419;-29.2227
4308003;Faxinal do Soturno;RS;S;170.5;False;;-53.4484;-29.5788
4308052;Faxinalzinho;RS;S;143.4;False;;-52.6789;-27.4238
4308078;Fazenda Vilanova;RS;S;84.1;False;;-51.8217;-29.5885
4308102;Feliz;RS;S;95.8;False;;-51.3032;-29.4527
4308201;Flores da Cunha;RS;S;274.2;False;;-51.1875;-29.0261
4308250;Floriano Peixoto;RS;S;168.1;False;;-52.0838;-27.8614
4308300;Fontoura Xavier;RS;S;586.0;False;;-52.3445;-28.9817
4308409;Formigueiro;RS;S;582.5;False;;-53.4959;-30.0035
4308433;Forquetinha;RS;S;93.2;False;;-52.0981;-29.3828
4308458;Fortaleza dos Valos;RS;S;652.3;False;;-53.2249;-28.7986
4308508;Frederico Westphalen;RS;S;265.2;False;;-53.3958;-27.3586
4308607;Garibaldi;RS;S;168.6;False;;-51.5352;-29.259
4308656;Garruchos;RS;S;802.1;False;;-55.6383;-28.1944
4308706;Gaurama;RS;S;205.4;False;;-52.0915;-27.5856
4308805;General Câmara;RS;S;511.7;False;;-51.7612;-29.9032
4308854;Gentil;RS;S;184.5;False;;-52.0337;-28.4316
4308904;Getúlio Vargas;RS;S;287.7;False;;-52.2294;-27.8911
4309001;Giruá;RS;S;859.4;False;;-54.3517;-28.0297
4309050;Glorinha;RS;S;325.5;False;;-50.7734;-29.8798
4309100;Gramado;RS;S;237.5;False;;-50.8762;-29.3734
4309126;Gramado dos Loureiros;RS;S;133.1;False;;-52.9149;-27.4429
4309159;Gramado Xavier;RS;S;218.1;False;;-52.5795;-29.2706
4309209;Gravataí;RS;S;465.0;False;;-50.9869;-29.9413
4309258;Guabiju;RS;S;149.6;False;;-51.6948;-28.5421
4309308;Guaíba;RS;S;376.8;False;;-51.3233;-30.1086
4309407;Guaporé;RS;S;298.4;False;;-51.8895;-28.8399
4309506;Guarani das Missões;RS;S;291.6;False;;-54.5629;-28.1491
4309555;Harmonia;RS;S;48.2;False;;-51.4185;-29.5456
4309571;Herveiras;RS;S;118.5;False;;-52.6553;-29.4552
4309605;Horizontina;RS;S;230.0;False;;-54.3053;-27.6282
4309654;Hulha Negra;RS;S;824.4;False;;-53.8667;-31.4067
4309704;Humaitá;RS;S;135.3;False;;-53.9695;-27.5691
4309753;Ibarama;RS;S;193.3;False;;-53.1295;-29.4203
4309803;Ibiaçá;RS;S;349.3;False;;-51.8599;-28.0566
4309902;Ibiraiaras;RS;S;302.0;False;;-51.6377;-28.3741
4309951;Ibirapuitã;RS;S;307.4;False;;-52.5158;-28.6247
4310009;Ibirubá;RS;S;613.1;False;;-53.0961;-28.6302
4310108;Igrejinha;RS;S;136.0;False;;-50.7919;-29.5693
4310207;Ijuí;RS;S;691.4;False;;-53.92;-28.388
4310306;Ilópolis;RS;S;117.3;False;;-52.1258;-28.9282
4310330;Imbé;RS;S;40.4;False;;-50.1281;-29.9753
4310363;Imigrante;RS;S;74.5;False;;-51.7748;-29.3508
4310405;Independência;RS;S;359.3;False;;-54.1886;-27.8354
4310413;Inhacorá;RS;S;114.2;False;;-54.015;-27.8752
4310439;Ipê;RS;S;602.6;False;;-51.2859;-28.8171
4310462;Ipiranga do Sul;RS;S;157.4;False;;-52.4271;-27.9404
4310504;Iraí;RS;S;182.6;False;;-53.2543;-27.1951
4310538;Itaara;RS;S;172.5;False;;-53.7725;-29.6013
4310553;Itacurubi;RS;S;1123.9;False;;-55.2447;-28.7913
4310579;Itapuca;RS;S;184.3;False;;-52.1693;-28.7768
4310603;Itaqui;RS;S;3414.3;False;;-56.5515;-29.1311
4310652;Itati;RS;S;203.1;False;;-50.1016;-29.4974
4310702;Itatiba do Sul;RS;S;213.2;False;;-52.4538;-27.3846
4310751;Ivorá;RS;S;122.9;False;;-53.5842;-29.5232
4310801;Ivoti;RS;S;63.2;False;;-51.1533;-29.5995
4310850;Jaboticaba;RS;S;128.1;False;;-53.2762;-27.6347
4310876;Jacuizinho;RS;S;328.9;False;;-53.0657;-29.0401
4310900;Jacutinga;RS;S;179.5;False;;-52.5372;-27.7291
4311007;Jaguarão;RS;S;2061.2;False;;-53.377;-32.5604
4311106;Jaguari;RS;S;675.9;False;;-54.703;-29.4936
4311122;Jaquirana;RS;S;909.4;False;;-50.3637;-28.8811
4311130;Jari;RS;S;857.7;False;;-54.2237;-29.2922
4311155;Jóia;RS;S;1241.0;False;;-54.1141;-28.6435
4311205;Júlio de Castilhos;RS;S;1936.6;False;;-53.6772;-29.2299
4311239;Lagoa Bonita do Sul;RS;S;108.9;False;;-53.017;-29.4939
4311254;Lagoão;RS;S;385.1;False;;-52.7997;-29.2348
4311270;Lagoa dos Três Cantos;RS;S;138.7;False;;-52.8618;-28.5676
4311304;Lagoa Vermelha;RS;S;1265.6;False;;-51.5248;-28.2093
4311403;Lajeado;RS;S;91.3;False;;-51.9644;-29.4591
4311429;Lajeado do Bugre;RS;S;68.7;False;;-53.1818;-27.6913
4311502;Lavras do Sul;RS;S;2608.7;False;;-53.8931;-30.8071
4311601;Liberato Salzano;RS;S;247.7;False;;-53.0753;-27.601
4311627;Lindolfo Collor;RS;S;33.0;False;;-51.2141;-29.5859
4311643;Linha Nova;RS;S;64.4;False;;-51.2003;-29.4679
4311700;Machadinho;RS;S;333.5;False;;-51.6668;-27.5667
4311718;Maçambará;RS;S;1691.0;False;;-56.0674;-29.1445
4311734;Mampituba;RS;S;158.1;False;;-49.9311;-29.2136
4311759;Manoel Viana;RS;S;1397.0;False;;-55.4841;-29.5859
4311775;Maquiné;RS;S;625.5;False;;-50.2079;-29.6798
4311791;Maratá;RS;S;81.2;False;;-51.5573;-29.5457
4311809;Marau;RS;S;651.1;False;;-52.1986;-28.4498
4311908;Marcelino Ramos;RS;S;231.1;False;;-51.9095;-27.4676
4311981;Mariana Pimentel;RS;S;338.7;False;;-51.5803;-30.353
4312005;Mariano Moro;RS;S;99.6;False;;-52.1467;-27.3568
4312054;Marques de Souza;RS;S;126.2;False;;-52.0973;-29.3311
4312104;Mata;RS;S;312.7;False;;-54.4641;-29.5649
4312138;Mato Castelhano;RS;S;239.3;False;;-52.1932;-28.28
4312153;Mato Leitão;RS;S;46.2;False;;-52.1278;-29.5285
4312179;Mato Queimado;RS;S;115.1;False;;-54.6159;-28.252
4312203;Maximiliano de Almeida;RS;S;210.5;False;;-51.802;-27.6325
4312252;Minas do Leão;RS;S;425.7;False;;-52.0423;-30.1346
4312302;Miraguaí;RS;S;129.9;False;;-53.6891;-27.497
4312351;Montauri;RS;S;81.7;False;;-52.0767;-28.6462
4312377;Monte Alegre dos Campos;RS;S;552.6;False;;-50.7834;-28.6805
4312385;Monte Belo do Sul;RS;S;68.7;False;;-51.6333;-29.1607
4312401;Montenegro;RS;S;420.9;False;;-51.4679;-29.6824
4312427;Mormaço;RS;S;147.3;False;;-52.6999;-28.6968
4312443;Morrinhos do Sul;RS;S;166.1;False;;-49.9328;-29.3578
4312450;Morro Redondo;RS;S;246.6;False;;-52.6261;-31.5887
4312476;Morro Reuter;RS;S;87.7;False;;-51.0811;-29.5379
4312500;Mostardas;RS;S;1989.5;False;;-50.9167;-31.1054
4312609;Muçum;RS;S;111.0;False;;-51.8714;-29.163
4312617;Muitos Capões;RS;S;1198.2;False;;-51.1836;-28.3132
4312625;Muliterno;RS;S;111.1;False;;-51.7697;-28.3253
4312658;Não-Me-Toque;RS;S;363.4;False;;-52.8182;-28.4548
4312674;Nicolau Vergueiro;RS;S;157.4;False;;-52.4676;-28.5298
4312708;Nonoai;RS;S;471.3;False;;-52.7756;-27.3689
4312757;Nova Alvorada;RS;S;150.4;False;;-52.1631;-28.6822
4312807;Nova Araçá;RS;S;74.9;False;;-51.7458;-28.6537
4312906;Nova Bassano;RS;S;212.0;False;;-51.7072;-28.7291
4312955;Nova Boa Vista;RS;S;95.0;False;;-52.9784;-27.9926
4313003;Nova Bréscia;RS;S;103.1;False;;-52.0319;-29.2182
4313011;Nova Candelária;RS;S;98.5;False;;-54.1074;-27.6137
4313037;Nova Esperança do Sul;RS;S;191.9;False;;-54.8293;-29.4066
4313060;Nova Hartz;RS;S;62.9;False;;-50.9051;-29.5808
4313086;Nova Pádua;RS;S;102.7;False;;-51.3098;-29.0275
4313102;Nova Palma;RS;S;315.1;False;;-53.4689;-29.471
4313201;Nova Petrópolis;RS;S;292.5;False;;-51.1136;-29.3741
4313300;Nova Prata;RS;S;259.7;False;;-51.6113;-28.7799
4313334;Nova Ramada;RS;S;255.6;False;;-53.6992;-28.0667
4313359;Nova Roma do Sul;RS;S;149.7;False;;-51.4095;-28.9882
4313375;Nova Santa Rita;RS;S;218.8;False;;-51.2837;-29.8525
4313391;Novo Cabrais;RS;S;194.4;False;;-52.9489;-29.7338
4313409;Novo Hamburgo;RS;S;224.0;False;;-51.1328;-29.6875
4313425;Novo Machado;RS;S;219.3;False;;-54.5036;-27.5765
4313441;Novo Tiradentes;RS;S;75.8;False;;-53.1837;-27.5649
4313466;Novo Xingu;RS;S;81.0;False;;-53.0639;-27.749
4313490;Novo Barreiro;RS;S;124.6;False;;-53.1103;-27.9077
4313508;Osório;RS;S;663.8;False;;-50.2667;-29.8881
4313607;Paim Filho;RS;S;182.2;False;;-51.763;-27.7075
4313656;Palmares do Sul;RS;S;952.0;False;;-50.5103;-30.2535
4313706;Palmeira das Missões;RS;S;1419.4;False;;-53.3134;-27.9007
4313805;Palmitinho;RS;S;144.1;False;;-53.558;-27.3596
4313904;Panambi;RS;S;492.9;False;;-53.5023;-28.2833
4313953;Pantano Grande;RS;S;843.6;False;;-52.3729;-30.1902
4314001;Paraí;RS;S;120.6;False;;-51.7896;-28.5964
4314027;Paraíso do Sul;RS;S;338.7;False;;-53.144;-29.6717
4314035;Pareci Novo;RS;S;58.0;False;;-51.3974;-29.6365
4314050;Parobé;RS;S;109.0;False;;-50.8312;-29.6243
4314068;Passa Sete;RS;S;305.9;False;;-52.9599;-29.4577
4314076;Passo do Sobrado;RS;S;267.0;False;;-52.2748;-29.748
4314100;Passo Fundo;RS;S;782.4;False;;-52.4091;-28.2576
4314134;Paulo Bento;RS;S;148.7;False;;-52.4169;-27.7051
4314159;Paverama;RS;S;172.1;False;;-51.7339;-29.5486
4314175;Pedras Altas;RS;S;1380.2;False;;-53.5814;-31.7365
4314209;Pedro Osório;RS;S;610.0;False;;-52.8184;-31.8642
4314308;Pejuçara;RS;S;414.3;False;;-53.6579;-28.4283
4314407;Pelotas;RS;S;1616.8;False;;-52.3371;-31.7649
4314423;Picada Café;RS;S;85.8;False;;-51.1367;-29.4464
4314456;Pinhal;RS;S;68.3;False;;-53.2082;-27.508
4314464;Pinhal da Serra;RS;S;435.5;False;;-51.1673;-27.8751
4314472;Pinhal Grande;RS;S;478.6;False;;-53.3206;-29.345
4314498;Pinheirinho do Vale;RS;S;105.3;False;;-53.608;-27.2109
4314506;Pinheiro Machado;RS;S;2256.5;False;;-53.3798;-31.5794
4314548;Pinto Bandeira;RS;S;;False;;-51.4503;-29.0975
4314555;Pirapó;RS;S;293.1;False;;-55.2001;-28.0439
4314605;Piratini;RS;S;3550.1;False;;-53.0973;-31.4473
4314704;Planalto;RS;S;231.5;False;;-53.0575;-27.3297
4314753;Poço das Antas;RS;S;62.7;False;;-51.6719;-29.4481
4314779;Pontão;RS;S;507.7;False;;-52.6791;-28.0585
4314787;Ponte Preta;RS;S;100.2;False;;-52.4848;-27.6587
4314803;Portão;RS;S;160.5;False;;-51.2429;-29.7015
4314902;Porto Alegre;RS;S;500.6;True;;-51.2065;-30.0318
4315008;Porto Lucena;RS;S;250.8;False;;-55.01;-27.8569
4315057;Porto Mauá;RS;S;106.7;False;;-54.6657;-27.5796
4315073;Porto Vera Cruz;RS;S;113.3;False;;-54.8994;-27.7405
4315107;Porto Xavier;RS;S;280.1;False;;-55.1379;-27.9082
4315131;Pouso Novo;RS;S;107.1;False;;-52.2136;-29.1738
4315149;Presidente Lucena;RS;S;49.4;False;;-51.1798;-29.5175
4315156;Progresso;RS;S;256.5;False;;-52.3197;-29.2441
4315172;Protásio Alves;RS;S;174.0;False;;-51.4757;-28.7572
4315206;Putinga;RS;S;205.4;False;;-52.1569;-29.0045
4315305;Quaraí;RS;S;3159.1;False;;-56.4483;-30.384
4315313;Quatro Irmãos;RS;S;270.3;False;;-52.4424;-27.8257
4315321;Quevedos;RS;S;544.7;False;;-54.0789;-29.3504
4315354;Quinze de Novembro;RS;S;224.2;False;;-53.1011;-28.7466
4315404;Redentora;RS;S;303.9;False;;-53.6407;-27.664
4315453;Relvado;RS;S;124.5;False;;-52.0778;-29.1164
4315503;Restinga Sêca;RS;S;963.5;False;;-53.3807;-29.8188
4315552;Rio dos Índios;RS;S;238.6;False;;-52.8417;-27.2973
4315602;Rio Grande;RS;S;2723.7;False;;-52.1071;-32.0349
4315701;Rio Pardo;RS;S;2058.3;False;;-52.3711;-29.988
4315750;Riozinho;RS;S;240.2;False;;-50.4488;-29.639
4315800;Roca Sales;RS;S;209.8;False;;-51.8658;-29.2884
4315909;Rodeio Bonito;RS;S;82.8;False;;-53.1706;-27.4742
4315958;Rolador;RS;S;296.2;False;;-54.8186;-28.2566
4316006;Rolante;RS;S;297.8;False;;-50.5819;-29.6462
4316105;Ronda Alta;RS;S;427.0;False;;-52.8056;-27.7758
4316204;Rondinha;RS;S;253.2;False;;-52.9081;-27.8315
4316303;Roque Gonzales;RS;S;348.3;False;;-55.0266;-28.1297
4316402;Rosário do Sul;RS;S;4382.8;False;;-54.9221;-30.2515
4316428;Sagrada Família;RS;S;78.5;False;;-53.1351;-27.7085
4316436;Saldanha Marinho;RS;S;221.7;False;;-53.097;-28.3941
4316451;Salto do Jacuí;RS;S;509.1;False;;-53.2133;-29.0951
4316477;Salvador das Missões;RS;S;94.4;False;;-54.8373;-28.1233
4316501;Salvador do Sul;RS;S;100.0;False;;-51.5077;-29.4386
4316600;Sananduva;RS;S;508.0;False;;-51.8079;-27.947
4316709;Santa Bárbara do Sul;RS;S;975.6;False;;-53.251;-28.3653
4316733;Santa Cecília do Sul;RS;S;197.8;False;;-51.9279;-28.1609
4316758;Santa Clara do Sul;RS;S;86.7;False;;-52.0843;-29.4747
4316808;Santa Cruz do Sul;RS;S;735.6;False;;-52.4343;-29.722
4316907;Santa Maria;RS;S;1787.4;False;;-53.8149;-29.6868
4316956;Santa Maria do Herval;RS;S;140.2;False;;-50.9919;-29.4902
4316972;Santa Margarida do Sul;RS;S;957.0;False;;-54.0817;-30.3393
4317004;Santana da Boa Vista;RS;S;1425.0;False;;-53.11;-30.8697
4317103;Sant'Ana do Livramento;RS;S;6975.1;False;;-55.5392;-30.8773
4317202;Santa Rosa;RS;S;491.5;False;;-54.4796;-27.8702
4317251;Santa Tereza;RS;S;72.7;False;;-51.7351;-29.1655
4317301;Santa Vitória do Palmar;RS;S;5262.8;False;;-53.3717;-33.525
4317400;Santiago;RS;S;2422.5;False;;-54.8666;-29.1897
4317509;Santo Ângelo;RS;S;682.7;False;;-54.2668;-28.3001
4317558;Santo Antônio do Palma;RS;S;126.7;False;;-52.0267;-28.4956
4317608;Santo Antônio da Patrulha;RS;S;1050.0;False;;-50.5175;-29.8268
4317707;Santo Antônio das Missões;RS;S;1716.6;False;;-55.2251;-28.514
4317756;Santo Antônio do Planalto;RS;S;207.0;False;;-52.6992;-28.403
4317806;Santo Augusto;RS;S;471.7;False;;-53.7776;-27.8526
4317905;Santo Cristo;RS;S;369.1;False;;-54.662;-27.8263
4317954;Santo Expedito do Sul;RS;S;125.1;False;;-51.6434;-27.9074
4318002;São Borja;RS;S;3630.3;False;;-56.0036;-28.6578
4318051;São Domingos do Sul;RS;S;79.0;False;;-51.886;-28.5312
4318101;São Francisco de Assis;RS;S;2517.3;False;;-55.1253;-29.5547
4318200;São Francisco de Paula;RS;S;3284.5;False;;-50.5828;-29.4404
4318309;São Gabriel;RS;S;5039.2;False;;-54.3217;-30.3337
4318408;São Jerônimo;RS;S;940.4;False;;-51.7251;-29.9716
4318424;São João da Urtiga;RS;S;171.6;False;;-51.8257;-27.8195
4318432;São João do Polêsine;RS;S;89.1;False;;-53.4439;-29.6194
4318440;São Jorge;RS;S;118.4;False;;-51.7064;-28.4984
4318457;São José das Missões;RS;S;98.0;False;;-53.1226;-27.7789
4318465;São José do Herval;RS;S;103.2;False;;-52.295;-29.052
4318481;São José do Hortêncio;RS;S;64.1;False;;-51.245;-29.528
4318499;São José do Inhacorá;RS;S;77.8;False;;-54.1275;-27.7251
4318507;São José do Norte;RS;S;1124.8;False;;-52.0331;-32.0151
4318606;São José do Ouro;RS;S;337.1;False;;-51.5966;-27.7707
4318614;São José do Sul;RS;S;55.9;False;;-51.4821;-29.5448
4318622;São José dos Ausentes;RS;S;1181.2;False;;-50.0677;-28.7476
4318705;São Leopoldo;RS;S;103.2;False;;-51.1498;-29.7545
4318804;São Lourenço do Sul;RS;S;2046.0;False;;-51.9715;-31.3564
4318903;São Luiz Gonzaga;RS;S;1302.0;False;;-54.9559;-28.412
4319000;São Marcos;RS;S;257.0;False;;-51.0696;-28.9677
4319109;São Martinho;RS;S;171.6;False;;-53.9699;-27.7112
4319125;São Martinho da Serra;RS;S;671.5;False;;-53.859;-29.5397
4319158;São Miguel das Missões;RS;S;1234.5;False;;-54.5559;-28.556
4319208;São Nicolau;RS;S;487.1;False;;-55.2654;-28.1834
4319307;São Paulo das Missões;RS;S;224.8;False;;-54.9404;-28.0195
4319356;São Pedro da Serra;RS;S;35.7;False;;-51.5134;-29.4193
4319364;São Pedro das Missões;RS;S;83.4;False;;-53.2513;-27.7706
4319372;São Pedro do Butiá;RS;S;107.9;False;;-54.8926;-28.1243
4319406;São Pedro do Sul;RS;S;877.3;False;;-54.1855;-29.6202
4319505;São Sebastião do Caí;RS;S;112.1;False;;-51.3749;-29.5885
4319604;São Sepé;RS;S;2208.8;False;;-53.5603;-30.1643
4319703;São Valentim;RS;S;154.8;False;;-52.5237;-27.5583
4319711;São Valentim do Sul;RS;S;92.9;False;;-51.7684;-29.0451
4319737;São Valério do Sul;RS;S;108.6;False;;-53.9368;-27.7906
4319752;São Vendelino;RS;S;32.2;False;;-51.3675;-29.3729
4319802;São Vicente do Sul;RS;S;1181.1;False;;-54.6826;-29.6882
4319901;Sapiranga;RS;S;137.8;False;;-51.0064;-29.6349
4320008;Sapucaia do Sul;RS;S;58.6;False;;-51.145;-29.8276
4320107;Sarandi;RS;S;354.7;False;;-52.9231;-27.942
4320206;Seberi;RS;S;303.0;False;;-53.4026;-27.4829
4320230;Sede Nova;RS;S;119.6;False;;-53.9493;-27.6367
4320263;Segredo;RS;S;248.6;False;;-52.9767;-29.3523
4320305;Selbach;RS;S;177.3;False;;-52.9498;-28.6294
4320321;Senador Salgado Filho;RS;S;147.6;False;;-54.5507;-28.025
4320354;Sentinela do Sul;RS;S;283.7;False;;-51.5862;-30.6107
4320404;Serafina Corrêa;RS;S;164.8;False;;-51.9352;-28.7126
4320453;Sério;RS;S;100.3;False;;-52.2685;-29.3904
4320503;Sertão;RS;S;442.0;False;;-52.2588;-27.9798
4320552;Sertão Santana;RS;S;252.2;False;;-51.6017;-30.4562
4320578;Sete de Setembro;RS;S;130.3;False;;-54.4637;-28.1362
4320602;Severiano de Almeida;RS;S;167.9;False;;-52.1217;-27.4362
4320651;Silveira Martins;RS;S;119.2;False;;-53.591;-29.6467
4320677;Sinimbu;RS;S;513.0;False;;-52.5304;-29.5357
4320701;Sobradinho;RS;S;131.2;False;;-53.0326;-29.4194
4320800;Soledade;RS;S;1217.9;False;;-52.5131;-28.8306
4320859;Tabaí;RS;S;94.4;False;;-51.6823;-29.643
4320909;Tapejara;RS;S;242.0;False;;-52.0097;-28.0652
4321006;Tapera;RS;S;180.4;False;;-52.8613;-28.6277
4321105;Tapes;RS;S;809.6;False;;-51.3991;-30.6683
4321204;Taquara;RS;S;459.7;False;;-50.7753;-29.6505
4321303;Taquari;RS;S;351.5;False;;-51.8653;-29.7943
4321329;Taquaruçu do Sul;RS;S;77.3;False;;-53.4702;-27.4005
4321352;Tavares;RS;S;606.2;False;;-51.088;-31.2843
4321402;Tenente Portela;RS;S;339.6;False;;-53.7585;-27.3711
4321436;Terra de Areia;RS;S;148.5;False;;-50.0644;-29.5782
4321451;Teutônia;RS;S;180.3;False;;-51.8044;-29.4482
4321469;Tio Hugo;RS;S;115.2;False;;-52.5955;-28.5712
4321477;Tiradentes do Sul;RS;S;235.6;False;;-54.0814;-27.4022
4321493;Toropi;RS;S;203.5;False;;-54.2244;-29.4782
4321501;Torres;RS;S;162.4;False;;-49.7333;-29.3334
4321600;Tramandaí;RS;S;144.8;False;;-50.1322;-29.9841
4321626;Travesseiro;RS;S;81.0;False;;-52.0532;-29.2977
4321634;Três Arroios;RS;S;149.1;False;;-52.1448;-27.5003
4321667;Três Cachoeiras;RS;S;251.3;False;;-49.9275;-29.4487
4321709;Três Coroas;RS;S;186.6;False;;-50.7739;-29.5137
4321808;Três de Maio;RS;S;424.0;False;;-54.2357;-27.78
4321832;Três Forquilhas;RS;S;217.4;False;;-50.0708;-29.5384
4321857;Três Palmeiras;RS;S;190.1;False;;-52.8437;-27.6139
4321907;Três Passos;RS;S;269.0;False;;-53.9296;-27.4555
4321956;Trindade do Sul;RS;S;268.6;False;;-52.8956;-27.5239
4322004;Triunfo;RS;S;826.2;False;;-51.7075;-29.9291
4322103;Tucunduva;RS;S;181.6;False;;-54.4439;-27.6573
4322152;Tunas;RS;S;219.7;False;;-52.9538;-29.1039
4322186;Tupanci do Sul;RS;S;135.2;False;;-51.5383;-27.9241
4322202;Tupanciretã;RS;S;2262.1;False;;-53.8445;-29.0858
4322251;Tupandi;RS;S;60.1;False;;-51.4174;-29.4772
4322301;Tuparendi;RS;S;308.8;False;;-54.4814;-27.7598
4322327;Turuçu;RS;S;254.8;False;;-52.1706;-31.4173
4322343;Ubiretama;RS;S;127.3;False;;-54.686;-28.0404
4322350;União da Serra;RS;S;131.4;False;;-52.0238;-28.7833
4322376;Unistalda;RS;S;604.4;False;;-55.1517;-29.04
4322400;Uruguaiana;RS;S;5733.2;False;;-57.0853;-29.7614
4322509;Vacaria;RS;S;2132.1;False;;-50.9418;-28.5079
4322525;Vale Verde;RS;S;330.5;False;;-52.1857;-29.7864
4322533;Vale do Sol;RS;S;328.8;False;;-52.6839;-29.5967
4322541;Vale Real;RS;S;46.0;False;;-51.2559;-29.3919
4322558;Vanini;RS;S;65.1;False;;-51.8447;-28.4758
4322608;Venâncio Aires;RS;S;775.3;False;;-52.1932;-29.6143
4322707;Vera Cruz;RS;S;310.4;False;;-52.5152;-29.7184
4322806;Veranópolis;RS;S;290.1;False;;-51.5516;-28.9312
4322855;Vespasiano Corrêa;RS;S;113.7;False;;-51.8625;-29.0655
4322905;Viadutos;RS;S;268.6;False;;-52.0211;-27.5716
4323002;Viamão;RS;S;1501.7;False;;-51.0194;-30.0819
4323101;Vicente Dutra;RS;S;195.0;False;;-53.4022;-27.1607
4323200;Victor Graeff;RS;S;237.6;False;;-52.7495;-28.5632
4323309;Vila Flores;RS;S;108.4;False;;-51.5504;-28.8598
4323358;Vila Lângaro;RS;S;152.4;False;;-52.1438;-28.1062
4323408;Vila Maria;RS;S;182.1;False;;-52.1486;-28.5359
4323457;Vila Nova do Sul;RS;S;513.0;False;;-53.876;-30.3461
4323507;Vista Alegre;RS;S;78.6;False;;-53.4919;-27.3686
4323606;Vista Alegre do Prata;RS;S;120.7;False;;-51.7947;-28.8052
4323705;Vista Gaúcha;RS;S;89.2;False;;-53.6974;-27.2902
4323754;Vitória das Missões;RS;S;260.6;False;;-54.504;-28.3516
4323770;Westfália;RS;S;64.4;False;;-51.7645;-29.4263
4323804;Xangri-lá;RS;S;61.7;False;;-50.0519;-29.8065
5000203;Água Clara;MS;CO;11089.1;False;;-52.879;-20.4452
5000252;Alcinópolis;MS;CO;4421.5;False;;-53.7042;-18.3255
5000609;Amambai;MS;CO;4220.5;False;;-55.2253;-23.1058
5000708;Anastácio;MS;CO;2966.2;False;;-55.8104;-20.4823
5000807;Anaurilândia;MS;CO;3410.5;False;;-52.7191;-22.1852
5000856;Angélica;MS;CO;1280.4;False;;-53.7708;-22.1527
5000906;Antônio João;MS;CO;1149.6;False;;-55.9517;-22.1927
5001003;Aparecida do Taboado;MS;CO;2766.6;False;;-51.0961;-20.0873
5001102;Aquidauana;MS;CO;17049.8;False;;-55.7868;-20.4666
5001243;Aral Moreira;MS;CO;1664.3;False;;-55.6334;-22.9385
5001508;Bandeirantes;MS;CO;3132.5;False;;-54.3585;-19.9275
5001904;Bataguassu;MS;CO;2429.1;False;;-52.4221;-21.7159
5002001;Batayporã;MS;CO;1838.4;False;;-53.2705;-22.2944
5002100;Bela Vista;MS;CO;4922.1;False;;-56.5263;-22.1073
5002159;Bodoquena;MS;CO;2520.2;False;;-56.7127;-20.537
5002209;Bonito;MS;CO;4960.1;False;;-56.4836;-21.1261
5002308;Brasilândia;MS;CO;5835.9;False;;-52.0365;-21.2544
5002407;Caarapó;MS;CO;2099.6;False;;-54.8209;-22.6368
5002605;Camapuã;MS;CO;6267.6;False;;-54.0431;-19.5347
5002704;Campo Grande;MS;CO;8135.7;True;;-54.6295;-20.4486
5002803;Caracol;MS;CO;2952.4;False;;-57.0277;-22.011
5002902;Cassilândia;MS;CO;3669.5;False;;-51.7313;-19.1179
5002951;Chapadão do Sul;MS;CO;3868.3;False;;-52.6263;-18.788
5003108;Corguinho;MS;CO;2653.9;False;;-54.8281;-19.8243
5003157;Coronel Sapucaia;MS;CO;1033.4;False;;-55.5278;-23.2724
5003207;Corumbá;MS;CO;65305.6;False;;-57.651;-19.0077
5003256;Costa Rica;MS;CO;5401.5;False;;-53.1287;-18.5432
5003306;Coxim;MS;CO;6445.4;False;;-54.751;-18.5013
5003454;Deodápolis;MS;CO;835.0;False;;-54.1682;-22.2763
5003488;Dois Irmãos do Buriti;MS;CO;2354.8;False;;-55.2915;-20.6848
5003504;Douradina;MS;CO;282.9;False;;-54.6158;-22.0405
5003702;Dourados;MS;CO;4105.8;False;;-54.812;-22.2231
5003751;Eldorado;MS;CO;1022.3;False;;-54.2838;-23.7868
5003801;Fátima do Sul;MS;CO;316.5;False;;-54.5131;-22.3789
5003900;Figueirão;MS;CO;4907.2;False;;-53.638;-18.6782
5004007;Glória de Dourados;MS;CO;494.4;False;;-54.2335;-22.4136
5004106;Guia Lopes da Laguna;MS;CO;1216.6;False;;-56.1117;-21.4583
5004304;Iguatemi;MS;CO;2960.8;False;;-54.5637;-23.6736
5004403;Inocência;MS;CO;5808.2;False;;-51.9281;-19.7277
5004502;Itaporã;MS;CO;1329.7;False;;-54.7934;-22.08
5004601;Itaquiraí;MS;CO;2073.3;False;;-54.187;-23.4779
5004700;Ivinhema;MS;CO;2020.0;False;;-53.8184;-22.3046
5004809;Japorã;MS;CO;422.5;False;;-54.4059;-23.8903
5004908;Jaraguari;MS;CO;2928.0;False;;-54.3996;-20.1386
5005004;Jardim;MS;CO;2214.0;False;;-56.1489;-21.4799
5005103;Jateí;MS;CO;1934.9;False;;-54.3079;-22.4806
5005152;Juti;MS;CO;1594.1;False;;-54.6061;-22.8596
5005202;Ladário;MS;CO;343.0;False;;-57.5973;-19.0089
5005251;Laguna Carapã;MS;CO;1741.7;False;;-55.1502;-22.5448
5005400;Maracaju;MS;CO;5324.8;False;;-55.1678;-21.6105
5005608;Miranda;MS;CO;5508.4;False;;-56.3746;-20.2355
5005681;Mundo Novo;MS;CO;485.4;False;;-54.281;-23.9355
5005707;Naviraí;MS;CO;3208.0;False;;-54.1995;-23.0618
5005806;Nioaque;MS;CO;3943.2;False;;-55.8296;-21.1419
5006002;Nova Alvorada do Sul;MS;CO;4038.3;False;;-54.3825;-21.4657
5006200;Nova Andradina;MS;CO;4799.8;False;;-53.3437;-22.238
5006259;Novo Horizonte do Sul;MS;CO;854.4;False;;-53.8601;-22.6693
5006275;Paraíso das Águas;MS;CO;;False;;-53.0116;-19.0216
5006309;Paranaíba;MS;CO;5432.6;False;;-51.1909;-19.6746
5006358;Paranhos;MS;CO;1309.4;False;;-55.429;-23.8911
5006408;Pedro Gomes;MS;CO;3670.1;False;;-54.5507;-18.0996
5006606;Ponta Porã;MS;CO;5346.4;False;;-55.7203;-22.5296
5006903;Porto Murtinho;MS;CO;17819.0;False;;-57.8836;-21.6981
5007109;Ribas do Rio Pardo;MS;CO;17393.6;False;;-53.7588;-20.4445
5007208;Rio Brilhante;MS;CO;4005.4;False;;-54.5427;-21.8033
5007307;Rio Negro;MS;CO;1817.1;False;;-54.9859;-19.447
5007406;Rio Verde de Mato Grosso;MS;CO;8198.4;False;;-54.8434;-18.9249
5007505;Rochedo;MS;CO;1569.1;False;;-54.8848;-19.9565
5007554;Santa Rita do Pardo;MS;CO;6171.5;False;;-52.8333;-21.3016
5007695;São Gabriel do Oeste;MS;CO;3884.6;False;;-54.5507;-19.3889
5007703;Sete Quedas;MS;CO;830.8;False;;-55.0398;-23.9705
5007802;Selvíria;MS;CO;3274.1;False;;-51.4192;-20.3637
5007901;Sidrolândia;MS;CO;5315.0;False;;-54.9692;-20.9302
5007935;Sonora;MS;CO;4093.8;False;;-54.7551;-17.5698
5007950;Tacuru;MS;CO;1792.1;False;;-55.0141;-23.636
5007976;Taquarussu;MS;CO;1045.3;False;;-53.3519;-22.4898
5008008;Terenos;MS;CO;2856.9;False;;-54.8647;-20.4378
5008305;Três Lagoas;MS;CO;10259.1;False;;-51.7007;-20.7849
5008404;Vicentina;MS;CO;312.0;False;;-54.4415;-22.4098
5100102;Acorizal;MT;CO;846.2;False;;-56.3632;-15.194
5100201;Água Boa;MT;CO;7529.2;False;;-52.1601;-14.051
5100250;Alta Floresta;MT;CO;9035.8;False;;-56.0867;-9.86674
5100300;Alto Araguaia;MT;CO;5571.8;False;;-53.2181;-17.3153
5100359;Alto Boa Vista;MT;CO;2253.2;False;;-51.3883;-11.6732
5100409;Alto Garças;MT;CO;3678.5;False;;-53.5272;-16.9462
5100508;Alto Paraguai;MT;CO;2065.2;False;;-56.4776;-14.5137
5100607;Alto Taquari;MT;CO;1399.4;False;;-53.2792;-17.8241
5100805;Apiacás;MT;CO;20487.5;False;;-57.4587;-9.53981
5101001;Araguaiana;MT;CO;6455.7;False;;-51.8341;-15.7291
5101209;Araguainha;MT;CO;692.7;False;;-53.0318;-16.857
5101258;Araputanga;MT;CO;1612.9;False;;-58.3425;-15.4641
5101308;Arenápolis;MT;CO;416.4;False;;-56.8437;-14.4472
5101407;Aripuanã;MT;CO;25212.8;False;;-59.4568;-10.1723
5101605;Barão de Melgaço;MT;CO;11243.0;False;;-55.9623;-16.2067
5101704;Barra do Bugres;MT;CO;4891.3;False;;-57.1878;-15.0702
5101803;Barra do Garças;MT;CO;9196.8;False;;-52.264;-15.8804
5101837;Boa Esperança do Norte;MT;CO;;False;;-55.1486;-13.5067
5101852;Bom Jesus do Araguaia;MT;CO;4305.7;False;;-51.5032;-12.1706
5101902;Brasnorte;MT;CO;16059.8;False;;-57.9833;-12.1474
5102504;Cáceres;MT;CO;24485.2;False;;-57.6818;-16.0764
5102603;Campinápolis;MT;CO;6003.4;False;;-52.893;-14.5162
5102637;Campo Novo do Parecis;MT;CO;9502.6;False;;-57.8907;-13.6587
5102678;Campo Verde;MT;CO;4821.5;False;;-55.1626;-15.545
5102686;Campos de Júlio;MT;CO;6846.1;False;;-59.2858;-13.7242
5102694;Canabrava do Norte;MT;CO;3470.3;False;;-51.8209;-11.0556
5102702;Canarana;MT;CO;10901.3;False;;-52.2705;-13.5515
5102793;Carlinda;MT;CO;2431.5;False;;-55.8417;-9.94912
5102850;Castanheira;MT;CO;3975.3;False;;-58.6081;-11.1251
5103007;Chapada dos Guimarães;MT;CO;6284.5;False;;-55.7499;-15.4643
5103056;Cláudia;MT;CO;3888.7;False;;-54.8835;-11.5075
5103106;Cocalinho;MT;CO;16639.1;False;;-51.0001;-14.3903
5103205;Colíder;MT;CO;3057.4;False;;-55.461;-10.8135
5103254;Colniza;MT;CO;28134.5;False;;-59.2252;-9.46121
5103304;Comodoro;MT;CO;21889.6;False;;-59.7848;-13.6614
5103353;Confresa;MT;CO;5833.5;False;;-51.5699;-10.6437
5103361;Conquista D'Oeste;MT;CO;2712.5;False;;-59.5444;-14.5381
5103379;Cotriguaçu;MT;CO;9557.2;False;;-58.4192;-9.85656
5103403;Cuiabá;MT;CO;3515.3;True;;-56.0974;-15.601
5103437;Curvelândia;MT;CO;363.6;False;;-57.9133;-15.6084
5103452;Denise;MT;CO;1309.4;False;;-57.0583;-14.7324
5103502;Diamantino;MT;CO;8174.1;False;;-56.4366;-14.4037
5103601;Dom Aquino;MT;CO;2220.6;False;;-54.9223;-15.8099
5103700;Feliz Natal;MT;CO;11518.8;False;;-54.9227;-12.385
5103809;Figueirópolis D'Oeste;MT;CO;895.7;False;;-58.7391;-15.4439
5103858;Gaúcha do Norte;MT;CO;16999.3;False;;-53.0809;-13.2443
5103908;General Carneiro;MT;CO;3815.1;False;;-52.7574;-15.7094
5103957;Glória D'Oeste;MT;CO;852.5;False;;-58.3108;-15.768
5104104;Guarantã do Norte;MT;CO;4743.3;False;;-54.9121;-9.96218
5104203;Guiratinga;MT;CO;5390.1;False;;-53.7575;-16.346
5104500;Indiavaí;MT;CO;603.1;False;;-58.5802;-15.4921
5104526;Ipiranga do Norte;MT;CO;3468.2;False;;-56.1531;-12.2408
5104542;Itanhangá;MT;CO;2942.3;False;;-56.6463;-12.2259
5104559;Itaúba;MT;CO;4639.7;False;;-55.2766;-11.0614
5104609;Itiquira;MT;CO;8771.9;False;;-54.1422;-17.2147
5104807;Jaciara;MT;CO;1666.8;False;;-54.9733;-15.9548
5104906;Jangada;MT;CO;1027.4;False;;-56.4917;-15.235
5105002;Jauru;MT;CO;1319.4;False;;-58.8723;-15.3342
5105101;Juara;MT;CO;22763.8;False;;-57.5244;-11.2639
5105150;Juína;MT;CO;26411.8;False;;-58.7483;-11.3728
5105176;Juruena;MT;CO;2835.4;False;;-58.3592;-10.3178
5105200;Juscimeira;MT;CO;2217.3;False;;-54.8859;-16.0633
5105234;Lambari D'Oeste;MT;CO;1780.1;False;;-58.0046;-15.3188
5105259;Lucas do Rio Verde;MT;CO;3682.0;False;;-55.9042;-13.0588
5105309;Luciara;MT;CO;4172.3;False;;-50.6676;-11.2219
5105507;Vila Bela da Santíssima Trindade;MT;CO;13529.7;False;;-59.9504;-15.0068
5105580;Marcelândia;MT;CO;12371.8;False;;-54.4377;-11.0463
5105606;Matupá;MT;CO;5183.9;False;;-54.9467;-10.1821
5105622;Mirassol d'Oeste;MT;CO;1080.7;False;;-58.0951;-15.6759
5105903;Nobres;MT;CO;3785.9;False;;-56.3284;-14.7192
5106000;Nortelândia;MT;CO;1360.1;False;;-56.7945;-14.454
5106109;Nossa Senhora do Livramento;MT;CO;5225.2;False;;-56.3432;-15.772
5106158;Nova Bandeirantes;MT;CO;9595.2;False;;-57.8139;-9.84977
5106174;Nova Nazaré;MT;CO;4064.1;False;;-51.8002;-13.9486
5106182;Nova Lacerda;MT;CO;4749.4;False;;-59.6001;-14.4727
5106190;Nova Santa Helena;MT;CO;2361.3;False;;-55.1872;-10.8651
5106208;Nova Brasilândia;MT;CO;3287.5;False;;-54.9685;-14.9612
5106216;Nova Canaã do Norte;MT;CO;6009.3;False;;-55.953;-10.558
5106224;Nova Mutum;MT;CO;9597.8;False;;-56.0743;-13.8374
5106232;Nova Olímpia;MT;CO;1560.8;False;;-57.2886;-14.7889
5106240;Nova Ubiratã;MT;CO;12769.9;False;;-55.2556;-12.9834
5106257;Nova Xavantina;MT;CO;5557.4;False;;-52.3502;-14.6771
5106265;Novo Mundo;MT;CO;5838.7;False;;-55.2029;-9.95616
5106273;Novo Horizonte do Norte;MT;CO;913.5;False;;-57.3488;-11.4089
5106281;Novo São Joaquim;MT;CO;5051.4;False;;-53.0194;-14.9054
5106299;Paranaíta;MT;CO;4826.3;False;;-56.4786;-9.65835
5106307;Paranatinga;MT;CO;24326.1;False;;-54.0524;-14.4265
5106315;Novo Santo Antônio;MT;CO;4396.2;False;;-50.9686;-12.2875
5106372;Pedra Preta;MT;CO;4130.5;False;;-54.4722;-16.6245
5106422;Peixoto de Azevedo;MT;CO;14490.6;False;;-54.9794;-10.2262
5106455;Planalto da Serra;MT;CO;2466.9;False;;-54.7819;-14.6518
5106505;Poconé;MT;CO;17359.0;False;;-56.6261;-16.266
5106653;Pontal do Araguaia;MT;CO;2770.5;False;;-52.3273;-15.9274
5106703;Ponte Branca;MT;CO;691.6;False;;-52.8369;-16.7584
5106752;Pontes e Lacerda;MT;CO;8653.2;False;;-59.3435;-15.2219
5106778;Porto Alegre do Norte;MT;CO;4004.0;False;;-51.6357;-10.8761
5106802;Porto dos Gaúchos;MT;CO;7084.1;False;;-57.4132;-11.533
5106828;Porto Esperidião;MT;CO;5846.0;False;;-58.4619;-15.857
5106851;Porto Estrela;MT;CO;2077.3;False;;-57.2204;-15.3235
5107008;Poxoréu;MT;CO;6962.5;False;;-54.4208;-15.8299
5107040;Primavera do Leste;MT;CO;5504.9;False;;-54.2811;-15.544
5107065;Querência;MT;CO;17959.6;False;;-52.1821;-12.6093
5107107;São José dos Quatro Marcos;MT;CO;1288.2;False;;-58.1772;-15.6276
5107156;Reserva do Cabaçal;MT;CO;1346.8;False;;-58.4585;-15.0743
5107180;Ribeirão Cascalheira;MT;CO;11423.9;False;;-51.8244;-12.9367
5107198;Ribeirãozinho;MT;CO;626.6;False;;-52.6924;-16.4856
5107206;Rio Branco;MT;CO;531.3;False;;-58.1259;-15.2483
5107248;Santa Carmem;MT;CO;3859.5;False;;-55.2263;-11.9125
5107263;Santo Afonso;MT;CO;1177.5;False;;-57.0091;-14.4945
5107297;São José do Povo;MT;CO;446.2;False;;-54.2487;-16.4549
5107305;São José do Rio Claro;MT;CO;4585.8;False;;-56.7218;-13.4398
5107354;São José do Xingu;MT;CO;7510.3;False;;-52.7486;-10.7982
5107404;São Pedro da Cipa;MT;CO;345.8;False;;-54.9176;-16.0109
5107578;Rondolândia;MT;CO;12730.6;False;;-61.4697;-10.8376
5107602;Rondonópolis;MT;CO;4191.7;False;;-54.6372;-16.4673
5107701;Rosário Oeste;MT;CO;7532.5;False;;-56.4236;-14.8259
5107743;Santa Cruz do Xingu;MT;CO;5661.4;False;;-52.3953;-10.1532
5107750;Salto do Céu;MT;CO;1782.8;False;;-58.1317;-15.1303
5107768;Santa Rita do Trivelato;MT;CO;4783.8;False;;-55.2706;-13.8146
5107776;Santa Terezinha;MT;CO;6490.5;False;;-50.514;-10.4704
5107792;Santo Antônio do Leste;MT;CO;3618.4;False;;-53.6075;-14.805
5107800;Santo Antônio do Leverger;MT;CO;12328.1;False;;-56.0788;-15.8632
5107859;São Félix do Araguaia;MT;CO;16944.2;False;;-50.6706;-11.615
5107875;Sapezal;MT;CO;13675.0;False;;-58.7645;-12.9892
5107883;Serra Nova Dourada;MT;CO;1499.4;False;;-51.4025;-12.0896
5107909;Sinop;MT;CO;3958.6;False;;-55.5091;-11.8604
5107925;Sorriso;MT;CO;9402.2;False;;-55.7211;-12.5425
5107941;Tabaporã;MT;CO;8274.9;False;;-56.8312;-11.3007
5107958;Tangará da Serra;MT;CO;11370.3;False;;-57.4933;-14.6229
5108006;Tapurah;MT;CO;4514.3;False;;-56.5178;-12.695
5108055;Terra Nova do Norte;MT;CO;2566.9;False;;-55.231;-10.517
5108105;Tesouro;MT;CO;3967.1;False;;-53.559;-16.0809
5108204;Torixoréu;MT;CO;2411.0;False;;-52.5571;-16.2006
5108303;União do Sul;MT;CO;4611.5;False;;-54.3616;-11.5308
5108352;Vale de São Domingos;MT;CO;1918.2;False;;-59.0683;-15.286
5108402;Várzea Grande;MT;CO;943.9;False;;-56.1322;-15.6458
5108501;Vera;MT;CO;2969.4;False;;-55.3045;-12.3017
5108600;Vila Rica;MT;CO;7484.9;False;;-51.1186;-10.0137
5108808;Nova Guarita;MT;CO;1093.7;False;;-55.4061;-10.312
5108857;Nova Marilândia;MT;CO;1951.0;False;;-56.9696;-14.3568
5108907;Nova Maringá;MT;CO;11581.4;False;;-57.0908;-13.0136
5108956;Nova Monte Verde;MT;CO;5302.3;False;;-57.5261;-9.99998
5200050;Abadia de Goiás;GO;CO;148.1;False;;-49.4412;-16.7573
5200100;Abadiânia;GO;CO;1050.2;False;;-48.7057;-16.197
5200134;Acreúna;GO;CO;1575.8;False;;-50.3749;-17.396
5200159;Adelândia;GO;CO;116.6;False;;-50.1657;-16.4127
5200175;Água Fria de Goiás;GO;CO;2040.3;False;;-47.7823;-14.9778
5200209;Água Limpa;GO;CO;453.9;False;;-48.7603;-18.0771
5200258;Águas Lindas de Goiás;GO;CO;192.4;False;;-48.2816;-15.7617
5200308;Alexânia;GO;CO;851.7;False;;-48.5076;-16.0834
5200506;Aloândia;GO;CO;102.1;False;;-49.4769;-17.7292
5200555;Alto Horizonte;GO;CO;506.6;False;;-49.3378;-14.1978
5200605;Alto Paraíso de Goiás;GO;CO;2607.1;False;;-47.51;-14.1305
5200803;Alvorada do Norte;GO;CO;1267.7;False;;-46.491;-14.4797
5200829;Amaralina;GO;CO;1422.6;False;;-49.2962;-13.9236
5200852;Americano do Brasil;GO;CO;134.2;False;;-49.9831;-16.2514
5200902;Amorinópolis;GO;CO;410.5;False;;-51.0919;-16.6151
5201108;Anápolis;GO;CO;923.9;False;;-48.953;-16.3281
5201207;Anhanguera;GO;CO;56.4;False;;-48.2204;-18.3339
5201306;Anicuns;GO;CO;985.2;False;;-49.9617;-16.4642
5201405;Aparecida de Goiânia;GO;CO;288.9;False;;-49.2469;-16.8198
5201454;Aparecida do Rio Doce;GO;CO;605.2;False;;-51.1516;-18.2941
5201504;Aporé;GO;CO;2917.1;False;;-51.9232;-18.9607
5201603;Araçu;GO;CO;153.5;False;;-49.6804;-16.3563
5201702;Aragarças;GO;CO;716.1;False;;-52.2372;-15.8955
5201801;Aragoiânia;GO;CO;219.4;False;;-49.4476;-16.9087
5202155;Araguapaz;GO;CO;2207.1;False;;-50.6315;-15.0909
5202353;Arenópolis;GO;CO;1081.7;False;;-51.5563;-16.3837
5202502;Aruanã;GO;CO;3066.8;False;;-51.075;-14.9166
5202601;Aurilândia;GO;CO;566.3;False;;-50.4641;-16.6773
5202809;Avelinópolis;GO;CO;164.4;False;;-49.7579;-16.4672
5203104;Baliza;GO;CO;1794.5;False;;-52.5393;-16.1966
5203203;Barro Alto;GO;CO;1098.8;False;;-48.9086;-14.9658
5203302;Bela Vista de Goiás;GO;CO;1262.8;False;;-48.9513;-16.9693
5203401;Bom Jardim de Goiás;GO;CO;1859.9;False;;-52.1728;-16.2063
5203500;Bom Jesus de Goiás;GO;CO;1411.1;False;;-49.74;-18.2173
5203559;Bonfinópolis;GO;CO;123.8;False;;-48.9616;-16.6173
5203575;Bonópolis;GO;CO;1638.3;False;;-49.8106;-13.6329
5203609;Brazabrantes;GO;CO;123.5;False;;-49.3863;-16.4281
5203807;Britânia;GO;CO;1469.0;False;;-51.1602;-15.2428
5203906;Buriti Alegre;GO;CO;902.3;False;;-49.0404;-18.1378
5203939;Buriti de Goiás;GO;CO;199.6;False;;-50.4302;-16.1792
5203962;Buritinópolis;GO;CO;250.9;False;;-46.4076;-14.4772
5204003;Cabeceiras;GO;CO;1131.0;False;;-46.9265;-15.7995
5204102;Cachoeira Alta;GO;CO;1663.5;False;;-50.9432;-18.7618
5204201;Cachoeira de Goiás;GO;CO;419.0;False;;-50.646;-16.6635
5204250;Cachoeira Dourada;GO;CO;523.1;False;;-49.4766;-18.4859
5204300;Caçu;GO;CO;2263.8;False;;-51.1328;-18.5594
5204409;Caiapônia;GO;CO;8698.9;False;;-51.8091;-16.9539
5204508;Caldas Novas;GO;CO;1597.8;False;;-48.6246;-17.7441
5204557;Caldazinha;GO;CO;251.6;False;;-49.0013;-16.7117
5204607;Campestre de Goiás;GO;CO;274.8;False;;-49.695;-16.7624
5204656;Campinaçu;GO;CO;1986.2;False;;-48.5704;-13.787
5204706;Campinorte;GO;CO;1074.2;False;;-49.1511;-14.3137
5204805;Campo Alegre de Goiás;GO;CO;2476.6;False;;-47.7768;-17.6363
5204854;Campo Limpo de Goiás;GO;CO;157.3;False;;-49.0895;-16.2971
5204904;Campos Belos;GO;CO;729.0;False;;-46.7681;-13.035
5204953;Campos Verdes;GO;CO;443.6;False;;-49.6528;-14.2442
5205000;Carmo do Rio Verde;GO;CO;420.1;False;;-49.708;-15.3549
5205059;Castelândia;GO;CO;298.2;False;;-50.203;-18.0921
5205109;Catalão;GO;CO;3837.0;False;;-47.944;-18.1656
5205208;Caturaí;GO;CO;208.4;False;;-49.4936;-16.4447
5205307;Cavalcante;GO;CO;6995.3;False;;-47.4566;-13.7976
5205406;Ceres;GO;CO;215.4;False;;-49.6;-15.3061
5205455;Cezarina;GO;CO;417.9;False;;-49.7758;-16.9718
5205471;Chapadão do Céu;GO;CO;2197.7;False;;-52.549;-18.4073
5205497;Cidade Ocidental;GO;CO;391.4;False;;-47.9252;-16.0765
5205513;Cocalzinho de Goiás;GO;CO;1799.5;False;;-48.7747;-15.7914
5205521;Colinas do Sul;GO;CO;1718.9;False;;-48.076;-14.1528
5205703;Córrego do Ouro;GO;CO;465.5;False;;-50.5503;-16.2918
5205802;Corumbá de Goiás;GO;CO;1069.1;False;;-48.8117;-15.9245
5205901;Corumbaíba;GO;CO;1892.2;False;;-48.5626;-18.1415
5206206;Cristalina;GO;CO;6196.3;False;;-47.6131;-16.7676
5206305;Cristianópolis;GO;CO;227.4;False;;-48.7034;-17.1987
5206404;Crixás;GO;CO;4687.3;False;;-49.974;-14.5412
5206503;Cromínia;GO;CO;366.5;False;;-49.3798;-17.2883
5206602;Cumari;GO;CO;582.6;False;;-48.1511;-18.2644
5206701;Damianópolis;GO;CO;416.7;False;;-46.178;-14.5604
5206800;Damolândia;GO;CO;84.0;False;;-49.3631;-16.2544
5206909;Davinópolis;GO;CO;483.8;False;;-47.5568;-18.1501
5207105;Diorama;GO;CO;690.0;False;;-51.2543;-16.2329
5207253;Doverlândia;GO;CO;3225.7;False;;-52.3189;-16.7188
5207352;Edealina;GO;CO;608.5;False;;-49.6644;-17.4239
5207402;Edéia;GO;CO;1469.8;False;;-49.9295;-17.3406
5207501;Estrela do Norte;GO;CO;304.0;False;;-49.0716;-13.8665
5207535;Faina;GO;CO;1954.3;False;;-50.3622;-15.4473
5207600;Fazenda Nova;GO;CO;1288.2;False;;-50.7781;-16.1834
5207808;Firminópolis;GO;CO;427.8;False;;-50.304;-16.5778
5207907;Flores de Goiás;GO;CO;3731.7;False;;-47.0417;-14.4451
5208004;Formosa;GO;CO;5839.9;False;;-47.337;-15.54
5208103;Formoso;GO;CO;850.4;False;;-48.8775;-13.6499
5208152;Gameleira de Goiás;GO;CO;598.8;False;;-48.6454;-16.4854
5208301;Divinópolis de Goiás;GO;CO;835.1;False;;-46.3999;-13.2853
5208400;Goianápolis;GO;CO;163.4;False;;-49.0234;-16.5098
5208509;Goiandira;GO;CO;563.6;False;;-48.0875;-18.1352
5208608;Goianésia;GO;CO;1556.7;False;;-49.1162;-15.3118
5208707;Goiânia;GO;CO;742.6;True;;-49.2643;-16.6864
5208806;Goianira;GO;CO;201.1;False;;-49.427;-16.4947
5208905;Goiás;GO;CO;3127.0;False;;-50.14;-15.9333
5209101;Goiatuba;GO;CO;2488.6;False;;-49.3658;-18.0105
5209150;Gouvelândia;GO;CO;829.8;False;;-50.0805;-18.6238
5209200;Guapó;GO;CO;520.0;False;;-49.5345;-16.8297
5209291;Guaraíta;GO;CO;206.4;False;;-50.0265;-15.6121
5209408;Guarani de Goiás;GO;CO;1235.3;False;;-46.4868;-13.9421
5209457;Guarinos;GO;CO;600.0;False;;-49.7006;-14.7292
5209606;Heitoraí;GO;CO;230.4;False;;-49.8268;-15.719
5209705;Hidrolândia;GO;CO;949.5;False;;-49.2265;-16.9626
5209804;Hidrolina;GO;CO;583.2;False;;-49.4634;-14.7261
5209903;Iaciara;GO;CO;1636.6;False;;-46.6335;-14.1011
5209937;Inaciolândia;GO;CO;691.9;False;;-49.9888;-18.4869
5209952;Indiara;GO;CO;962.6;False;;-49.9862;-17.1387
5210000;Inhumas;GO;CO;617.3;False;;-49.5001;-16.3611
5210109;Ipameri;GO;CO;4389.5;False;;-48.1581;-17.7215
5210158;Ipiranga de Goiás;GO;CO;242.1;False;;-49.6695;-15.1689
5210208;Iporá;GO;CO;1032.1;False;;-51.118;-16.4398
5210307;Israelândia;GO;CO;580.8;False;;-50.9087;-16.3144
5210406;Itaberaí;GO;CO;1482.1;False;;-49.806;-16.0206
5210562;Itaguari;GO;CO;135.7;False;;-49.6071;-15.918
5210604;Itaguaru;GO;CO;241.3;False;;-49.6354;-15.7565
5210802;Itajá;GO;CO;2100.9;False;;-51.5495;-19.0673
5210901;Itapaci;GO;CO;960.4;False;;-49.5511;-14.9522
5211008;Itapirapuã;GO;CO;2054.1;False;;-50.6094;-15.8205
5211206;Itapuranga;GO;CO;1284.5;False;;-49.949;-15.5606
5211305;Itarumã;GO;CO;3451.1;False;;-51.3485;-18.7646
5211404;Itauçu;GO;CO;386.6;False;;-49.6109;-16.2029
5211503;Itumbiara;GO;CO;2476.8;False;;-49.2158;-18.4093
5211602;Ivolândia;GO;CO;1267.2;False;;-50.7921;-16.5995
5211701;Jandaia;GO;CO;867.6;False;;-50.1453;-17.0481
5211800;Jaraguá;GO;CO;1860.7;False;;-49.3344;-15.7529
5211909;Jataí;GO;CO;7212.5;False;;-51.7204;-17.8784
5212006;Jaupaci;GO;CO;531.7;False;;-50.9508;-16.1773
5212055;Jesúpolis;GO;CO;116.8;False;;-49.3739;-15.9484
5212105;Joviânia;GO;CO;456.2;False;;-49.6197;-17.802
5212204;Jussara;GO;CO;4115.6;False;;-50.8668;-15.8659
5212253;Lagoa Santa;GO;CO;460.5;False;;-51.3998;-19.1832
5212303;Leopoldo de Bulhões;GO;CO;498.7;False;;-48.7428;-16.619
5212501;Luziânia;GO;CO;3983.1;False;;-47.95;-16.253
5212600;Mairipotaba;GO;CO;469.0;False;;-49.4898;-17.2975
5212709;Mambaí;GO;CO;885.6;False;;-46.1165;-14.4823
5212808;Mara Rosa;GO;CO;1714.3;False;;-49.1777;-14.0148
5212907;Marzagão;GO;CO;229.1;False;;-48.6415;-17.983
5212956;Matrinchã;GO;CO;1157.2;False;;-50.7456;-15.4342
5213004;Maurilândia;GO;CO;396.6;False;;-50.3388;-17.9719
5213053;Mimoso de Goiás;GO;CO;1394.9;False;;-48.1611;-15.0515
5213087;Minaçu;GO;CO;2878.4;False;;-48.2206;-13.5304
5213103;Mineiros;GO;CO;9880.7;False;;-52.5537;-17.5654
5213400;Moiporá;GO;CO;462.7;False;;-50.739;-16.5434
5213509;Monte Alegre de Goiás;GO;CO;3137.7;False;;-46.8928;-13.2552
5213707;Montes Claros de Goiás;GO;CO;2915.9;False;;-51.3979;-16.0059
5213756;Montividiu;GO;CO;1886.9;False;;-51.1728;-17.4439
5213772;Montividiu do Norte;GO;CO;1340.4;False;;-48.6853;-13.3485
5213806;Morrinhos;GO;CO;2861.5;False;;-49.1059;-17.7334
5213855;Morro Agudo de Goiás;GO;CO;284.8;False;;-50.0553;-15.3184
5213905;Mossâmedes;GO;CO;687.3;False;;-50.2136;-16.124
5214002;Mozarlândia;GO;CO;1742.5;False;;-50.5713;-14.7457
5214051;Mundo Novo;GO;CO;2158.2;False;;-50.2814;-13.7729
5214101;Mutunópolis;GO;CO;873.3;False;;-49.2745;-13.7303
5214408;Nazário;GO;CO;275.3;False;;-49.8817;-16.5808
5214507;Nerópolis;GO;CO;205.0;False;;-49.2227;-16.4047
5214606;Niquelândia;GO;CO;9901.8;False;;-48.4599;-14.4662
5214705;Nova América;GO;CO;213.1;False;;-49.8953;-15.0206
5214804;Nova Aurora;GO;CO;305.1;False;;-48.2552;-18.0597
5214838;Nova Crixás;GO;CO;7342.0;False;;-50.33;-14.0957
5214861;Nova Glória;GO;CO;415.6;False;;-49.5737;-15.145
5214879;Nova Iguaçu de Goiás;GO;CO;631.5;False;;-49.3872;-14.2868
5214903;Nova Roma;GO;CO;2150.1;False;;-46.8734;-13.7388
5215009;Nova Veneza;GO;CO;125.0;False;;-49.3168;-16.3695
5215207;Novo Brasil;GO;CO;655.5;False;;-50.7113;-16.0313
5215231;Novo Gama;GO;CO;193.3;False;;-48.0417;-16.0592
5215256;Novo Planalto;GO;CO;1251.0;False;;-49.506;-13.2424
5215306;Orizona;GO;CO;1985.9;False;;-48.2964;-17.0334
5215405;Ouro Verde de Goiás;GO;CO;210.4;False;;-49.1942;-16.2181
5215504;Ouvidor;GO;CO;415.3;False;;-47.8355;-18.2277
5215603;Padre Bernardo;GO;CO;3156.7;False;;-48.2833;-15.1605
5215652;Palestina de Goiás;GO;CO;1328.3;False;;-51.5309;-16.7392
5215702;Palmeiras de Goiás;GO;CO;1548.9;False;;-49.924;-16.8044
5215801;Palmelo;GO;CO;57.8;False;;-48.426;-17.3258
5215900;Palminópolis;GO;CO;389.8;False;;-50.1652;-16.7924
5216007;Panamá;GO;CO;434.9;False;;-49.355;-18.1783
5216304;Paranaiguara;GO;CO;1158.7;False;;-50.6539;-18.9141
5216403;Paraúna;GO;CO;3805.0;False;;-50.4484;-16.9463
5216452;Perolândia;GO;CO;1036.3;False;;-52.065;-17.5258
5216809;Petrolina de Goiás;GO;CO;543.5;False;;-49.3364;-16.0968
5216908;Pilar de Goiás;GO;CO;914.7;False;;-49.5784;-14.7608
5217104;Piracanjuba;GO;CO;2419.5;False;;-49.017;-17.302
5217203;Piranhas;GO;CO;2058.7;False;;-51.8235;-16.4258
5217302;Pirenópolis;GO;CO;2208.4;False;;-48.9584;-15.8507
5217401;Pires do Rio;GO;CO;1080.3;False;;-48.2768;-17.3019
5217609;Planaltina;GO;CO;2553.5;False;;-47.6089;-15.452
5217708;Pontalina;GO;CO;1436.5;False;;-49.4489;-17.5225
5218003;Porangatu;GO;CO;4850.1;False;;-49.1503;-13.4391
5218052;Porteirão;GO;CO;605.8;False;;-50.1653;-17.8143
5218102;Portelândia;GO;CO;555.8;False;;-52.6799;-17.3554
5218300;Posse;GO;CO;1958.1;False;;-46.3704;-14.0859
5218391;Professor Jamil;GO;CO;348.2;False;;-49.244;-17.2497
5218508;Quirinópolis;GO;CO;3807.9;False;;-50.4547;-18.4472
5218607;Rialma;GO;CO;270.6;False;;-49.5814;-15.3145
5218706;Rianápolis;GO;CO;160.5;False;;-49.5114;-15.4456
5218789;Rio Quente;GO;CO;259.3;False;;-48.7725;-17.774
5218805;Rio Verde;GO;CO;8429.8;False;;-50.9192;-17.7923
5218904;Rubiataba;GO;CO;753.3;False;;-49.8048;-15.1617
5219001;Sanclerlândia;GO;CO;499.8;False;;-50.3124;-16.197
5219100;Santa Bárbara de Goiás;GO;CO;140.0;False;;-49.6954;-16.5714
5219209;Santa Cruz de Goiás;GO;CO;1115.2;False;;-48.4809;-17.3155
5219258;Santa Fé de Goiás;GO;CO;1166.1;False;;-51.1037;-15.7664
5219308;Santa Helena de Goiás;GO;CO;1137.0;False;;-50.5977;-17.8115
5219357;Santa Isabel;GO;CO;811.8;False;;-49.4259;-15.2958
5219407;Santa Rita do Araguaia;GO;CO;1371.6;False;;-53.2012;-17.3269
5219456;Santa Rita do Novo Destino;GO;CO;963.5;False;;-49.1203;-15.1351
5219506;Santa Rosa de Goiás;GO;CO;171.1;False;;-49.4953;-16.084
5219605;Santa Tereza de Goiás;GO;CO;799.4;False;;-49.0144;-13.7138
5219704;Santa Terezinha de Goiás;GO;CO;1208.7;False;;-49.7091;-14.4326
5219712;Santo Antônio da Barra;GO;CO;454.4;False;;-50.6345;-17.5585
5219738;Santo Antônio de Goiás;GO;CO;133.4;False;;-49.3096;-16.4815
5219753;Santo Antônio do Descoberto;GO;CO;942.6;False;;-48.2578;-15.9412
5219803;São Domingos;GO;CO;3312.9;False;;-46.7415;-13.621
5219902;São Francisco de Goiás;GO;CO;417.4;False;;-49.2605;-15.9256
5220009;São João d'Aliança;GO;CO;3347.4;False;;-47.5228;-14.7048
5220058;São João da Paraúna;GO;CO;289.0;False;;-50.4092;-16.8126
5220108;São Luís de Montes Belos;GO;CO;830.4;False;;-50.3726;-16.5211
5220157;São Luiz do Norte;GO;CO;589.4;False;;-49.3285;-14.8608
5220207;São Miguel do Araguaia;GO;CO;6182.1;False;;-50.1634;-13.2731
5220264;São Miguel do Passa Quatro;GO;CO;539.6;False;;-48.662;-17.0582
5220280;São Patrício;GO;CO;173.5;False;;-49.818;-15.35
5220405;São Simão;GO;CO;415.1;False;;-50.547;-18.996
5220454;Senador Canedo;GO;CO;247.8;False;;-49.0914;-16.7084
5220504;Serranópolis;GO;CO;5559.9;False;;-51.9586;-18.3067
5220603;Silvânia;GO;CO;2358.7;False;;-48.6083;-16.66
5220686;Simolândia;GO;CO;349.6;False;;-46.4847;-14.4644
5220702;Sítio d'Abadia;GO;CO;1312.2;False;;-46.2506;-14.7992
5221007;Taquaral de Goiás;GO;CO;203.0;False;;-49.6039;-16.0521
5221080;Teresina de Goiás;GO;CO;780.0;False;;-47.2659;-13.7801
5221197;Terezópolis de Goiás;GO;CO;108.0;False;;-49.0797;-16.3945
5221304;Três Ranchos;GO;CO;284.5;False;;-47.776;-18.3539
5221403;Trindade;GO;CO;718.4;False;;-49.4927;-16.6517
5221452;Trombas;GO;CO;802.9;False;;-48.7417;-13.5079
5221502;Turvânia;GO;CO;482.7;False;;-50.1369;-16.6125
5221551;Turvelândia;GO;CO;940.7;False;;-50.3024;-17.8502
5221577;Uirapuru;GO;CO;1162.0;False;;-49.9201;-14.2835
5221601;Uruaçu;GO;CO;2151.3;False;;-49.1396;-14.5238
5221700;Uruana;GO;CO;526.0;False;;-49.6861;-15.4993
5221809;Urutaí;GO;CO;630.4;False;;-48.2015;-17.4651
5221858;Valparaíso de Goiás;GO;CO;60.3;False;;-47.9757;-16.0651
5221908;Varjão;GO;CO;521.6;False;;-49.6312;-17.0471
5222005;Vianópolis;GO;CO;958.9;False;;-48.5159;-16.7405
5222054;Vicentinópolis;GO;CO;742.6;False;;-49.8047;-17.7322
5222203;Vila Boa;GO;CO;1067.8;False;;-47.052;-15.0387
5222302;Vila Propício;GO;CO;2193.2;False;;-48.8819;-15.4542
5300108;Brasília;DF;CO;5835.2;True;;-47.9297;-15.7795
